{
"type": "FeatureCollection",
"name": "U_video_cut_lines",
"crs": { "type": "name", "properties": { "name": "urn:ogc:def:crs:OGC:1.3:CRS84" } },
"features": [
{ "type": "Feature", "properties": { "Vehicle_ID": 1, "Vehicle_Class": 0, "Num_Points": 150, "Start_Time": "2022-10-07 17:52:13.500", "End_Time": "2022-10-07 17:52:18.471", "Start_Frame": 0, "End_Frame": 149, "Mean_Speed": 27.5, "Max_Speed": 29.8, "Vehicle_Length": 5.19, "Vehicle_Width": 2.21 }, "geometry": { "type": "LineString", "coordinates": [ [ 126.6635021, 37.3893296 ], [ 126.6635008, 37.3893283 ], [ 126.6634994, 37.3893269 ], [ 126.6634977, 37.3893253 ], [ 126.6634962, 37.3893238 ], [ 126.6634947, 37.3893223 ], [ 126.6634932, 37.3893207 ], [ 126.6634917, 37.3893191 ], [ 126.6634901, 37.3893175 ], [ 126.6634887, 37.3893159 ], [ 126.6634871, 37.3893143 ], [ 126.6634855, 37.3893127 ], [ 126.663484, 37.3893111 ], [ 126.6634825, 37.3893095 ], [ 126.663481, 37.3893079 ], [ 126.6634794, 37.3893063 ], [ 126.6634779, 37.3893047 ], [ 126.6634763, 37.3893029 ], [ 126.6634748, 37.3893013 ], [ 126.6634732, 37.3892996 ], [ 126.6634715, 37.3892978 ], [ 126.6634699, 37.3892959 ], [ 126.6634682, 37.3892942 ], [ 126.6634666, 37.3892925 ], [ 126.6634649, 37.3892908 ], [ 126.6634632, 37.3892891 ], [ 126.6634616, 37.3892874 ], [ 126.6634599, 37.3892858 ], [ 126.6634583, 37.3892842 ], [ 126.6634566, 37.3892825 ], [ 126.663455, 37.389281 ], [ 126.6634533, 37.3892793 ], [ 126.6634516, 37.3892776 ], [ 126.6634499, 37.3892758 ], [ 126.6634481, 37.389274 ], [ 126.6634463, 37.3892722 ], [ 126.6634446, 37.3892704 ], [ 126.663443, 37.3892687 ], [ 126.6634411, 37.3892669 ], [ 126.6634393, 37.389265 ], [ 126.6634377, 37.3892635 ], [ 126.6634364, 37.3892617 ], [ 126.6634341, 37.3892594 ], [ 126.663433, 37.3892578 ], [ 126.6634313, 37.389256 ], [ 126.6634295, 37.3892542 ], [ 126.6634277, 37.3892524 ], [ 126.6634259, 37.3892505 ], [ 126.663424, 37.3892487 ], [ 126.6634222, 37.3892463 ], [ 126.6634201, 37.3892446 ], [ 126.6634186, 37.3892429 ], [ 126.6634174, 37.3892411 ], [ 126.6634153, 37.389239 ], [ 126.6634134, 37.389237 ], [ 126.6634118, 37.3892354 ], [ 126.6634093, 37.3892332 ], [ 126.6634078, 37.3892314 ], [ 126.6634059, 37.3892294 ], [ 126.663404, 37.389227 ], [ 126.6634016, 37.3892251 ], [ 126.6634002, 37.3892236 ], [ 126.663398, 37.3892217 ], [ 126.6633965, 37.38922 ], [ 126.6633947, 37.389218 ], [ 126.6633926, 37.3892155 ], [ 126.6633909, 37.3892141 ], [ 126.6633891, 37.3892123 ], [ 126.663387, 37.38921 ], [ 126.6633851, 37.389208 ], [ 126.6633832, 37.389206 ], [ 126.6633809, 37.3892037 ], [ 126.6633786, 37.3892014 ], [ 126.6633763, 37.3891992 ], [ 126.6633743, 37.3891971 ], [ 126.6633724, 37.3891951 ], [ 126.6633707, 37.3891932 ], [ 126.6633692, 37.3891914 ], [ 126.6633671, 37.3891894 ], [ 126.6633653, 37.3891874 ], [ 126.6633634, 37.3891854 ], [ 126.6633617, 37.3891836 ], [ 126.6633598, 37.3891816 ], [ 126.663358, 37.3891796 ], [ 126.6633561, 37.3891778 ], [ 126.6633542, 37.3891759 ], [ 126.6633523, 37.389174 ], [ 126.6633504, 37.3891722 ], [ 126.6633486, 37.3891704 ], [ 126.6633469, 37.3891687 ], [ 126.6633449, 37.3891667 ], [ 126.6633429, 37.3891645 ], [ 126.6633408, 37.3891624 ], [ 126.6633388, 37.3891601 ], [ 126.6633369, 37.3891581 ], [ 126.6633349, 37.3891559 ], [ 126.6633331, 37.389154 ], [ 126.663331, 37.389152 ], [ 126.663329, 37.3891499 ], [ 126.663327, 37.3891479 ], [ 126.6633252, 37.3891461 ], [ 126.6633233, 37.3891442 ], [ 126.6633215, 37.3891422 ], [ 126.6633197, 37.3891403 ], [ 126.6633178, 37.3891383 ], [ 126.663316, 37.3891365 ], [ 126.6633144, 37.3891346 ], [ 126.6633125, 37.3891327 ], [ 126.6633107, 37.3891308 ], [ 126.6633091, 37.3891292 ], [ 126.6633072, 37.3891271 ], [ 126.6633056, 37.3891252 ], [ 126.6633037, 37.3891233 ], [ 126.6633019, 37.3891215 ], [ 126.6633003, 37.3891198 ], [ 126.6632984, 37.3891179 ], [ 126.6632965, 37.389116 ], [ 126.6632948, 37.3891142 ], [ 126.6632931, 37.3891125 ], [ 126.6632912, 37.3891107 ], [ 126.6632896, 37.389109 ], [ 126.663288, 37.3891073 ], [ 126.6632863, 37.3891055 ], [ 126.6632845, 37.3891037 ], [ 126.6632829, 37.389102 ], [ 126.6632812, 37.3891003 ], [ 126.6632796, 37.3890986 ], [ 126.6632779, 37.3890967 ], [ 126.6632761, 37.3890949 ], [ 126.6632744, 37.3890932 ], [ 126.6632727, 37.3890914 ], [ 126.6632712, 37.3890897 ], [ 126.6632695, 37.389088 ], [ 126.6632678, 37.3890862 ], [ 126.663266, 37.3890843 ], [ 126.6632643, 37.3890826 ], [ 126.6632627, 37.389081 ], [ 126.663261, 37.3890792 ], [ 126.6632594, 37.3890775 ], [ 126.6632576, 37.3890758 ], [ 126.6632561, 37.3890743 ], [ 126.6632543, 37.3890723 ], [ 126.6632526, 37.3890705 ], [ 126.6632508, 37.3890687 ], [ 126.6632492, 37.389067 ], [ 126.6632475, 37.3890653 ], [ 126.6632458, 37.3890635 ], [ 126.6632442, 37.3890618 ], [ 126.6632424, 37.3890599 ], [ 126.6632408, 37.3890583 ] ] } },
{ "type": "Feature", "properties": { "Vehicle_ID": 2, "Vehicle_Class": 0, "Num_Points": 150, "Start_Time": "2022-10-07 17:52:13.500", "End_Time": "2022-10-07 17:52:18.471", "Start_Frame": 0, "End_Frame": 149, "Mean_Speed": 35.0, "Max_Speed": 36.3, "Vehicle_Length": 4.97, "Vehicle_Width": 2.16 }, "geometry": { "type": "LineString", "coordinates": [ [ 126.6630109, 37.3888285 ], [ 126.6630093, 37.3888268 ], [ 126.6630075, 37.3888251 ], [ 126.6630053, 37.388823 ], [ 126.6630033, 37.3888209 ], [ 126.6630013, 37.388819 ], [ 126.6629993, 37.3888168 ], [ 126.6629973, 37.3888149 ], [ 126.6629952, 37.3888128 ], [ 126.6629933, 37.3888106 ], [ 126.6629911, 37.3888085 ], [ 126.662989, 37.3888065 ], [ 126.6629871, 37.3888045 ], [ 126.6629851, 37.3888025 ], [ 126.6629829, 37.3888004 ], [ 126.6629809, 37.3887983 ], [ 126.6629788, 37.3887963 ], [ 126.6629766, 37.388794 ], [ 126.6629747, 37.388792 ], [ 126.6629725, 37.3887899 ], [ 126.6629703, 37.3887877 ], [ 126.6629683, 37.3887855 ], [ 126.6629662, 37.3887835 ], [ 126.6629641, 37.3887812 ], [ 126.662962, 37.3887792 ], [ 126.6629599, 37.388777 ], [ 126.6629577, 37.3887748 ], [ 126.6629554, 37.3887725 ], [ 126.6629531, 37.3887702 ], [ 126.6629511, 37.3887681 ], [ 126.662949, 37.388766 ], [ 126.6629468, 37.3887637 ], [ 126.6629444, 37.3887614 ], [ 126.662942, 37.388759 ], [ 126.6629396, 37.3887566 ], [ 126.6629375, 37.3887544 ], [ 126.6629355, 37.3887523 ], [ 126.6629332, 37.3887501 ], [ 126.6629309, 37.3887476 ], [ 126.6629284, 37.388745 ], [ 126.662926, 37.3887427 ], [ 126.6629242, 37.3887403 ], [ 126.6629219, 37.388738 ], [ 126.6629201, 37.388736 ], [ 126.6629177, 37.3887337 ], [ 126.6629155, 37.3887315 ], [ 126.662913, 37.3887293 ], [ 126.6629107, 37.3887268 ], [ 126.6629082, 37.3887244 ], [ 126.662906, 37.3887219 ], [ 126.6629035, 37.3887196 ], [ 126.6629014, 37.3887176 ], [ 126.6628993, 37.3887154 ], [ 126.662897, 37.3887131 ], [ 126.6628947, 37.3887108 ], [ 126.6628924, 37.3887084 ], [ 126.6628896, 37.388706 ], [ 126.6628876, 37.3887038 ], [ 126.6628857, 37.3887014 ], [ 126.6628832, 37.3886988 ], [ 126.6628807, 37.3886965 ], [ 126.6628785, 37.388694 ], [ 126.662876, 37.3886918 ], [ 126.6628738, 37.3886894 ], [ 126.6628716, 37.3886872 ], [ 126.6628691, 37.3886846 ], [ 126.6628668, 37.3886822 ], [ 126.6628645, 37.38868 ], [ 126.6628622, 37.3886775 ], [ 126.6628598, 37.3886751 ], [ 126.6628576, 37.3886728 ], [ 126.6628552, 37.3886703 ], [ 126.6628527, 37.3886678 ], [ 126.6628504, 37.3886654 ], [ 126.6628481, 37.3886631 ], [ 126.6628457, 37.3886607 ], [ 126.6628434, 37.3886582 ], [ 126.6628411, 37.3886558 ], [ 126.6628386, 37.3886534 ], [ 126.6628363, 37.3886511 ], [ 126.6628338, 37.3886487 ], [ 126.6628315, 37.3886463 ], [ 126.6628292, 37.3886438 ], [ 126.6628268, 37.3886415 ], [ 126.6628244, 37.3886391 ], [ 126.6628221, 37.3886367 ], [ 126.6628198, 37.3886343 ], [ 126.6628174, 37.3886319 ], [ 126.662815, 37.3886294 ], [ 126.6628126, 37.3886271 ], [ 126.6628103, 37.3886247 ], [ 126.6628079, 37.3886223 ], [ 126.6628055, 37.3886198 ], [ 126.6628032, 37.3886175 ], [ 126.6628009, 37.3886151 ], [ 126.6627986, 37.3886127 ], [ 126.6627962, 37.3886105 ], [ 126.6627938, 37.388608 ], [ 126.6627914, 37.3886057 ], [ 126.6627889, 37.3886033 ], [ 126.6627866, 37.388601 ], [ 126.6627844, 37.3885987 ], [ 126.6627821, 37.3885964 ], [ 126.6627797, 37.3885939 ], [ 126.6627771, 37.3885914 ], [ 126.6627749, 37.3885892 ], [ 126.6627726, 37.3885869 ], [ 126.6627704, 37.3885846 ], [ 126.6627679, 37.3885823 ], [ 126.6627657, 37.38858 ], [ 126.6627634, 37.3885776 ], [ 126.6627612, 37.3885752 ], [ 126.6627589, 37.3885729 ], [ 126.6627566, 37.3885706 ], [ 126.6627543, 37.3885684 ], [ 126.6627522, 37.3885662 ], [ 126.6627497, 37.3885637 ], [ 126.6627474, 37.3885612 ], [ 126.6627452, 37.3885588 ], [ 126.6627426, 37.3885564 ], [ 126.6627403, 37.3885539 ], [ 126.6627381, 37.3885517 ], [ 126.6627358, 37.3885495 ], [ 126.6627336, 37.3885473 ], [ 126.6627314, 37.3885451 ], [ 126.6627291, 37.3885426 ], [ 126.6627269, 37.3885404 ], [ 126.6627245, 37.388538 ], [ 126.6627221, 37.3885355 ], [ 126.6627198, 37.388533 ], [ 126.6627178, 37.388531 ], [ 126.6627157, 37.3885289 ], [ 126.6627131, 37.3885263 ], [ 126.6627105, 37.3885238 ], [ 126.6627078, 37.3885213 ], [ 126.6627051, 37.3885185 ], [ 126.6627026, 37.3885158 ], [ 126.6627008, 37.3885139 ], [ 126.6626989, 37.3885119 ], [ 126.6626971, 37.3885101 ], [ 126.662695, 37.388508 ], [ 126.6626924, 37.3885052 ], [ 126.6626898, 37.3885025 ], [ 126.6626872, 37.3884996 ], [ 126.6626849, 37.388497 ], [ 126.6626827, 37.3884947 ], [ 126.6626808, 37.3884928 ], [ 126.6626788, 37.3884907 ], [ 126.6626765, 37.3884882 ], [ 126.662674, 37.3884855 ] ] } },
{ "type": "Feature", "properties": { "Vehicle_ID": 3, "Vehicle_Class": 0, "Num_Points": 150, "Start_Time": "2022-10-07 17:52:13.500", "End_Time": "2022-10-07 17:52:18.471", "Start_Frame": 0, "End_Frame": 149, "Mean_Speed": 12.8, "Max_Speed": 15.5, "Vehicle_Length": 5.18, "Vehicle_Width": 2.28 }, "geometry": { "type": "LineString", "coordinates": [ [ 126.6632438, 37.3885428 ], [ 126.6632445, 37.3885437 ], [ 126.6632453, 37.3885447 ], [ 126.6632463, 37.3885459 ], [ 126.6632473, 37.388547 ], [ 126.6632484, 37.3885481 ], [ 126.6632494, 37.3885492 ], [ 126.6632503, 37.3885503 ], [ 126.6632513, 37.3885513 ], [ 126.6632525, 37.3885523 ], [ 126.6632533, 37.3885535 ], [ 126.6632543, 37.3885545 ], [ 126.6632554, 37.3885557 ], [ 126.6632564, 37.3885568 ], [ 126.6632573, 37.3885577 ], [ 126.6632583, 37.3885588 ], [ 126.6632593, 37.3885598 ], [ 126.6632601, 37.3885606 ], [ 126.6632612, 37.3885616 ], [ 126.6632621, 37.3885626 ], [ 126.6632631, 37.3885636 ], [ 126.663264, 37.3885646 ], [ 126.6632651, 37.3885656 ], [ 126.663266, 37.3885666 ], [ 126.663267, 37.3885676 ], [ 126.6632679, 37.3885687 ], [ 126.6632688, 37.3885696 ], [ 126.6632697, 37.3885706 ], [ 126.6632706, 37.3885717 ], [ 126.6632715, 37.3885726 ], [ 126.6632726, 37.3885737 ], [ 126.6632733, 37.3885745 ], [ 126.6632742, 37.3885754 ], [ 126.6632751, 37.3885764 ], [ 126.663276, 37.3885774 ], [ 126.6632769, 37.3885784 ], [ 126.6632778, 37.3885794 ], [ 126.6632788, 37.3885805 ], [ 126.6632796, 37.3885813 ], [ 126.6632804, 37.3885823 ], [ 126.6632813, 37.3885834 ], [ 126.6632825, 37.3885841 ], [ 126.6632835, 37.3885847 ], [ 126.6632849, 37.388586 ], [ 126.6632858, 37.388587 ], [ 126.6632867, 37.3885879 ], [ 126.6632875, 37.3885889 ], [ 126.6632885, 37.3885897 ], [ 126.6632891, 37.3885906 ], [ 126.6632901, 37.3885914 ], [ 126.6632912, 37.3885925 ], [ 126.6632919, 37.3885936 ], [ 126.6632929, 37.3885942 ], [ 126.6632936, 37.3885952 ], [ 126.6632945, 37.3885962 ], [ 126.6632956, 37.3885972 ], [ 126.6632958, 37.388598 ], [ 126.663297, 37.3885988 ], [ 126.6632979, 37.3885997 ], [ 126.6632987, 37.3886004 ], [ 126.6632991, 37.3886012 ], [ 126.6633002, 37.3886024 ], [ 126.6633008, 37.3886034 ], [ 126.6633018, 37.3886043 ], [ 126.6633029, 37.388605 ], [ 126.6633033, 37.3886057 ], [ 126.6633043, 37.3886067 ], [ 126.6633053, 37.3886077 ], [ 126.663306, 37.3886085 ], [ 126.6633067, 37.3886094 ], [ 126.6633075, 37.3886102 ], [ 126.6633083, 37.388611 ], [ 126.6633089, 37.3886118 ], [ 126.6633097, 37.3886125 ], [ 126.6633105, 37.3886133 ], [ 126.6633113, 37.3886141 ], [ 126.6633122, 37.388615 ], [ 126.663313, 37.3886158 ], [ 126.6633137, 37.3886166 ], [ 126.6633147, 37.3886175 ], [ 126.6633153, 37.3886183 ], [ 126.6633162, 37.3886191 ], [ 126.6633171, 37.3886199 ], [ 126.6633179, 37.3886208 ], [ 126.6633186, 37.3886216 ], [ 126.6633194, 37.3886224 ], [ 126.6633201, 37.3886232 ], [ 126.6633208, 37.388624 ], [ 126.6633214, 37.3886248 ], [ 126.6633222, 37.3886256 ], [ 126.6633231, 37.3886264 ], [ 126.6633238, 37.3886273 ], [ 126.6633245, 37.388628 ], [ 126.6633254, 37.388629 ], [ 126.663326, 37.3886296 ], [ 126.6633267, 37.3886304 ], [ 126.6633273, 37.3886311 ], [ 126.6633281, 37.3886318 ], [ 126.6633289, 37.3886326 ], [ 126.6633296, 37.3886335 ], [ 126.6633304, 37.3886344 ], [ 126.663331, 37.3886351 ], [ 126.6633318, 37.3886359 ], [ 126.6633324, 37.3886365 ], [ 126.663333, 37.3886371 ], [ 126.663334, 37.388638 ], [ 126.6633348, 37.3886388 ], [ 126.6633355, 37.3886396 ], [ 126.663336, 37.3886404 ], [ 126.6633369, 37.3886412 ], [ 126.6633375, 37.3886419 ], [ 126.6633383, 37.3886427 ], [ 126.663339, 37.3886435 ], [ 126.6633398, 37.3886443 ], [ 126.6633409, 37.3886451 ], [ 126.6633414, 37.3886458 ], [ 126.663342, 37.3886465 ], [ 126.6633426, 37.3886473 ], [ 126.6633434, 37.388648 ], [ 126.6633441, 37.3886489 ], [ 126.6633449, 37.3886496 ], [ 126.6633457, 37.3886504 ], [ 126.6633462, 37.388651 ], [ 126.6633469, 37.3886517 ], [ 126.6633476, 37.3886525 ], [ 126.6633482, 37.3886532 ], [ 126.6633491, 37.3886541 ], [ 126.6633497, 37.3886548 ], [ 126.6633504, 37.3886555 ], [ 126.663351, 37.3886563 ], [ 126.6633517, 37.3886569 ], [ 126.6633524, 37.3886575 ], [ 126.6633531, 37.3886582 ], [ 126.6633537, 37.388659 ], [ 126.6633543, 37.3886597 ], [ 126.6633549, 37.3886604 ], [ 126.6633555, 37.388661 ], [ 126.6633561, 37.3886617 ], [ 126.6633567, 37.3886624 ], [ 126.6633573, 37.3886631 ], [ 126.6633581, 37.3886638 ], [ 126.6633587, 37.3886643 ], [ 126.6633593, 37.3886649 ], [ 126.6633599, 37.3886656 ], [ 126.6633605, 37.3886664 ], [ 126.6633611, 37.3886671 ], [ 126.6633619, 37.3886678 ], [ 126.6633625, 37.3886685 ], [ 126.6633631, 37.3886691 ], [ 126.6633638, 37.3886697 ] ] } },
{ "type": "Feature", "properties": { "Vehicle_ID": 4, "Vehicle_Class": 0, "Num_Points": 150, "Start_Time": "2022-10-07 17:52:13.500", "End_Time": "2022-10-07 17:52:18.471", "Start_Frame": 0, "End_Frame": 149, "Mean_Speed": 12.6, "Max_Speed": 16.1, "Vehicle_Length": 4.95, "Vehicle_Width": 2.24 }, "geometry": { "type": "LineString", "coordinates": [ [ 126.6634448, 37.3887894 ], [ 126.6634456, 37.3887902 ], [ 126.6634463, 37.3887909 ], [ 126.6634473, 37.3887917 ], [ 126.6634482, 37.3887925 ], [ 126.6634492, 37.3887932 ], [ 126.6634501, 37.388794 ], [ 126.663451, 37.3887948 ], [ 126.6634518, 37.3887956 ], [ 126.6634528, 37.3887962 ], [ 126.6634536, 37.3887969 ], [ 126.6634545, 37.3887976 ], [ 126.6634554, 37.3887982 ], [ 126.6634563, 37.3887989 ], [ 126.6634572, 37.3887995 ], [ 126.663458, 37.3888002 ], [ 126.663459, 37.388801 ], [ 126.6634599, 37.3888017 ], [ 126.6634609, 37.3888025 ], [ 126.6634617, 37.3888031 ], [ 126.6634626, 37.3888037 ], [ 126.6634634, 37.3888043 ], [ 126.6634643, 37.3888049 ], [ 126.6634651, 37.3888056 ], [ 126.6634661, 37.3888063 ], [ 126.6634669, 37.388807 ], [ 126.6634677, 37.3888075 ], [ 126.6634685, 37.3888081 ], [ 126.6634694, 37.3888087 ], [ 126.6634702, 37.3888093 ], [ 126.6634711, 37.38881 ], [ 126.6634719, 37.3888105 ], [ 126.6634729, 37.3888111 ], [ 126.6634737, 37.3888118 ], [ 126.6634744, 37.3888125 ], [ 126.6634753, 37.3888133 ], [ 126.6634761, 37.3888139 ], [ 126.663477, 37.3888147 ], [ 126.6634776, 37.3888152 ], [ 126.6634784, 37.3888158 ], [ 126.6634793, 37.3888166 ], [ 126.6634807, 37.3888171 ], [ 126.6634814, 37.3888173 ], [ 126.6634829, 37.3888184 ], [ 126.6634836, 37.3888191 ], [ 126.6634844, 37.3888197 ], [ 126.6634853, 37.3888204 ], [ 126.663486, 37.3888208 ], [ 126.6634866, 37.3888214 ], [ 126.6634874, 37.3888218 ], [ 126.6634886, 37.3888229 ], [ 126.6634894, 37.3888238 ], [ 126.6634908, 37.3888244 ], [ 126.6634913, 37.388825 ], [ 126.6634922, 37.3888257 ], [ 126.6634931, 37.3888263 ], [ 126.6634931, 37.3888266 ], [ 126.6634948, 37.3888275 ], [ 126.6634957, 37.3888284 ], [ 126.6634967, 37.3888287 ], [ 126.6634972, 37.3888293 ], [ 126.6634985, 37.3888303 ], [ 126.6634991, 37.3888311 ], [ 126.6635002, 37.3888317 ], [ 126.6635014, 37.3888323 ], [ 126.6635017, 37.3888325 ], [ 126.663503, 37.3888336 ], [ 126.6635041, 37.3888346 ], [ 126.6635048, 37.3888351 ], [ 126.6635056, 37.3888358 ], [ 126.6635065, 37.3888366 ], [ 126.6635075, 37.3888372 ], [ 126.6635082, 37.3888378 ], [ 126.6635091, 37.3888384 ], [ 126.66351, 37.388839 ], [ 126.6635108, 37.3888397 ], [ 126.6635118, 37.3888403 ], [ 126.6635127, 37.3888409 ], [ 126.6635135, 37.3888417 ], [ 126.6635145, 37.3888424 ], [ 126.6635152, 37.388843 ], [ 126.6635161, 37.3888436 ], [ 126.6635171, 37.3888442 ], [ 126.663518, 37.388845 ], [ 126.663519, 37.3888457 ], [ 126.6635199, 37.3888464 ], [ 126.6635207, 37.388847 ], [ 126.6635216, 37.3888477 ], [ 126.6635225, 37.3888484 ], [ 126.6635233, 37.388849 ], [ 126.6635242, 37.3888497 ], [ 126.6635253, 37.3888504 ], [ 126.6635262, 37.3888511 ], [ 126.6635272, 37.3888518 ], [ 126.6635281, 37.3888526 ], [ 126.6635289, 37.3888531 ], [ 126.6635298, 37.3888539 ], [ 126.6635306, 37.3888545 ], [ 126.6635315, 37.3888552 ], [ 126.6635325, 37.3888559 ], [ 126.6635335, 37.3888567 ], [ 126.6635344, 37.3888575 ], [ 126.6635353, 37.3888582 ], [ 126.6635361, 37.3888588 ], [ 126.6635369, 37.3888593 ], [ 126.6635379, 37.3888602 ], [ 126.6635387, 37.3888608 ], [ 126.6635396, 37.3888616 ], [ 126.6635405, 37.3888623 ], [ 126.6635417, 37.3888633 ], [ 126.6635425, 37.388864 ], [ 126.6635435, 37.3888647 ], [ 126.6635444, 37.3888654 ], [ 126.6635452, 37.3888662 ], [ 126.6635465, 37.388867 ], [ 126.6635474, 37.3888677 ], [ 126.6635483, 37.3888685 ], [ 126.6635492, 37.3888693 ], [ 126.6635503, 37.3888701 ], [ 126.6635512, 37.3888709 ], [ 126.6635523, 37.3888718 ], [ 126.6635534, 37.3888727 ], [ 126.6635542, 37.3888734 ], [ 126.6635553, 37.3888743 ], [ 126.6635562, 37.3888751 ], [ 126.6635574, 37.388876 ], [ 126.6635586, 37.388877 ], [ 126.6635593, 37.3888776 ], [ 126.6635602, 37.3888784 ], [ 126.6635612, 37.3888794 ], [ 126.6635623, 37.3888803 ], [ 126.6635634, 37.3888813 ], [ 126.6635644, 37.3888822 ], [ 126.6635655, 37.3888831 ], [ 126.6635666, 37.388884 ], [ 126.6635677, 37.3888849 ], [ 126.6635688, 37.3888859 ], [ 126.66357, 37.3888869 ], [ 126.6635711, 37.388888 ], [ 126.6635722, 37.3888889 ], [ 126.6635735, 37.3888901 ], [ 126.6635744, 37.3888909 ], [ 126.6635757, 37.3888919 ], [ 126.6635768, 37.3888929 ], [ 126.6635779, 37.3888941 ], [ 126.6635791, 37.3888951 ], [ 126.6635803, 37.3888961 ], [ 126.6635815, 37.3888971 ], [ 126.6635828, 37.3888983 ], [ 126.6635841, 37.3888994 ] ] } },
{ "type": "Feature", "properties": { "Vehicle_ID": 5, "Vehicle_Class": 0, "Num_Points": 150, "Start_Time": "2022-10-07 17:52:13.500", "End_Time": "2022-10-07 17:52:18.471", "Start_Frame": 0, "End_Frame": 149, "Mean_Speed": 1.4, "Max_Speed": 2.6, "Vehicle_Length": 4.97, "Vehicle_Width": 2.26 }, "geometry": { "type": "LineString", "coordinates": [ [ 126.6634668, 37.3888696 ], [ 126.6634667, 37.3888697 ], [ 126.6634666, 37.3888697 ], [ 126.6634665, 37.3888697 ], [ 126.6634665, 37.3888698 ], [ 126.6634666, 37.3888698 ], [ 126.6634665, 37.3888698 ], [ 126.6634665, 37.3888698 ], [ 126.6634664, 37.3888697 ], [ 126.6634665, 37.3888696 ], [ 126.6634664, 37.3888697 ], [ 126.6634663, 37.3888697 ], [ 126.6634663, 37.3888697 ], [ 126.6634663, 37.3888697 ], [ 126.6634662, 37.3888697 ], [ 126.6634662, 37.3888697 ], [ 126.6634663, 37.3888697 ], [ 126.6634662, 37.3888697 ], [ 126.6634662, 37.3888697 ], [ 126.6634661, 37.3888696 ], [ 126.6634661, 37.3888696 ], [ 126.6634661, 37.3888696 ], [ 126.663466, 37.3888695 ], [ 126.663466, 37.3888695 ], [ 126.663466, 37.3888695 ], [ 126.663466, 37.3888695 ], [ 126.6634661, 37.3888695 ], [ 126.6634662, 37.3888695 ], [ 126.6634662, 37.3888696 ], [ 126.6634662, 37.3888696 ], [ 126.6634663, 37.3888697 ], [ 126.6634663, 37.3888696 ], [ 126.6634663, 37.3888696 ], [ 126.6634662, 37.3888696 ], [ 126.6634662, 37.3888696 ], [ 126.6634661, 37.3888696 ], [ 126.6634662, 37.3888697 ], [ 126.6634662, 37.3888698 ], [ 126.6634661, 37.3888697 ], [ 126.6634661, 37.3888697 ], [ 126.6634661, 37.3888699 ], [ 126.6634665, 37.3888697 ], [ 126.6634663, 37.3888693 ], [ 126.6634668, 37.3888696 ], [ 126.6634668, 37.3888697 ], [ 126.6634668, 37.3888697 ], [ 126.6634669, 37.3888697 ], [ 126.6634668, 37.3888696 ], [ 126.6634665, 37.3888696 ], [ 126.6634666, 37.3888693 ], [ 126.6634666, 37.3888696 ], [ 126.6634666, 37.3888698 ], [ 126.663467, 37.3888697 ], [ 126.6634668, 37.3888696 ], [ 126.6634669, 37.3888697 ], [ 126.6634671, 37.3888698 ], [ 126.6634664, 37.3888696 ], [ 126.663467, 37.3888697 ], [ 126.6634669, 37.3888696 ], [ 126.6634669, 37.3888693 ], [ 126.6634664, 37.3888692 ], [ 126.6634668, 37.3888695 ], [ 126.6634665, 37.3888696 ], [ 126.6634668, 37.3888696 ], [ 126.6634671, 37.3888696 ], [ 126.6634666, 37.3888692 ], [ 126.6634668, 37.3888696 ], [ 126.663467, 37.3888698 ], [ 126.6634668, 37.3888697 ], [ 126.6634668, 37.3888696 ], [ 126.6634669, 37.3888697 ], [ 126.6634669, 37.3888696 ], [ 126.6634668, 37.3888696 ], [ 126.6634668, 37.3888696 ], [ 126.6634668, 37.3888697 ], [ 126.6634668, 37.3888696 ], [ 126.6634668, 37.3888696 ], [ 126.6634668, 37.3888696 ], [ 126.6634668, 37.3888696 ], [ 126.663467, 37.3888697 ], [ 126.6634668, 37.3888696 ], [ 126.663467, 37.3888696 ], [ 126.663467, 37.3888696 ], [ 126.663467, 37.3888696 ], [ 126.663467, 37.3888695 ], [ 126.663467, 37.3888696 ], [ 126.6634669, 37.3888695 ], [ 126.6634668, 37.3888695 ], [ 126.6634668, 37.3888694 ], [ 126.6634668, 37.3888694 ], [ 126.6634668, 37.3888695 ], [ 126.6634667, 37.3888694 ], [ 126.6634667, 37.3888693 ], [ 126.6634667, 37.3888694 ], [ 126.6634669, 37.3888695 ], [ 126.6634669, 37.3888695 ], [ 126.663467, 37.3888697 ], [ 126.6634669, 37.3888696 ], [ 126.6634669, 37.3888696 ], [ 126.663467, 37.3888696 ], [ 126.6634671, 37.3888697 ], [ 126.6634669, 37.3888696 ], [ 126.6634669, 37.3888696 ], [ 126.6634668, 37.3888695 ], [ 126.6634667, 37.3888693 ], [ 126.6634667, 37.3888694 ], [ 126.6634667, 37.3888693 ], [ 126.6634667, 37.3888694 ], [ 126.6634666, 37.3888694 ], [ 126.6634668, 37.3888696 ], [ 126.6634667, 37.3888695 ], [ 126.6634667, 37.3888695 ], [ 126.6634667, 37.3888695 ], [ 126.6634667, 37.3888696 ], [ 126.663467, 37.3888697 ], [ 126.6634669, 37.3888696 ], [ 126.6634668, 37.3888695 ], [ 126.6634667, 37.3888695 ], [ 126.6634667, 37.3888695 ], [ 126.6634667, 37.3888695 ], [ 126.6634667, 37.3888696 ], [ 126.6634668, 37.3888696 ], [ 126.6634667, 37.3888695 ], [ 126.6634667, 37.3888695 ], [ 126.6634667, 37.3888695 ], [ 126.6634667, 37.3888696 ], [ 126.6634669, 37.3888697 ], [ 126.6634668, 37.3888696 ], [ 126.6634667, 37.3888695 ], [ 126.6634666, 37.3888695 ], [ 126.6634667, 37.3888695 ], [ 126.6634668, 37.3888695 ], [ 126.6634668, 37.3888695 ], [ 126.6634667, 37.3888695 ], [ 126.6634668, 37.3888695 ], [ 126.6634667, 37.3888695 ], [ 126.6634667, 37.3888695 ], [ 126.6634668, 37.3888695 ], [ 126.6634668, 37.3888696 ], [ 126.6634668, 37.3888696 ], [ 126.663467, 37.3888697 ], [ 126.6634668, 37.3888696 ], [ 126.6634668, 37.3888695 ], [ 126.6634667, 37.3888695 ], [ 126.6634667, 37.3888695 ], [ 126.6634667, 37.3888695 ], [ 126.6634668, 37.3888695 ], [ 126.6634668, 37.3888694 ], [ 126.6634668, 37.3888694 ], [ 126.6634668, 37.3888695 ] ] } },
{ "type": "Feature", "properties": { "Vehicle_ID": 7, "Vehicle_Class": 0, "Num_Points": 150, "Start_Time": "2022-10-07 17:52:13.500", "End_Time": "2022-10-07 17:52:18.471", "Start_Frame": 0, "End_Frame": 149, "Mean_Speed": 41.6, "Max_Speed": 43.3, "Vehicle_Length": 5.26, "Vehicle_Width": 2.29 }, "geometry": { "type": "LineString", "coordinates": [ [ 126.6631919, 37.3886362 ], [ 126.6631938, 37.3886383 ], [ 126.663196, 37.3886406 ], [ 126.6631984, 37.3886433 ], [ 126.6632009, 37.388646 ], [ 126.6632035, 37.3886486 ], [ 126.6632059, 37.3886511 ], [ 126.6632083, 37.3886536 ], [ 126.6632108, 37.3886561 ], [ 126.6632132, 37.3886586 ], [ 126.6632156, 37.3886612 ], [ 126.663218, 37.3886636 ], [ 126.6632204, 37.388666 ], [ 126.663223, 37.3886687 ], [ 126.6632254, 37.3886712 ], [ 126.663228, 37.3886738 ], [ 126.6632306, 37.3886764 ], [ 126.6632331, 37.3886788 ], [ 126.6632357, 37.3886815 ], [ 126.6632381, 37.388684 ], [ 126.6632407, 37.3886866 ], [ 126.6632431, 37.3886891 ], [ 126.6632456, 37.3886917 ], [ 126.6632482, 37.3886942 ], [ 126.6632507, 37.3886968 ], [ 126.6632533, 37.3886995 ], [ 126.6632558, 37.388702 ], [ 126.6632583, 37.3887046 ], [ 126.6632609, 37.3887072 ], [ 126.6632634, 37.3887098 ], [ 126.663266, 37.3887125 ], [ 126.6632684, 37.388715 ], [ 126.663271, 37.3887174 ], [ 126.6632735, 37.3887202 ], [ 126.663276, 37.3887228 ], [ 126.6632787, 37.3887255 ], [ 126.6632812, 37.3887282 ], [ 126.6632839, 37.3887309 ], [ 126.6632864, 37.3887336 ], [ 126.6632889, 37.3887362 ], [ 126.6632916, 37.3887391 ], [ 126.6632946, 37.3887416 ], [ 126.663297, 37.3887439 ], [ 126.6633001, 37.3887469 ], [ 126.6633027, 37.3887495 ], [ 126.6633054, 37.3887522 ], [ 126.6633079, 37.3887548 ], [ 126.6633106, 37.3887574 ], [ 126.663313, 37.3887602 ], [ 126.6633157, 37.3887627 ], [ 126.6633185, 37.3887656 ], [ 126.6633212, 37.3887686 ], [ 126.6633241, 37.3887713 ], [ 126.6633265, 37.3887738 ], [ 126.6633294, 37.3887766 ], [ 126.6633322, 37.3887794 ], [ 126.6633343, 37.388782 ], [ 126.6633373, 37.3887849 ], [ 126.66334, 37.3887875 ], [ 126.6633427, 37.38879 ], [ 126.663345, 37.3887927 ], [ 126.6633481, 37.3887958 ], [ 126.6633506, 37.3887987 ], [ 126.6633536, 37.3888016 ], [ 126.6633565, 37.3888043 ], [ 126.6633588, 37.3888067 ], [ 126.6633617, 37.3888098 ], [ 126.6633645, 37.3888127 ], [ 126.6633672, 37.3888155 ], [ 126.6633699, 37.3888182 ], [ 126.6633725, 37.3888211 ], [ 126.6633752, 37.3888239 ], [ 126.6633779, 37.3888268 ], [ 126.6633805, 37.3888296 ], [ 126.6633833, 37.3888323 ], [ 126.6633859, 37.3888351 ], [ 126.6633887, 37.3888377 ], [ 126.6633914, 37.3888405 ], [ 126.663394, 37.3888432 ], [ 126.663397, 37.3888462 ], [ 126.6633996, 37.388849 ], [ 126.6634028, 37.3888519 ], [ 126.6634055, 37.3888548 ], [ 126.6634084, 37.3888577 ], [ 126.6634111, 37.3888605 ], [ 126.663414, 37.3888635 ], [ 126.6634167, 37.3888664 ], [ 126.6634194, 37.3888691 ], [ 126.6634221, 37.388872 ], [ 126.6634248, 37.3888749 ], [ 126.6634275, 37.388878 ], [ 126.6634302, 37.3888809 ], [ 126.6634329, 37.3888837 ], [ 126.6634358, 37.3888866 ], [ 126.6634387, 37.3888894 ], [ 126.6634415, 37.3888922 ], [ 126.6634444, 37.3888951 ], [ 126.6634471, 37.3888978 ], [ 126.6634499, 37.3889006 ], [ 126.6634528, 37.3889036 ], [ 126.6634558, 37.3889066 ], [ 126.6634586, 37.3889095 ], [ 126.6634613, 37.3889124 ], [ 126.6634641, 37.3889152 ], [ 126.6634668, 37.3889179 ], [ 126.6634696, 37.3889208 ], [ 126.6634723, 37.3889236 ], [ 126.663475, 37.3889265 ], [ 126.6634776, 37.3889294 ], [ 126.6634805, 37.3889325 ], [ 126.6634831, 37.3889352 ], [ 126.6634859, 37.3889382 ], [ 126.6634886, 37.3889409 ], [ 126.6634912, 37.3889438 ], [ 126.6634944, 37.3889466 ], [ 126.6634969, 37.3889493 ], [ 126.6634995, 37.388952 ], [ 126.6635022, 37.3889548 ], [ 126.6635053, 37.3889578 ], [ 126.6635083, 37.3889609 ], [ 126.663511, 37.3889638 ], [ 126.6635139, 37.3889667 ], [ 126.6635164, 37.3889695 ], [ 126.6635191, 37.388972 ], [ 126.6635219, 37.3889748 ], [ 126.663525, 37.388978 ], [ 126.6635281, 37.3889812 ], [ 126.6635303, 37.3889835 ], [ 126.6635328, 37.3889861 ], [ 126.6635354, 37.388989 ], [ 126.6635383, 37.3889919 ], [ 126.663541, 37.3889949 ], [ 126.6635438, 37.3889976 ], [ 126.6635459, 37.3889999 ], [ 126.6635481, 37.3890023 ], [ 126.6635505, 37.3890049 ], [ 126.6635531, 37.3890076 ], [ 126.6635559, 37.3890104 ], [ 126.663559, 37.3890136 ], [ 126.6635622, 37.3890167 ], [ 126.6635653, 37.3890199 ], [ 126.6635676, 37.3890224 ], [ 126.6635707, 37.3890256 ], [ 126.6635733, 37.3890284 ], [ 126.6635761, 37.3890313 ], [ 126.6635787, 37.389034 ], [ 126.6635814, 37.3890368 ], [ 126.6635838, 37.3890395 ], [ 126.6635865, 37.3890422 ], [ 126.663589, 37.3890451 ] ] } },
{ "type": "Feature", "properties": { "Vehicle_ID": 8, "Vehicle_Class": 0, "Num_Points": 150, "Start_Time": "2022-10-07 17:52:13.500", "End_Time": "2022-10-07 17:52:18.471", "Start_Frame": 0, "End_Frame": 149, "Mean_Speed": 30.7, "Max_Speed": 35.1, "Vehicle_Length": 5.08, "Vehicle_Width": 2.2 }, "geometry": { "type": "LineString", "coordinates": [ [ 126.6633599, 37.3890412 ], [ 126.6633584, 37.3890396 ], [ 126.6633569, 37.389038 ], [ 126.663355, 37.3890361 ], [ 126.663353, 37.3890342 ], [ 126.6633512, 37.3890324 ], [ 126.6633493, 37.3890306 ], [ 126.6633475, 37.3890287 ], [ 126.6633457, 37.3890268 ], [ 126.6633442, 37.3890249 ], [ 126.6633424, 37.3890232 ], [ 126.6633405, 37.3890213 ], [ 126.6633388, 37.3890195 ], [ 126.663337, 37.3890178 ], [ 126.6633351, 37.3890158 ], [ 126.6633334, 37.3890141 ], [ 126.6633318, 37.3890124 ], [ 126.6633301, 37.3890105 ], [ 126.6633283, 37.3890088 ], [ 126.6633265, 37.3890069 ], [ 126.6633248, 37.389005 ], [ 126.6633229, 37.3890031 ], [ 126.6633212, 37.3890014 ], [ 126.6633196, 37.3889996 ], [ 126.6633178, 37.3889978 ], [ 126.663316, 37.388996 ], [ 126.6633142, 37.3889942 ], [ 126.6633125, 37.3889924 ], [ 126.6633106, 37.3889905 ], [ 126.6633089, 37.3889887 ], [ 126.6633073, 37.3889871 ], [ 126.6633054, 37.3889851 ], [ 126.6633035, 37.3889833 ], [ 126.6633017, 37.3889814 ], [ 126.6632999, 37.3889795 ], [ 126.663298, 37.3889776 ], [ 126.6632962, 37.3889758 ], [ 126.6632945, 37.3889741 ], [ 126.6632925, 37.388972 ], [ 126.6632906, 37.3889702 ], [ 126.6632889, 37.3889684 ], [ 126.6632875, 37.3889665 ], [ 126.6632852, 37.3889642 ], [ 126.6632841, 37.3889626 ], [ 126.6632823, 37.3889608 ], [ 126.6632803, 37.3889588 ], [ 126.6632784, 37.388957 ], [ 126.6632766, 37.3889551 ], [ 126.6632747, 37.3889533 ], [ 126.6632728, 37.3889511 ], [ 126.6632708, 37.3889495 ], [ 126.6632691, 37.3889477 ], [ 126.6632675, 37.3889457 ], [ 126.6632656, 37.3889438 ], [ 126.6632639, 37.388942 ], [ 126.6632623, 37.3889402 ], [ 126.6632598, 37.3889381 ], [ 126.6632583, 37.3889363 ], [ 126.6632565, 37.3889344 ], [ 126.6632546, 37.3889322 ], [ 126.6632524, 37.3889303 ], [ 126.6632508, 37.3889287 ], [ 126.6632487, 37.3889268 ], [ 126.6632472, 37.3889251 ], [ 126.6632456, 37.3889233 ], [ 126.6632435, 37.3889208 ], [ 126.6632416, 37.3889192 ], [ 126.6632399, 37.3889175 ], [ 126.663238, 37.3889155 ], [ 126.6632361, 37.3889136 ], [ 126.6632343, 37.3889117 ], [ 126.6632323, 37.3889096 ], [ 126.6632302, 37.3889075 ], [ 126.6632283, 37.3889056 ], [ 126.6632265, 37.3889037 ], [ 126.6632245, 37.3889017 ], [ 126.6632226, 37.3888997 ], [ 126.6632208, 37.3888978 ], [ 126.6632187, 37.3888957 ], [ 126.6632168, 37.3888937 ], [ 126.6632147, 37.3888916 ], [ 126.6632128, 37.3888896 ], [ 126.6632107, 37.3888875 ], [ 126.663209, 37.3888857 ], [ 126.663207, 37.3888836 ], [ 126.6632049, 37.3888816 ], [ 126.663203, 37.3888796 ], [ 126.6632009, 37.3888775 ], [ 126.663199, 37.3888756 ], [ 126.6631971, 37.3888735 ], [ 126.663195, 37.3888714 ], [ 126.6631931, 37.3888695 ], [ 126.663191, 37.3888673 ], [ 126.663189, 37.3888653 ], [ 126.663187, 37.3888632 ], [ 126.6631852, 37.3888612 ], [ 126.6631831, 37.3888591 ], [ 126.6631807, 37.3888567 ], [ 126.6631784, 37.3888543 ], [ 126.6631763, 37.3888521 ], [ 126.6631744, 37.3888501 ], [ 126.6631725, 37.388848 ], [ 126.6631706, 37.388846 ], [ 126.6631685, 37.3888438 ], [ 126.6631662, 37.3888415 ], [ 126.6631641, 37.3888393 ], [ 126.6631619, 37.3888371 ], [ 126.6631597, 37.3888348 ], [ 126.6631574, 37.3888325 ], [ 126.6631551, 37.3888303 ], [ 126.6631526, 37.3888275 ], [ 126.6631506, 37.3888254 ], [ 126.6631488, 37.3888234 ], [ 126.6631466, 37.3888214 ], [ 126.6631447, 37.3888191 ], [ 126.6631425, 37.3888168 ], [ 126.6631403, 37.3888145 ], [ 126.6631381, 37.3888123 ], [ 126.6631361, 37.3888101 ], [ 126.6631339, 37.3888079 ], [ 126.6631317, 37.3888056 ], [ 126.6631297, 37.3888034 ], [ 126.6631275, 37.3888011 ], [ 126.6631254, 37.3887988 ], [ 126.6631233, 37.3887966 ], [ 126.6631211, 37.3887943 ], [ 126.663119, 37.3887921 ], [ 126.6631169, 37.3887897 ], [ 126.6631146, 37.3887874 ], [ 126.6631124, 37.3887852 ], [ 126.6631103, 37.388783 ], [ 126.6631081, 37.3887805 ], [ 126.6631059, 37.3887781 ], [ 126.6631037, 37.3887759 ], [ 126.6631015, 37.3887734 ], [ 126.6630992, 37.388771 ], [ 126.6630969, 37.3887686 ], [ 126.6630947, 37.3887662 ], [ 126.6630925, 37.3887639 ], [ 126.6630903, 37.3887616 ], [ 126.6630883, 37.3887594 ], [ 126.6630861, 37.388757 ], [ 126.6630836, 37.3887544 ], [ 126.6630813, 37.3887519 ], [ 126.6630791, 37.3887496 ], [ 126.6630769, 37.3887473 ], [ 126.6630747, 37.388745 ], [ 126.6630726, 37.3887426 ], [ 126.6630704, 37.3887401 ], [ 126.6630683, 37.3887379 ] ] } },
{ "type": "Feature", "properties": { "Vehicle_ID": 9, "Vehicle_Class": 2, "Num_Points": 150, "Start_Time": "2022-10-07 17:52:13.500", "End_Time": "2022-10-07 17:52:18.471", "Start_Frame": 0, "End_Frame": 149, "Mean_Speed": 43.5, "Max_Speed": 48.0, "Vehicle_Length": 5.59, "Vehicle_Width": 2.51 }, "geometry": { "type": "LineString", "coordinates": [ [ 126.6631157, 37.3886245 ], [ 126.6631176, 37.3886268 ], [ 126.6631195, 37.3886291 ], [ 126.6631217, 37.3886318 ], [ 126.6631241, 37.3886344 ], [ 126.6631265, 37.3886372 ], [ 126.6631289, 37.38864 ], [ 126.6631311, 37.3886427 ], [ 126.6631333, 37.3886453 ], [ 126.6631357, 37.3886478 ], [ 126.663138, 37.3886505 ], [ 126.6631404, 37.3886532 ], [ 126.6631427, 37.3886558 ], [ 126.663145, 37.3886587 ], [ 126.6631472, 37.3886612 ], [ 126.6631496, 37.3886638 ], [ 126.6631522, 37.3886668 ], [ 126.6631544, 37.3886694 ], [ 126.6631568, 37.3886722 ], [ 126.663159, 37.3886748 ], [ 126.6631613, 37.3886774 ], [ 126.6631638, 37.3886802 ], [ 126.6631662, 37.3886828 ], [ 126.6631685, 37.3886855 ], [ 126.6631708, 37.3886881 ], [ 126.6631732, 37.3886909 ], [ 126.6631757, 37.3886937 ], [ 126.6631782, 37.3886964 ], [ 126.6631806, 37.3886992 ], [ 126.6631831, 37.3887018 ], [ 126.6631856, 37.3887046 ], [ 126.6631879, 37.3887074 ], [ 126.6631904, 37.3887103 ], [ 126.6631929, 37.3887132 ], [ 126.6631952, 37.3887159 ], [ 126.6631975, 37.3887187 ], [ 126.6631998, 37.3887215 ], [ 126.6632024, 37.3887245 ], [ 126.6632046, 37.3887271 ], [ 126.6632071, 37.3887298 ], [ 126.6632097, 37.3887327 ], [ 126.6632124, 37.3887353 ], [ 126.6632148, 37.3887379 ], [ 126.6632177, 37.3887409 ], [ 126.6632203, 37.3887437 ], [ 126.6632227, 37.3887466 ], [ 126.6632252, 37.3887495 ], [ 126.6632276, 37.3887521 ], [ 126.6632297, 37.3887547 ], [ 126.6632324, 37.3887573 ], [ 126.6632351, 37.3887604 ], [ 126.6632377, 37.3887635 ], [ 126.6632403, 37.3887661 ], [ 126.6632426, 37.3887688 ], [ 126.6632452, 37.3887718 ], [ 126.6632481, 37.388775 ], [ 126.6632504, 37.3887779 ], [ 126.6632534, 37.388781 ], [ 126.6632562, 37.3887839 ], [ 126.6632588, 37.3887865 ], [ 126.6632611, 37.3887894 ], [ 126.6632638, 37.3887923 ], [ 126.6632659, 37.3887953 ], [ 126.6632689, 37.3887984 ], [ 126.663272, 37.3888016 ], [ 126.6632744, 37.3888044 ], [ 126.663277, 37.3888075 ], [ 126.6632798, 37.3888106 ], [ 126.6632822, 37.3888134 ], [ 126.6632848, 37.3888163 ], [ 126.6632875, 37.3888192 ], [ 126.66329, 37.388822 ], [ 126.6632926, 37.3888249 ], [ 126.6632954, 37.3888278 ], [ 126.6632982, 37.3888308 ], [ 126.6633009, 37.3888337 ], [ 126.6633037, 37.3888367 ], [ 126.6633064, 37.3888397 ], [ 126.6633091, 37.3888426 ], [ 126.6633118, 37.3888454 ], [ 126.6633143, 37.3888481 ], [ 126.6633171, 37.388851 ], [ 126.6633198, 37.388854 ], [ 126.6633227, 37.3888571 ], [ 126.6633255, 37.3888601 ], [ 126.6633281, 37.3888631 ], [ 126.6633306, 37.3888662 ], [ 126.6633332, 37.3888692 ], [ 126.6633358, 37.3888722 ], [ 126.6633385, 37.3888753 ], [ 126.6633413, 37.3888783 ], [ 126.6633441, 37.3888813 ], [ 126.6633468, 37.3888842 ], [ 126.6633498, 37.3888872 ], [ 126.6633528, 37.3888902 ], [ 126.6633557, 37.3888932 ], [ 126.6633586, 37.3888963 ], [ 126.6633614, 37.3888993 ], [ 126.6633644, 37.3889023 ], [ 126.6633673, 37.3889053 ], [ 126.6633703, 37.3889083 ], [ 126.663373, 37.3889112 ], [ 126.6633759, 37.3889142 ], [ 126.6633786, 37.3889171 ], [ 126.6633813, 37.3889201 ], [ 126.663384, 37.3889234 ], [ 126.6633869, 37.3889264 ], [ 126.6633897, 37.3889296 ], [ 126.6633925, 37.3889327 ], [ 126.6633955, 37.3889359 ], [ 126.6633983, 37.3889389 ], [ 126.6634013, 37.3889419 ], [ 126.6634043, 37.3889452 ], [ 126.6634072, 37.3889483 ], [ 126.6634105, 37.3889515 ], [ 126.6634134, 37.3889545 ], [ 126.6634163, 37.3889574 ], [ 126.6634193, 37.3889603 ], [ 126.6634224, 37.3889632 ], [ 126.6634253, 37.3889664 ], [ 126.6634282, 37.3889694 ], [ 126.6634313, 37.3889726 ], [ 126.663434, 37.3889757 ], [ 126.6634369, 37.3889789 ], [ 126.6634398, 37.388982 ], [ 126.6634428, 37.3889852 ], [ 126.663446, 37.3889887 ], [ 126.6634493, 37.3889922 ], [ 126.6634521, 37.3889952 ], [ 126.6634551, 37.3889984 ], [ 126.6634583, 37.3890016 ], [ 126.6634616, 37.3890049 ], [ 126.6634647, 37.389008 ], [ 126.6634683, 37.3890116 ], [ 126.6634713, 37.3890147 ], [ 126.6634736, 37.3890172 ], [ 126.6634763, 37.3890199 ], [ 126.6634793, 37.389023 ], [ 126.6634823, 37.3890263 ], [ 126.6634854, 37.3890296 ], [ 126.6634885, 37.389033 ], [ 126.6634907, 37.3890353 ], [ 126.6634932, 37.3890378 ], [ 126.6634962, 37.389041 ], [ 126.663499, 37.3890439 ], [ 126.6635022, 37.3890472 ], [ 126.6635059, 37.3890508 ], [ 126.6635094, 37.3890544 ], [ 126.6635126, 37.3890577 ], [ 126.6635162, 37.3890615 ] ] } },
{ "type": "Feature", "properties": { "Vehicle_ID": 10, "Vehicle_Class": 0, "Num_Points": 150, "Start_Time": "2022-10-07 17:52:13.500", "End_Time": "2022-10-07 17:52:18.471", "Start_Frame": 0, "End_Frame": 149, "Mean_Speed": 10.9, "Max_Speed": 12.3, "Vehicle_Length": 5.02, "Vehicle_Width": 2.23 }, "geometry": { "type": "LineString", "coordinates": [ [ 126.6633385, 37.3886869 ], [ 126.6633391, 37.3886876 ], [ 126.6633397, 37.3886883 ], [ 126.6633406, 37.3886893 ], [ 126.6633416, 37.3886903 ], [ 126.6633426, 37.3886912 ], [ 126.6633433, 37.388692 ], [ 126.6633441, 37.3886929 ], [ 126.6633448, 37.3886936 ], [ 126.6633456, 37.3886943 ], [ 126.6633463, 37.3886952 ], [ 126.6633472, 37.3886961 ], [ 126.6633481, 37.3886969 ], [ 126.663349, 37.3886978 ], [ 126.6633497, 37.3886986 ], [ 126.6633504, 37.3886994 ], [ 126.6633512, 37.3887002 ], [ 126.663352, 37.388701 ], [ 126.6633528, 37.3887018 ], [ 126.6633535, 37.3887025 ], [ 126.6633543, 37.3887033 ], [ 126.663355, 37.388704 ], [ 126.6633557, 37.3887048 ], [ 126.6633565, 37.3887054 ], [ 126.6633571, 37.3887061 ], [ 126.6633579, 37.3887069 ], [ 126.6633586, 37.3887077 ], [ 126.6633594, 37.3887084 ], [ 126.6633602, 37.3887092 ], [ 126.6633609, 37.3887099 ], [ 126.6633617, 37.3887108 ], [ 126.6633623, 37.3887115 ], [ 126.663363, 37.3887121 ], [ 126.6633636, 37.3887128 ], [ 126.6633643, 37.3887135 ], [ 126.663365, 37.3887143 ], [ 126.6633657, 37.388715 ], [ 126.6633665, 37.3887158 ], [ 126.6633672, 37.3887165 ], [ 126.6633679, 37.3887173 ], [ 126.6633687, 37.3887181 ], [ 126.6633697, 37.3887187 ], [ 126.6633703, 37.3887189 ], [ 126.6633717, 37.3887201 ], [ 126.6633724, 37.3887208 ], [ 126.6633731, 37.3887216 ], [ 126.6633739, 37.3887223 ], [ 126.6633747, 37.388723 ], [ 126.6633753, 37.3887238 ], [ 126.6633759, 37.3887243 ], [ 126.6633769, 37.3887253 ], [ 126.6633776, 37.3887263 ], [ 126.6633786, 37.3887269 ], [ 126.6633792, 37.3887276 ], [ 126.6633802, 37.3887285 ], [ 126.6633812, 37.3887294 ], [ 126.6633812, 37.38873 ], [ 126.6633825, 37.3887308 ], [ 126.6633831, 37.3887315 ], [ 126.6633838, 37.388732 ], [ 126.6633841, 37.3887326 ], [ 126.6633851, 37.3887335 ], [ 126.6633856, 37.3887344 ], [ 126.6633865, 37.3887352 ], [ 126.6633876, 37.3887359 ], [ 126.6633879, 37.3887364 ], [ 126.6633887, 37.3887373 ], [ 126.6633896, 37.3887382 ], [ 126.6633902, 37.3887389 ], [ 126.6633909, 37.3887395 ], [ 126.6633916, 37.3887402 ], [ 126.6633923, 37.3887409 ], [ 126.663393, 37.3887416 ], [ 126.6633938, 37.3887423 ], [ 126.6633945, 37.3887431 ], [ 126.6633951, 37.3887437 ], [ 126.6633958, 37.3887443 ], [ 126.6633964, 37.3887449 ], [ 126.663397, 37.3887456 ], [ 126.6633979, 37.3887464 ], [ 126.6633984, 37.388747 ], [ 126.6633992, 37.3887476 ], [ 126.6634, 37.3887483 ], [ 126.6634007, 37.388749 ], [ 126.6634013, 37.3887497 ], [ 126.6634019, 37.3887503 ], [ 126.6634024, 37.3887508 ], [ 126.6634031, 37.3887514 ], [ 126.6634036, 37.3887519 ], [ 126.6634043, 37.3887525 ], [ 126.663405, 37.3887532 ], [ 126.6634057, 37.3887537 ], [ 126.6634063, 37.3887543 ], [ 126.663407, 37.388755 ], [ 126.6634079, 37.3887557 ], [ 126.6634085, 37.3887563 ], [ 126.663409, 37.3887569 ], [ 126.6634094, 37.3887574 ], [ 126.6634101, 37.388758 ], [ 126.6634108, 37.3887587 ], [ 126.6634115, 37.3887594 ], [ 126.6634121, 37.3887599 ], [ 126.6634129, 37.3887606 ], [ 126.6634135, 37.3887611 ], [ 126.6634141, 37.3887616 ], [ 126.6634149, 37.3887624 ], [ 126.6634155, 37.3887628 ], [ 126.663416, 37.3887634 ], [ 126.6634166, 37.388764 ], [ 126.6634174, 37.3887648 ], [ 126.663418, 37.3887653 ], [ 126.6634186, 37.3887659 ], [ 126.6634193, 37.3887664 ], [ 126.6634201, 37.3887672 ], [ 126.6634211, 37.3887679 ], [ 126.6634218, 37.3887685 ], [ 126.6634223, 37.3887691 ], [ 126.6634227, 37.3887696 ], [ 126.6634234, 37.3887702 ], [ 126.6634241, 37.3887708 ], [ 126.6634249, 37.3887715 ], [ 126.6634257, 37.3887722 ], [ 126.6634263, 37.3887728 ], [ 126.6634271, 37.3887734 ], [ 126.6634279, 37.3887741 ], [ 126.6634285, 37.3887746 ], [ 126.6634293, 37.3887753 ], [ 126.6634299, 37.3887759 ], [ 126.6634305, 37.3887765 ], [ 126.6634312, 37.3887772 ], [ 126.663432, 37.3887778 ], [ 126.663433, 37.3887785 ], [ 126.6634337, 37.3887792 ], [ 126.6634344, 37.3887799 ], [ 126.6634352, 37.3887806 ], [ 126.6634358, 37.3887813 ], [ 126.6634366, 37.388782 ], [ 126.6634375, 37.3887827 ], [ 126.6634383, 37.3887835 ], [ 126.663439, 37.3887842 ], [ 126.66344, 37.3887851 ], [ 126.6634407, 37.3887858 ], [ 126.6634414, 37.3887864 ], [ 126.663442, 37.3887869 ], [ 126.6634427, 37.3887877 ], [ 126.6634435, 37.3887884 ], [ 126.6634442, 37.388789 ], [ 126.663445, 37.3887897 ], [ 126.6634458, 37.3887904 ], [ 126.6634466, 37.3887911 ] ] } },
{ "type": "Feature", "properties": { "Vehicle_ID": 11, "Vehicle_Class": 0, "Num_Points": 150, "Start_Time": "2022-10-07 17:52:13.500", "End_Time": "2022-10-07 17:52:18.471", "Start_Frame": 0, "End_Frame": 149, "Mean_Speed": 24.2, "Max_Speed": 25.6, "Vehicle_Length": 5.16, "Vehicle_Width": 2.26 }, "geometry": { "type": "LineString", "coordinates": [ [ 126.6629923, 37.3887531 ], [ 126.6629909, 37.3887517 ], [ 126.6629895, 37.3887503 ], [ 126.6629879, 37.3887487 ], [ 126.6629866, 37.3887472 ], [ 126.662985, 37.3887457 ], [ 126.6629835, 37.3887441 ], [ 126.6629821, 37.3887426 ], [ 126.6629806, 37.388741 ], [ 126.6629794, 37.3887396 ], [ 126.6629776, 37.388738 ], [ 126.6629759, 37.3887363 ], [ 126.6629743, 37.3887346 ], [ 126.6629729, 37.3887331 ], [ 126.6629714, 37.3887317 ], [ 126.66297, 37.3887303 ], [ 126.6629688, 37.388729 ], [ 126.6629675, 37.3887278 ], [ 126.6629664, 37.3887265 ], [ 126.662965, 37.388725 ], [ 126.6629634, 37.3887235 ], [ 126.6629619, 37.3887219 ], [ 126.6629603, 37.3887205 ], [ 126.6629587, 37.3887188 ], [ 126.6629572, 37.3887173 ], [ 126.6629558, 37.3887157 ], [ 126.6629543, 37.3887142 ], [ 126.6629528, 37.3887127 ], [ 126.6629513, 37.3887112 ], [ 126.6629499, 37.3887095 ], [ 126.6629485, 37.3887082 ], [ 126.662947, 37.3887067 ], [ 126.6629454, 37.3887051 ], [ 126.662944, 37.3887036 ], [ 126.6629426, 37.3887022 ], [ 126.662941, 37.3887006 ], [ 126.6629396, 37.3886991 ], [ 126.6629381, 37.3886977 ], [ 126.6629365, 37.388696 ], [ 126.6629351, 37.3886948 ], [ 126.6629337, 37.3886935 ], [ 126.6629326, 37.3886919 ], [ 126.662931, 37.3886902 ], [ 126.6629299, 37.3886887 ], [ 126.6629283, 37.3886871 ], [ 126.6629269, 37.3886855 ], [ 126.6629252, 37.388684 ], [ 126.6629237, 37.3886824 ], [ 126.662922, 37.3886809 ], [ 126.6629207, 37.3886792 ], [ 126.6629192, 37.3886778 ], [ 126.6629178, 37.3886763 ], [ 126.6629163, 37.3886747 ], [ 126.6629149, 37.3886731 ], [ 126.6629135, 37.3886716 ], [ 126.662912, 37.3886702 ], [ 126.6629101, 37.3886685 ], [ 126.6629086, 37.388667 ], [ 126.6629075, 37.3886655 ], [ 126.6629059, 37.3886638 ], [ 126.6629041, 37.3886622 ], [ 126.6629028, 37.3886607 ], [ 126.6629012, 37.3886591 ], [ 126.6628997, 37.3886576 ], [ 126.6628982, 37.3886561 ], [ 126.6628966, 37.3886543 ], [ 126.662895, 37.3886527 ], [ 126.6628936, 37.3886513 ], [ 126.662892, 37.3886497 ], [ 126.6628904, 37.388648 ], [ 126.662889, 37.3886465 ], [ 126.6628874, 37.3886448 ], [ 126.6628857, 37.3886432 ], [ 126.6628841, 37.3886416 ], [ 126.6628826, 37.3886399 ], [ 126.662881, 37.3886383 ], [ 126.6628794, 37.3886367 ], [ 126.6628778, 37.3886351 ], [ 126.6628762, 37.3886334 ], [ 126.6628747, 37.3886319 ], [ 126.662873, 37.3886302 ], [ 126.6628715, 37.3886286 ], [ 126.6628699, 37.3886269 ], [ 126.6628683, 37.3886253 ], [ 126.6628666, 37.3886236 ], [ 126.6628651, 37.388622 ], [ 126.6628635, 37.3886204 ], [ 126.6628619, 37.3886187 ], [ 126.6628602, 37.388617 ], [ 126.6628587, 37.3886154 ], [ 126.6628571, 37.3886138 ], [ 126.6628555, 37.3886122 ], [ 126.6628539, 37.3886104 ], [ 126.6628525, 37.3886089 ], [ 126.6628508, 37.3886072 ], [ 126.6628492, 37.3886056 ], [ 126.6628476, 37.3886039 ], [ 126.662846, 37.3886022 ], [ 126.6628444, 37.3886006 ], [ 126.6628427, 37.3885989 ], [ 126.6628412, 37.3885972 ], [ 126.6628396, 37.3885955 ], [ 126.6628381, 37.3885939 ], [ 126.6628364, 37.3885922 ], [ 126.6628345, 37.3885903 ], [ 126.6628331, 37.3885887 ], [ 126.6628315, 37.3885871 ], [ 126.6628299, 37.3885854 ], [ 126.6628283, 37.3885837 ], [ 126.6628267, 37.3885822 ], [ 126.6628251, 37.3885804 ], [ 126.6628235, 37.3885787 ], [ 126.6628218, 37.388577 ], [ 126.6628202, 37.3885754 ], [ 126.6628186, 37.3885737 ], [ 126.6628169, 37.3885719 ], [ 126.6628152, 37.3885701 ], [ 126.6628136, 37.3885685 ], [ 126.6628119, 37.3885668 ], [ 126.6628102, 37.388565 ], [ 126.6628087, 37.3885634 ], [ 126.6628072, 37.3885618 ], [ 126.6628055, 37.38856 ], [ 126.6628037, 37.3885583 ], [ 126.6628021, 37.3885567 ], [ 126.6628004, 37.388555 ], [ 126.6627988, 37.3885533 ], [ 126.662797, 37.3885515 ], [ 126.6627953, 37.3885497 ], [ 126.6627936, 37.3885479 ], [ 126.662792, 37.3885461 ], [ 126.6627905, 37.3885444 ], [ 126.662789, 37.3885428 ], [ 126.6627876, 37.3885413 ], [ 126.6627861, 37.3885397 ], [ 126.6627843, 37.3885379 ], [ 126.6627826, 37.3885362 ], [ 126.6627809, 37.3885344 ], [ 126.6627791, 37.3885325 ], [ 126.6627773, 37.3885306 ], [ 126.6627756, 37.3885289 ], [ 126.6627741, 37.3885274 ], [ 126.6627727, 37.3885257 ], [ 126.6627711, 37.3885243 ], [ 126.6627699, 37.3885229 ], [ 126.6627683, 37.3885213 ], [ 126.6627666, 37.3885196 ], [ 126.6627648, 37.3885178 ], [ 126.6627633, 37.3885164 ], [ 126.6627615, 37.3885146 ] ] } },
{ "type": "Feature", "properties": { "Vehicle_ID": 12, "Vehicle_Class": 0, "Num_Points": 150, "Start_Time": "2022-10-07 17:52:13.500", "End_Time": "2022-10-07 17:52:18.471", "Start_Frame": 0, "End_Frame": 149, "Mean_Speed": 22.7, "Max_Speed": 25.3, "Vehicle_Length": 4.78, "Vehicle_Width": 2.18 }, "geometry": { "type": "LineString", "coordinates": [ [ 126.6635521, 37.3892354 ], [ 126.6635513, 37.3892345 ], [ 126.6635502, 37.3892335 ], [ 126.6635489, 37.3892325 ], [ 126.6635479, 37.3892314 ], [ 126.6635469, 37.3892304 ], [ 126.6635457, 37.3892293 ], [ 126.6635448, 37.3892283 ], [ 126.6635437, 37.3892271 ], [ 126.6635427, 37.389226 ], [ 126.6635415, 37.3892249 ], [ 126.6635403, 37.3892237 ], [ 126.6635392, 37.3892226 ], [ 126.6635383, 37.3892216 ], [ 126.6635372, 37.3892204 ], [ 126.6635361, 37.3892193 ], [ 126.6635351, 37.3892182 ], [ 126.6635338, 37.3892169 ], [ 126.6635329, 37.389216 ], [ 126.6635318, 37.3892147 ], [ 126.6635306, 37.3892135 ], [ 126.6635295, 37.3892122 ], [ 126.6635284, 37.3892111 ], [ 126.6635272, 37.3892099 ], [ 126.6635261, 37.3892088 ], [ 126.6635248, 37.3892075 ], [ 126.6635236, 37.3892062 ], [ 126.6635224, 37.389205 ], [ 126.663521, 37.3892038 ], [ 126.6635198, 37.3892024 ], [ 126.6635186, 37.3892013 ], [ 126.6635173, 37.3891999 ], [ 126.6635158, 37.3891985 ], [ 126.6635146, 37.3891972 ], [ 126.6635133, 37.3891959 ], [ 126.6635119, 37.3891945 ], [ 126.6635106, 37.3891932 ], [ 126.6635092, 37.3891919 ], [ 126.6635078, 37.3891904 ], [ 126.6635064, 37.3891889 ], [ 126.663505, 37.3891877 ], [ 126.663504, 37.3891862 ], [ 126.6635023, 37.3891843 ], [ 126.6635015, 37.3891832 ], [ 126.6635, 37.3891818 ], [ 126.6634985, 37.3891803 ], [ 126.6634969, 37.3891788 ], [ 126.6634954, 37.3891773 ], [ 126.6634937, 37.3891759 ], [ 126.6634921, 37.3891738 ], [ 126.6634903, 37.3891725 ], [ 126.663489, 37.3891713 ], [ 126.6634879, 37.3891698 ], [ 126.663486, 37.389168 ], [ 126.6634846, 37.3891665 ], [ 126.6634834, 37.3891652 ], [ 126.6634812, 37.3891633 ], [ 126.6634801, 37.3891618 ], [ 126.6634784, 37.3891601 ], [ 126.663477, 37.3891582 ], [ 126.663475, 37.3891567 ], [ 126.6634739, 37.3891556 ], [ 126.6634719, 37.3891539 ], [ 126.6634708, 37.3891525 ], [ 126.6634691, 37.3891508 ], [ 126.663467, 37.3891486 ], [ 126.6634653, 37.3891472 ], [ 126.6634638, 37.3891458 ], [ 126.6634618, 37.3891437 ], [ 126.6634602, 37.3891421 ], [ 126.6634588, 37.3891406 ], [ 126.6634574, 37.3891391 ], [ 126.6634558, 37.3891375 ], [ 126.6634545, 37.3891362 ], [ 126.6634529, 37.3891346 ], [ 126.6634515, 37.3891332 ], [ 126.66345, 37.3891316 ], [ 126.6634487, 37.3891302 ], [ 126.6634472, 37.3891289 ], [ 126.6634461, 37.3891277 ], [ 126.6634446, 37.3891264 ], [ 126.6634433, 37.3891251 ], [ 126.6634418, 37.3891235 ], [ 126.6634406, 37.3891223 ], [ 126.6634393, 37.389121 ], [ 126.663438, 37.3891197 ], [ 126.6634366, 37.3891183 ], [ 126.6634351, 37.3891167 ], [ 126.6634333, 37.3891149 ], [ 126.6634316, 37.3891132 ], [ 126.6634299, 37.3891114 ], [ 126.6634283, 37.3891096 ], [ 126.6634264, 37.3891077 ], [ 126.6634246, 37.3891058 ], [ 126.6634229, 37.3891041 ], [ 126.6634213, 37.3891023 ], [ 126.6634197, 37.3891007 ], [ 126.663418, 37.389099 ], [ 126.6634162, 37.3890973 ], [ 126.6634146, 37.3890956 ], [ 126.663413, 37.389094 ], [ 126.6634113, 37.3890923 ], [ 126.6634096, 37.3890906 ], [ 126.6634081, 37.389089 ], [ 126.6634063, 37.3890871 ], [ 126.6634047, 37.3890856 ], [ 126.6634032, 37.3890839 ], [ 126.6634017, 37.3890825 ], [ 126.6634, 37.3890808 ], [ 126.6633986, 37.3890795 ], [ 126.663397, 37.3890777 ], [ 126.6633955, 37.389076 ], [ 126.6633939, 37.3890744 ], [ 126.6633922, 37.3890727 ], [ 126.6633911, 37.3890713 ], [ 126.6633895, 37.3890696 ], [ 126.6633879, 37.3890679 ], [ 126.6633862, 37.3890662 ], [ 126.6633848, 37.3890647 ], [ 126.6633831, 37.389063 ], [ 126.6633816, 37.3890614 ], [ 126.6633801, 37.3890597 ], [ 126.6633786, 37.3890582 ], [ 126.663377, 37.3890566 ], [ 126.6633755, 37.3890549 ], [ 126.6633738, 37.3890533 ], [ 126.6633725, 37.3890518 ], [ 126.6633708, 37.3890499 ], [ 126.6633692, 37.3890483 ], [ 126.6633675, 37.3890466 ], [ 126.6633661, 37.389045 ], [ 126.6633647, 37.3890434 ], [ 126.6633631, 37.3890417 ], [ 126.6633615, 37.3890402 ], [ 126.6633599, 37.3890384 ], [ 126.6633583, 37.3890367 ], [ 126.6633566, 37.389035 ], [ 126.6633551, 37.3890333 ], [ 126.6633535, 37.3890316 ], [ 126.663352, 37.38903 ], [ 126.6633505, 37.3890285 ], [ 126.6633488, 37.3890267 ], [ 126.6633471, 37.3890248 ], [ 126.6633455, 37.389023 ], [ 126.6633438, 37.3890212 ], [ 126.6633423, 37.3890196 ], [ 126.6633408, 37.389018 ], [ 126.6633393, 37.3890162 ], [ 126.6633376, 37.3890144 ], [ 126.663336, 37.3890127 ] ] } },
{ "type": "Feature", "properties": { "Vehicle_ID": 13, "Vehicle_Class": 0, "Num_Points": 150, "Start_Time": "2022-10-07 17:52:13.500", "End_Time": "2022-10-07 17:52:18.471", "Start_Frame": 0, "End_Frame": 149, "Mean_Speed": 1.9, "Max_Speed": 4.0, "Vehicle_Length": 5.06, "Vehicle_Width": 2.28 }, "geometry": { "type": "LineString", "coordinates": [ [ 126.6637826, 37.3891969 ], [ 126.6637825, 37.3891969 ], [ 126.6637823, 37.3891969 ], [ 126.6637822, 37.389197 ], [ 126.6637822, 37.389197 ], [ 126.6637822, 37.3891971 ], [ 126.6637822, 37.389197 ], [ 126.6637822, 37.3891971 ], [ 126.6637821, 37.389197 ], [ 126.6637821, 37.3891969 ], [ 126.6637821, 37.389197 ], [ 126.6637821, 37.389197 ], [ 126.6637822, 37.389197 ], [ 126.6637822, 37.3891971 ], [ 126.6637822, 37.389197 ], [ 126.6637823, 37.3891971 ], [ 126.6637824, 37.3891971 ], [ 126.6637823, 37.389197 ], [ 126.6637824, 37.3891971 ], [ 126.6637823, 37.389197 ], [ 126.6637823, 37.389197 ], [ 126.6637822, 37.389197 ], [ 126.6637822, 37.389197 ], [ 126.6637821, 37.3891969 ], [ 126.6637821, 37.3891969 ], [ 126.6637821, 37.3891969 ], [ 126.663782, 37.3891969 ], [ 126.663782, 37.3891969 ], [ 126.663782, 37.3891969 ], [ 126.663782, 37.3891969 ], [ 126.6637821, 37.3891971 ], [ 126.6637819, 37.3891969 ], [ 126.663782, 37.3891969 ], [ 126.6637818, 37.3891968 ], [ 126.6637818, 37.3891968 ], [ 126.6637818, 37.3891968 ], [ 126.6637818, 37.3891968 ], [ 126.6637818, 37.3891969 ], [ 126.6637817, 37.3891968 ], [ 126.6637817, 37.3891968 ], [ 126.6637817, 37.389197 ], [ 126.6637824, 37.3891971 ], [ 126.6637819, 37.3891965 ], [ 126.6637826, 37.3891969 ], [ 126.6637826, 37.389197 ], [ 126.6637826, 37.389197 ], [ 126.6637828, 37.3891971 ], [ 126.6637827, 37.3891971 ], [ 126.6637822, 37.389197 ], [ 126.6637822, 37.3891965 ], [ 126.6637821, 37.3891969 ], [ 126.6637824, 37.3891973 ], [ 126.663783, 37.3891973 ], [ 126.6637825, 37.3891971 ], [ 126.6637826, 37.3891971 ], [ 126.663783, 37.3891974 ], [ 126.6637822, 37.3891971 ], [ 126.663783, 37.3891973 ], [ 126.6637827, 37.3891971 ], [ 126.6637827, 37.3891966 ], [ 126.6637821, 37.3891965 ], [ 126.6637826, 37.3891971 ], [ 126.6637821, 37.389197 ], [ 126.6637826, 37.3891972 ], [ 126.6637828, 37.3891971 ], [ 126.6637821, 37.3891965 ], [ 126.6637827, 37.3891972 ], [ 126.6637829, 37.3891975 ], [ 126.6637827, 37.3891972 ], [ 126.6637826, 37.3891971 ], [ 126.6637826, 37.3891972 ], [ 126.6637826, 37.3891971 ], [ 126.6637825, 37.389197 ], [ 126.6637825, 37.3891971 ], [ 126.6637826, 37.3891972 ], [ 126.6637825, 37.3891971 ], [ 126.6637825, 37.389197 ], [ 126.6637826, 37.389197 ], [ 126.6637825, 37.3891971 ], [ 126.6637827, 37.3891972 ], [ 126.6637826, 37.3891972 ], [ 126.6637828, 37.3891972 ], [ 126.6637828, 37.3891971 ], [ 126.6637828, 37.3891972 ], [ 126.6637828, 37.3891971 ], [ 126.6637828, 37.3891972 ], [ 126.6637828, 37.3891972 ], [ 126.6637828, 37.3891972 ], [ 126.6637827, 37.3891972 ], [ 126.6637827, 37.3891972 ], [ 126.6637827, 37.3891972 ], [ 126.6637827, 37.3891971 ], [ 126.6637826, 37.389197 ], [ 126.6637826, 37.3891971 ], [ 126.6637829, 37.3891972 ], [ 126.6637829, 37.3891971 ], [ 126.663783, 37.3891973 ], [ 126.6637829, 37.3891971 ], [ 126.6637829, 37.3891972 ], [ 126.6637829, 37.3891973 ], [ 126.663783, 37.3891973 ], [ 126.6637828, 37.3891972 ], [ 126.6637828, 37.3891972 ], [ 126.6637828, 37.3891971 ], [ 126.6637829, 37.389197 ], [ 126.6637828, 37.3891972 ], [ 126.6637829, 37.3891971 ], [ 126.6637828, 37.3891971 ], [ 126.6637828, 37.3891971 ], [ 126.6637831, 37.3891974 ], [ 126.6637827, 37.3891971 ], [ 126.6637828, 37.3891971 ], [ 126.6637829, 37.3891971 ], [ 126.6637828, 37.3891972 ], [ 126.6637832, 37.3891973 ], [ 126.6637831, 37.3891972 ], [ 126.6637831, 37.3891971 ], [ 126.6637829, 37.3891971 ], [ 126.663783, 37.3891971 ], [ 126.6637829, 37.3891971 ], [ 126.6637829, 37.3891971 ], [ 126.663783, 37.3891972 ], [ 126.6637828, 37.389197 ], [ 126.6637829, 37.389197 ], [ 126.6637828, 37.389197 ], [ 126.6637829, 37.3891971 ], [ 126.6637831, 37.3891972 ], [ 126.6637829, 37.3891971 ], [ 126.6637828, 37.3891971 ], [ 126.6637828, 37.3891971 ], [ 126.6637828, 37.3891971 ], [ 126.6637828, 37.3891972 ], [ 126.6637829, 37.3891971 ], [ 126.6637829, 37.3891971 ], [ 126.6637828, 37.3891971 ], [ 126.6637828, 37.3891971 ], [ 126.6637829, 37.3891971 ], [ 126.6637829, 37.389197 ], [ 126.6637829, 37.3891971 ], [ 126.6637829, 37.3891971 ], [ 126.6637831, 37.3891974 ], [ 126.6637829, 37.3891972 ], [ 126.6637829, 37.3891971 ], [ 126.6637828, 37.389197 ], [ 126.6637827, 37.389197 ], [ 126.6637828, 37.389197 ], [ 126.6637829, 37.389197 ], [ 126.6637828, 37.3891969 ], [ 126.6637829, 37.389197 ], [ 126.6637829, 37.389197 ] ] } },
{ "type": "Feature", "properties": { "Vehicle_ID": 14, "Vehicle_Class": 0, "Num_Points": 150, "Start_Time": "2022-10-07 17:52:13.500", "End_Time": "2022-10-07 17:52:18.471", "Start_Frame": 0, "End_Frame": 149, "Mean_Speed": 12.9, "Max_Speed": 20.1, "Vehicle_Length": 5.36, "Vehicle_Width": 2.31 }, "geometry": { "type": "LineString", "coordinates": [ [ 126.6638353, 37.3894835 ], [ 126.663835, 37.3894833 ], [ 126.6638346, 37.389483 ], [ 126.6638342, 37.3894828 ], [ 126.663834, 37.3894826 ], [ 126.6638338, 37.3894823 ], [ 126.6638334, 37.389482 ], [ 126.6638331, 37.3894817 ], [ 126.6638327, 37.3894813 ], [ 126.6638324, 37.3894809 ], [ 126.663832, 37.3894805 ], [ 126.6638315, 37.3894802 ], [ 126.6638312, 37.3894799 ], [ 126.6638309, 37.3894795 ], [ 126.6638304, 37.3894791 ], [ 126.66383, 37.3894787 ], [ 126.6638297, 37.3894784 ], [ 126.6638292, 37.3894778 ], [ 126.6638288, 37.3894775 ], [ 126.6638282, 37.3894769 ], [ 126.6638277, 37.3894764 ], [ 126.6638271, 37.3894758 ], [ 126.6638267, 37.3894753 ], [ 126.6638262, 37.3894747 ], [ 126.6638256, 37.3894743 ], [ 126.6638252, 37.3894738 ], [ 126.6638247, 37.3894733 ], [ 126.6638241, 37.3894728 ], [ 126.6638236, 37.3894723 ], [ 126.663823, 37.3894717 ], [ 126.6638225, 37.3894714 ], [ 126.6638217, 37.3894706 ], [ 126.6638212, 37.3894701 ], [ 126.6638205, 37.3894694 ], [ 126.6638198, 37.3894687 ], [ 126.6638191, 37.3894681 ], [ 126.6638185, 37.3894676 ], [ 126.663818, 37.3894671 ], [ 126.6638173, 37.3894664 ], [ 126.6638167, 37.3894658 ], [ 126.6638162, 37.3894655 ], [ 126.6638163, 37.3894653 ], [ 126.6638151, 37.3894641 ], [ 126.6638152, 37.3894638 ], [ 126.6638146, 37.3894633 ], [ 126.663814, 37.3894627 ], [ 126.6638134, 37.3894621 ], [ 126.6638129, 37.3894617 ], [ 126.6638118, 37.389461 ], [ 126.6638111, 37.3894598 ], [ 126.6638101, 37.3894595 ], [ 126.6638099, 37.3894594 ], [ 126.6638101, 37.3894589 ], [ 126.6638089, 37.3894579 ], [ 126.6638084, 37.3894573 ], [ 126.6638082, 37.389457 ], [ 126.6638068, 37.389456 ], [ 126.6638069, 37.3894554 ], [ 126.6638061, 37.3894546 ], [ 126.6638054, 37.3894534 ], [ 126.6638042, 37.3894527 ], [ 126.6638041, 37.3894526 ], [ 126.6638029, 37.3894518 ], [ 126.6638028, 37.3894514 ], [ 126.6638021, 37.3894505 ], [ 126.663801, 37.3894491 ], [ 126.6638008, 37.3894492 ], [ 126.6638005, 37.3894489 ], [ 126.6637996, 37.389448 ], [ 126.6637987, 37.3894471 ], [ 126.663798, 37.3894463 ], [ 126.6637972, 37.3894454 ], [ 126.6637964, 37.3894445 ], [ 126.6637956, 37.3894438 ], [ 126.663795, 37.3894431 ], [ 126.6637941, 37.3894422 ], [ 126.6637933, 37.3894413 ], [ 126.6637925, 37.3894404 ], [ 126.6637915, 37.3894395 ], [ 126.6637908, 37.3894387 ], [ 126.6637899, 37.3894378 ], [ 126.6637891, 37.389437 ], [ 126.6637882, 37.389436 ], [ 126.6637875, 37.3894352 ], [ 126.6637864, 37.3894341 ], [ 126.6637855, 37.3894332 ], [ 126.6637847, 37.3894322 ], [ 126.6637837, 37.3894312 ], [ 126.6637827, 37.3894302 ], [ 126.6637818, 37.3894293 ], [ 126.6637808, 37.3894283 ], [ 126.6637797, 37.3894272 ], [ 126.6637785, 37.3894261 ], [ 126.6637777, 37.3894251 ], [ 126.6637768, 37.3894242 ], [ 126.6637759, 37.3894232 ], [ 126.6637751, 37.3894225 ], [ 126.6637738, 37.3894212 ], [ 126.6637728, 37.3894202 ], [ 126.6637718, 37.3894193 ], [ 126.6637708, 37.3894183 ], [ 126.6637696, 37.3894172 ], [ 126.6637687, 37.3894162 ], [ 126.6637676, 37.3894151 ], [ 126.6637666, 37.389414 ], [ 126.6637654, 37.389413 ], [ 126.6637643, 37.3894118 ], [ 126.6637632, 37.3894109 ], [ 126.6637621, 37.3894098 ], [ 126.6637612, 37.389409 ], [ 126.6637597, 37.3894076 ], [ 126.6637587, 37.3894064 ], [ 126.6637576, 37.3894054 ], [ 126.6637564, 37.3894044 ], [ 126.6637556, 37.3894034 ], [ 126.6637543, 37.3894021 ], [ 126.6637531, 37.3894009 ], [ 126.6637518, 37.3893996 ], [ 126.6637508, 37.3893985 ], [ 126.6637498, 37.3893975 ], [ 126.6637486, 37.3893962 ], [ 126.6637477, 37.3893951 ], [ 126.6637464, 37.3893938 ], [ 126.6637455, 37.3893926 ], [ 126.6637444, 37.3893914 ], [ 126.6637431, 37.3893902 ], [ 126.6637422, 37.3893891 ], [ 126.663741, 37.3893877 ], [ 126.6637399, 37.3893864 ], [ 126.6637386, 37.3893852 ], [ 126.6637374, 37.3893838 ], [ 126.6637362, 37.3893824 ], [ 126.663735, 37.3893811 ], [ 126.6637337, 37.3893799 ], [ 126.6637324, 37.3893785 ], [ 126.663731, 37.3893771 ], [ 126.6637299, 37.3893759 ], [ 126.6637287, 37.3893745 ], [ 126.6637276, 37.3893733 ], [ 126.6637265, 37.3893723 ], [ 126.6637257, 37.3893718 ], [ 126.6637245, 37.3893705 ], [ 126.6637227, 37.3893686 ], [ 126.6637209, 37.3893669 ], [ 126.6637195, 37.3893655 ], [ 126.663718, 37.389364 ], [ 126.6637167, 37.3893626 ], [ 126.6637153, 37.3893611 ], [ 126.663714, 37.3893599 ], [ 126.6637127, 37.3893586 ] ] } },
{ "type": "Feature", "properties": { "Vehicle_ID": 15, "Vehicle_Class": 0, "Num_Points": 150, "Start_Time": "2022-10-07 17:52:13.500", "End_Time": "2022-10-07 17:52:18.471", "Start_Frame": 0, "End_Frame": 149, "Mean_Speed": 1.4, "Max_Speed": 2.8, "Vehicle_Length": 4.56, "Vehicle_Width": 2.18 }, "geometry": { "type": "LineString", "coordinates": [ [ 126.6635232, 37.3889276 ], [ 126.6635232, 37.3889276 ], [ 126.6635231, 37.3889277 ], [ 126.6635231, 37.3889278 ], [ 126.6635231, 37.3889278 ], [ 126.6635231, 37.3889279 ], [ 126.6635231, 37.3889279 ], [ 126.663523, 37.3889279 ], [ 126.6635229, 37.3889278 ], [ 126.663523, 37.3889278 ], [ 126.6635229, 37.3889279 ], [ 126.6635229, 37.3889278 ], [ 126.6635229, 37.3889278 ], [ 126.6635229, 37.3889278 ], [ 126.6635228, 37.3889278 ], [ 126.6635228, 37.3889278 ], [ 126.6635228, 37.3889278 ], [ 126.6635227, 37.3889278 ], [ 126.6635228, 37.3889278 ], [ 126.6635226, 37.3889277 ], [ 126.6635226, 37.3889277 ], [ 126.6635226, 37.3889277 ], [ 126.6635227, 37.3889277 ], [ 126.6635227, 37.3889277 ], [ 126.6635227, 37.3889277 ], [ 126.6635227, 37.3889277 ], [ 126.6635226, 37.3889276 ], [ 126.6635226, 37.3889277 ], [ 126.6635227, 37.3889277 ], [ 126.6635227, 37.3889277 ], [ 126.6635228, 37.3889278 ], [ 126.6635227, 37.3889277 ], [ 126.6635228, 37.3889277 ], [ 126.6635227, 37.3889276 ], [ 126.6635226, 37.3889276 ], [ 126.6635226, 37.3889276 ], [ 126.6635226, 37.3889276 ], [ 126.6635226, 37.3889277 ], [ 126.6635226, 37.3889277 ], [ 126.6635225, 37.3889276 ], [ 126.6635226, 37.3889278 ], [ 126.6635229, 37.3889276 ], [ 126.6635227, 37.3889272 ], [ 126.6635233, 37.3889275 ], [ 126.6635233, 37.3889276 ], [ 126.6635233, 37.3889276 ], [ 126.6635233, 37.3889277 ], [ 126.6635233, 37.3889276 ], [ 126.663523, 37.3889276 ], [ 126.663523, 37.3889273 ], [ 126.6635231, 37.3889276 ], [ 126.6635232, 37.3889279 ], [ 126.6635236, 37.3889278 ], [ 126.6635233, 37.3889278 ], [ 126.6635234, 37.3889278 ], [ 126.6635237, 37.388928 ], [ 126.6635231, 37.3889278 ], [ 126.6635236, 37.3889279 ], [ 126.6635235, 37.3889278 ], [ 126.6635235, 37.3889274 ], [ 126.663523, 37.3889273 ], [ 126.6635234, 37.3889277 ], [ 126.6635231, 37.3889277 ], [ 126.6635234, 37.3889278 ], [ 126.6635237, 37.3889278 ], [ 126.6635231, 37.3889273 ], [ 126.6635235, 37.3889278 ], [ 126.6635237, 37.388928 ], [ 126.6635235, 37.3889279 ], [ 126.6635235, 37.3889278 ], [ 126.6635235, 37.3889279 ], [ 126.6635235, 37.3889278 ], [ 126.6635234, 37.3889278 ], [ 126.6635234, 37.3889278 ], [ 126.6635234, 37.3889278 ], [ 126.6635233, 37.3889277 ], [ 126.6635233, 37.3889277 ], [ 126.6635233, 37.3889277 ], [ 126.6635233, 37.3889277 ], [ 126.6635235, 37.3889278 ], [ 126.6635233, 37.3889277 ], [ 126.6635235, 37.3889277 ], [ 126.6635235, 37.3889277 ], [ 126.6635235, 37.3889278 ], [ 126.6635235, 37.3889277 ], [ 126.6635235, 37.3889278 ], [ 126.6635235, 37.3889278 ], [ 126.6635234, 37.3889278 ], [ 126.6635234, 37.3889277 ], [ 126.6635234, 37.3889277 ], [ 126.6635234, 37.3889278 ], [ 126.6635234, 37.3889277 ], [ 126.6635233, 37.3889277 ], [ 126.6635233, 37.3889277 ], [ 126.6635235, 37.3889278 ], [ 126.6635235, 37.3889277 ], [ 126.6635236, 37.3889278 ], [ 126.6635234, 37.3889277 ], [ 126.6635234, 37.3889278 ], [ 126.6635235, 37.3889278 ], [ 126.6635236, 37.3889279 ], [ 126.6635234, 37.3889278 ], [ 126.6635235, 37.3889278 ], [ 126.6635235, 37.3889277 ], [ 126.6635234, 37.3889276 ], [ 126.6635235, 37.3889277 ], [ 126.6635236, 37.3889276 ], [ 126.6635236, 37.3889277 ], [ 126.6635235, 37.3889276 ], [ 126.6635236, 37.3889278 ], [ 126.6635234, 37.3889276 ], [ 126.6635234, 37.3889276 ], [ 126.6635233, 37.3889275 ], [ 126.6635233, 37.3889276 ], [ 126.6635237, 37.3889278 ], [ 126.6635236, 37.3889278 ], [ 126.6635235, 37.3889277 ], [ 126.6635235, 37.3889277 ], [ 126.6635235, 37.3889277 ], [ 126.6635235, 37.3889277 ], [ 126.6635235, 37.3889277 ], [ 126.6635236, 37.3889278 ], [ 126.6635234, 37.3889276 ], [ 126.6635234, 37.3889276 ], [ 126.6635233, 37.3889275 ], [ 126.6635234, 37.3889276 ], [ 126.6635235, 37.3889277 ], [ 126.6635234, 37.3889276 ], [ 126.6635233, 37.3889276 ], [ 126.6635233, 37.3889276 ], [ 126.6635233, 37.3889276 ], [ 126.6635234, 37.3889277 ], [ 126.6635234, 37.3889277 ], [ 126.6635233, 37.3889277 ], [ 126.6635233, 37.3889277 ], [ 126.6635232, 37.3889277 ], [ 126.6635233, 37.3889277 ], [ 126.6635233, 37.3889277 ], [ 126.6635233, 37.3889278 ], [ 126.6635233, 37.3889278 ], [ 126.6635235, 37.388928 ], [ 126.6635233, 37.3889279 ], [ 126.6635233, 37.3889278 ], [ 126.6635232, 37.3889277 ], [ 126.6635232, 37.3889277 ], [ 126.6635232, 37.3889277 ], [ 126.6635233, 37.3889277 ], [ 126.6635233, 37.3889277 ], [ 126.6635233, 37.3889277 ], [ 126.6635233, 37.3889277 ] ] } },
{ "type": "Feature", "properties": { "Vehicle_ID": 16, "Vehicle_Class": 0, "Num_Points": 150, "Start_Time": "2022-10-07 17:52:13.500", "End_Time": "2022-10-07 17:52:18.471", "Start_Frame": 0, "End_Frame": 149, "Mean_Speed": 10.1, "Max_Speed": 12.0, "Vehicle_Length": 4.65, "Vehicle_Width": 2.15 }, "geometry": { "type": "LineString", "coordinates": [ [ 126.6631611, 37.3885514 ], [ 126.6631619, 37.3885523 ], [ 126.6631625, 37.388553 ], [ 126.6631632, 37.3885539 ], [ 126.6631641, 37.3885548 ], [ 126.6631649, 37.3885557 ], [ 126.6631657, 37.3885564 ], [ 126.6631663, 37.3885572 ], [ 126.6631672, 37.388558 ], [ 126.6631682, 37.3885589 ], [ 126.6631688, 37.3885597 ], [ 126.6631695, 37.3885605 ], [ 126.6631703, 37.3885613 ], [ 126.6631711, 37.3885622 ], [ 126.6631719, 37.3885629 ], [ 126.6631726, 37.3885637 ], [ 126.6631735, 37.3885645 ], [ 126.6631743, 37.3885653 ], [ 126.6631751, 37.3885661 ], [ 126.6631757, 37.3885668 ], [ 126.6631766, 37.3885676 ], [ 126.6631773, 37.3885683 ], [ 126.663178, 37.388569 ], [ 126.6631786, 37.3885697 ], [ 126.6631794, 37.3885705 ], [ 126.6631802, 37.3885713 ], [ 126.6631809, 37.388572 ], [ 126.6631816, 37.3885728 ], [ 126.6631823, 37.3885734 ], [ 126.663183, 37.388574 ], [ 126.6631838, 37.3885748 ], [ 126.6631843, 37.3885753 ], [ 126.6631848, 37.3885758 ], [ 126.6631853, 37.3885764 ], [ 126.663186, 37.3885771 ], [ 126.6631867, 37.3885778 ], [ 126.6631872, 37.3885784 ], [ 126.6631878, 37.388579 ], [ 126.6631882, 37.3885795 ], [ 126.6631888, 37.3885801 ], [ 126.6631894, 37.3885808 ], [ 126.6631901, 37.3885811 ], [ 126.6631906, 37.3885812 ], [ 126.6631915, 37.388582 ], [ 126.6631919, 37.3885825 ], [ 126.6631926, 37.3885831 ], [ 126.6631931, 37.3885837 ], [ 126.6631937, 37.3885842 ], [ 126.663194, 37.3885846 ], [ 126.6631945, 37.3885851 ], [ 126.6631952, 37.3885857 ], [ 126.6631956, 37.3885864 ], [ 126.6631963, 37.3885868 ], [ 126.6631968, 37.3885874 ], [ 126.6631975, 37.388588 ], [ 126.6631981, 37.3885886 ], [ 126.663198, 37.3885889 ], [ 126.6631988, 37.3885894 ], [ 126.6631996, 37.3885901 ], [ 126.6632001, 37.3885905 ], [ 126.6632004, 37.388591 ], [ 126.663201, 37.3885916 ], [ 126.6632013, 37.3885922 ], [ 126.6632021, 37.3885928 ], [ 126.6632029, 37.3885932 ], [ 126.663203, 37.3885936 ], [ 126.6632036, 37.3885943 ], [ 126.6632042, 37.3885949 ], [ 126.6632046, 37.3885954 ], [ 126.663205, 37.3885958 ], [ 126.6632057, 37.3885965 ], [ 126.6632063, 37.388597 ], [ 126.6632067, 37.3885975 ], [ 126.6632072, 37.388598 ], [ 126.6632077, 37.3885985 ], [ 126.6632081, 37.3885989 ], [ 126.6632087, 37.3885995 ], [ 126.6632093, 37.3886 ], [ 126.6632097, 37.3886005 ], [ 126.6632104, 37.3886011 ], [ 126.6632106, 37.3886016 ], [ 126.6632112, 37.3886021 ], [ 126.6632118, 37.3886026 ], [ 126.6632125, 37.3886033 ], [ 126.663213, 37.3886038 ], [ 126.6632135, 37.3886044 ], [ 126.663214, 37.3886049 ], [ 126.6632146, 37.3886055 ], [ 126.6632152, 37.3886061 ], [ 126.6632158, 37.3886067 ], [ 126.6632165, 37.3886073 ], [ 126.663217, 37.3886079 ], [ 126.6632176, 37.3886085 ], [ 126.6632185, 37.3886093 ], [ 126.6632193, 37.3886101 ], [ 126.6632199, 37.3886107 ], [ 126.6632206, 37.3886114 ], [ 126.6632212, 37.388612 ], [ 126.663222, 37.3886128 ], [ 126.6632226, 37.3886135 ], [ 126.6632234, 37.3886144 ], [ 126.663224, 37.3886151 ], [ 126.6632248, 37.3886159 ], [ 126.6632255, 37.3886166 ], [ 126.6632261, 37.3886171 ], [ 126.663227, 37.388618 ], [ 126.6632278, 37.3886188 ], [ 126.6632285, 37.3886195 ], [ 126.663229, 37.3886201 ], [ 126.6632298, 37.3886209 ], [ 126.6632304, 37.3886216 ], [ 126.6632311, 37.3886224 ], [ 126.6632319, 37.3886232 ], [ 126.6632326, 37.3886239 ], [ 126.6632336, 37.3886247 ], [ 126.6632342, 37.3886254 ], [ 126.6632348, 37.388626 ], [ 126.6632354, 37.3886267 ], [ 126.6632361, 37.3886274 ], [ 126.6632367, 37.3886282 ], [ 126.6632375, 37.3886291 ], [ 126.6632384, 37.3886298 ], [ 126.6632389, 37.3886305 ], [ 126.6632396, 37.3886311 ], [ 126.6632403, 37.3886319 ], [ 126.663241, 37.3886326 ], [ 126.6632418, 37.3886334 ], [ 126.6632423, 37.388634 ], [ 126.663243, 37.3886347 ], [ 126.6632436, 37.3886355 ], [ 126.6632444, 37.3886361 ], [ 126.6632452, 37.3886368 ], [ 126.6632459, 37.3886375 ], [ 126.6632466, 37.3886383 ], [ 126.6632473, 37.388639 ], [ 126.6632479, 37.3886397 ], [ 126.6632485, 37.3886403 ], [ 126.6632493, 37.388641 ], [ 126.66325, 37.3886419 ], [ 126.6632506, 37.3886424 ], [ 126.6632515, 37.3886433 ], [ 126.6632521, 37.3886439 ], [ 126.6632528, 37.3886446 ], [ 126.6632534, 37.3886453 ], [ 126.6632541, 37.388646 ], [ 126.6632547, 37.3886467 ], [ 126.6632554, 37.3886474 ], [ 126.6632562, 37.3886482 ], [ 126.6632569, 37.3886488 ], [ 126.6632576, 37.3886495 ] ] } },
{ "type": "Feature", "properties": { "Vehicle_ID": 17, "Vehicle_Class": 0, "Num_Points": 150, "Start_Time": "2022-10-07 17:52:13.500", "End_Time": "2022-10-07 17:52:18.471", "Start_Frame": 0, "End_Frame": 149, "Mean_Speed": 20.0, "Max_Speed": 24.5, "Vehicle_Length": 5.28, "Vehicle_Width": 2.32 }, "geometry": { "type": "LineString", "coordinates": [ [ 126.6628397, 37.3881787 ], [ 126.6628409, 37.3881797 ], [ 126.6628421, 37.3881809 ], [ 126.6628433, 37.3881821 ], [ 126.6628446, 37.3881833 ], [ 126.662846, 37.3881846 ], [ 126.6628473, 37.3881858 ], [ 126.6628486, 37.3881871 ], [ 126.6628499, 37.3881883 ], [ 126.6628513, 37.3881893 ], [ 126.6628525, 37.3881907 ], [ 126.6628537, 37.3881918 ], [ 126.6628551, 37.388193 ], [ 126.6628563, 37.3881942 ], [ 126.6628574, 37.3881952 ], [ 126.6628587, 37.3881965 ], [ 126.66286, 37.3881976 ], [ 126.6628612, 37.3881988 ], [ 126.6628626, 37.3882 ], [ 126.6628637, 37.3882011 ], [ 126.662865, 37.3882022 ], [ 126.6628663, 37.3882034 ], [ 126.6628674, 37.3882044 ], [ 126.6628687, 37.3882055 ], [ 126.6628699, 37.3882067 ], [ 126.6628711, 37.3882077 ], [ 126.6628725, 37.3882089 ], [ 126.6628736, 37.38821 ], [ 126.6628746, 37.3882109 ], [ 126.662876, 37.388212 ], [ 126.6628772, 37.388213 ], [ 126.6628781, 37.388214 ], [ 126.6628792, 37.3882148 ], [ 126.6628803, 37.388216 ], [ 126.6628813, 37.3882169 ], [ 126.6628825, 37.388218 ], [ 126.6628836, 37.388219 ], [ 126.6628847, 37.38822 ], [ 126.6628859, 37.3882211 ], [ 126.662887, 37.3882222 ], [ 126.662888, 37.3882231 ], [ 126.6628894, 37.3882238 ], [ 126.6628907, 37.3882245 ], [ 126.6628921, 37.3882258 ], [ 126.6628933, 37.3882269 ], [ 126.6628945, 37.388228 ], [ 126.6628953, 37.388229 ], [ 126.6628966, 37.3882298 ], [ 126.6628973, 37.3882303 ], [ 126.6628987, 37.3882315 ], [ 126.6628999, 37.3882323 ], [ 126.6629011, 37.3882338 ], [ 126.662902, 37.3882343 ], [ 126.6629033, 37.3882356 ], [ 126.6629044, 37.3882365 ], [ 126.6629055, 37.3882373 ], [ 126.6629061, 37.3882383 ], [ 126.6629072, 37.3882389 ], [ 126.6629087, 37.3882401 ], [ 126.6629097, 37.3882408 ], [ 126.6629106, 37.3882417 ], [ 126.6629117, 37.3882425 ], [ 126.6629128, 37.3882436 ], [ 126.6629138, 37.3882446 ], [ 126.6629151, 37.3882453 ], [ 126.6629161, 37.3882465 ], [ 126.6629174, 37.3882472 ], [ 126.6629187, 37.3882483 ], [ 126.6629199, 37.3882494 ], [ 126.6629212, 37.3882504 ], [ 126.6629225, 37.3882515 ], [ 126.6629237, 37.3882523 ], [ 126.6629248, 37.3882533 ], [ 126.662926, 37.3882543 ], [ 126.6629271, 37.3882554 ], [ 126.6629285, 37.3882565 ], [ 126.66293, 37.3882575 ], [ 126.6629314, 37.3882586 ], [ 126.6629327, 37.3882597 ], [ 126.6629343, 37.3882608 ], [ 126.6629355, 37.3882617 ], [ 126.6629372, 37.3882628 ], [ 126.6629388, 37.388264 ], [ 126.6629403, 37.3882653 ], [ 126.6629418, 37.3882664 ], [ 126.6629434, 37.3882676 ], [ 126.662945, 37.3882688 ], [ 126.6629465, 37.38827 ], [ 126.6629481, 37.3882711 ], [ 126.6629497, 37.3882722 ], [ 126.6629512, 37.3882736 ], [ 126.6629528, 37.3882746 ], [ 126.6629544, 37.3882758 ], [ 126.662956, 37.388277 ], [ 126.6629576, 37.3882783 ], [ 126.6629594, 37.3882795 ], [ 126.6629611, 37.3882807 ], [ 126.6629627, 37.388282 ], [ 126.6629645, 37.3882833 ], [ 126.662966, 37.3882845 ], [ 126.6629679, 37.3882859 ], [ 126.6629697, 37.3882874 ], [ 126.6629714, 37.3882888 ], [ 126.6629731, 37.38829 ], [ 126.6629748, 37.3882912 ], [ 126.6629769, 37.3882929 ], [ 126.6629786, 37.3882943 ], [ 126.6629804, 37.3882957 ], [ 126.6629821, 37.3882971 ], [ 126.6629839, 37.3882986 ], [ 126.6629857, 37.3882999 ], [ 126.6629875, 37.3883013 ], [ 126.6629894, 37.3883027 ], [ 126.6629914, 37.3883043 ], [ 126.6629935, 37.3883058 ], [ 126.6629953, 37.3883072 ], [ 126.662997, 37.3883085 ], [ 126.662999, 37.3883101 ], [ 126.6630011, 37.3883115 ], [ 126.6630028, 37.388313 ], [ 126.6630046, 37.3883144 ], [ 126.6630063, 37.3883158 ], [ 126.6630078, 37.3883171 ], [ 126.6630093, 37.3883185 ], [ 126.6630108, 37.3883199 ], [ 126.6630126, 37.3883212 ], [ 126.6630143, 37.3883227 ], [ 126.6630158, 37.388324 ], [ 126.663017, 37.388325 ], [ 126.6630188, 37.3883265 ], [ 126.6630212, 37.3883285 ], [ 126.6630236, 37.3883304 ], [ 126.6630256, 37.3883322 ], [ 126.6630275, 37.3883338 ], [ 126.6630296, 37.3883356 ], [ 126.6630313, 37.3883371 ], [ 126.6630331, 37.3883387 ], [ 126.6630348, 37.3883401 ], [ 126.6630362, 37.3883414 ], [ 126.6630379, 37.3883427 ], [ 126.6630398, 37.3883443 ], [ 126.6630415, 37.3883459 ], [ 126.6630432, 37.3883474 ], [ 126.663045, 37.3883489 ], [ 126.6630469, 37.3883506 ], [ 126.6630486, 37.3883522 ], [ 126.6630503, 37.3883535 ], [ 126.6630517, 37.3883548 ], [ 126.6630531, 37.3883558 ], [ 126.6630549, 37.3883573 ] ] } },
{ "type": "Feature", "properties": { "Vehicle_ID": 18, "Vehicle_Class": 0, "Num_Points": 150, "Start_Time": "2022-10-07 17:52:13.500", "End_Time": "2022-10-07 17:52:18.471", "Start_Frame": 0, "End_Frame": 149, "Mean_Speed": 25.0, "Max_Speed": 29.4, "Vehicle_Length": 5.17, "Vehicle_Width": 2.21 }, "geometry": { "type": "LineString", "coordinates": [ [ 126.6635776, 37.3894066 ], [ 126.6635769, 37.389406 ], [ 126.6635757, 37.3894049 ], [ 126.6635745, 37.3894038 ], [ 126.6635734, 37.3894027 ], [ 126.6635722, 37.3894015 ], [ 126.663571, 37.3894003 ], [ 126.6635699, 37.3893992 ], [ 126.6635686, 37.3893978 ], [ 126.6635676, 37.3893967 ], [ 126.6635664, 37.3893956 ], [ 126.6635652, 37.3893944 ], [ 126.6635641, 37.3893932 ], [ 126.6635629, 37.389392 ], [ 126.6635617, 37.3893907 ], [ 126.6635605, 37.3893896 ], [ 126.6635593, 37.3893884 ], [ 126.6635581, 37.3893871 ], [ 126.663557, 37.3893859 ], [ 126.6635557, 37.3893845 ], [ 126.6635545, 37.3893832 ], [ 126.6635532, 37.3893818 ], [ 126.6635519, 37.3893805 ], [ 126.6635506, 37.3893792 ], [ 126.6635494, 37.3893779 ], [ 126.6635482, 37.3893766 ], [ 126.663547, 37.3893752 ], [ 126.6635456, 37.389374 ], [ 126.6635444, 37.3893726 ], [ 126.6635432, 37.3893713 ], [ 126.663542, 37.3893701 ], [ 126.6635406, 37.3893686 ], [ 126.6635393, 37.3893672 ], [ 126.6635379, 37.3893656 ], [ 126.6635365, 37.3893641 ], [ 126.6635351, 37.3893627 ], [ 126.6635338, 37.3893613 ], [ 126.6635325, 37.3893599 ], [ 126.663531, 37.3893583 ], [ 126.6635296, 37.3893569 ], [ 126.6635283, 37.3893557 ], [ 126.6635274, 37.3893542 ], [ 126.6635254, 37.3893523 ], [ 126.6635246, 37.389351 ], [ 126.6635232, 37.3893496 ], [ 126.6635216, 37.389348 ], [ 126.6635202, 37.3893464 ], [ 126.6635187, 37.3893452 ], [ 126.663517, 37.3893437 ], [ 126.6635155, 37.3893417 ], [ 126.6635137, 37.3893404 ], [ 126.6635125, 37.3893392 ], [ 126.6635116, 37.3893379 ], [ 126.6635099, 37.3893362 ], [ 126.6635085, 37.3893346 ], [ 126.6635073, 37.3893334 ], [ 126.6635052, 37.3893316 ], [ 126.663504, 37.38933 ], [ 126.6635025, 37.3893282 ], [ 126.6635009, 37.3893262 ], [ 126.6634989, 37.3893245 ], [ 126.6634978, 37.3893234 ], [ 126.6634959, 37.3893217 ], [ 126.6634947, 37.3893202 ], [ 126.6634932, 37.3893186 ], [ 126.6634913, 37.3893164 ], [ 126.66349, 37.3893153 ], [ 126.6634887, 37.389314 ], [ 126.663487, 37.3893121 ], [ 126.6634854, 37.3893104 ], [ 126.6634839, 37.3893088 ], [ 126.6634823, 37.3893071 ], [ 126.6634807, 37.3893053 ], [ 126.6634791, 37.3893036 ], [ 126.6634775, 37.3893019 ], [ 126.6634758, 37.3893001 ], [ 126.6634742, 37.3892983 ], [ 126.6634727, 37.3892965 ], [ 126.6634708, 37.3892948 ], [ 126.6634692, 37.3892931 ], [ 126.6634673, 37.3892914 ], [ 126.6634657, 37.3892896 ], [ 126.6634639, 37.3892878 ], [ 126.6634622, 37.3892862 ], [ 126.6634604, 37.3892844 ], [ 126.6634587, 37.3892828 ], [ 126.663457, 37.3892811 ], [ 126.6634552, 37.3892793 ], [ 126.6634535, 37.3892775 ], [ 126.6634517, 37.3892758 ], [ 126.6634499, 37.3892741 ], [ 126.6634482, 37.3892722 ], [ 126.6634463, 37.3892703 ], [ 126.6634446, 37.3892685 ], [ 126.6634428, 37.3892667 ], [ 126.663441, 37.3892647 ], [ 126.6634392, 37.389263 ], [ 126.6634373, 37.3892611 ], [ 126.6634355, 37.3892593 ], [ 126.6634337, 37.3892575 ], [ 126.663432, 37.3892557 ], [ 126.6634301, 37.3892537 ], [ 126.6634284, 37.3892518 ], [ 126.6634264, 37.3892498 ], [ 126.6634246, 37.3892478 ], [ 126.6634228, 37.3892459 ], [ 126.6634211, 37.389244 ], [ 126.6634193, 37.3892421 ], [ 126.6634174, 37.3892401 ], [ 126.6634155, 37.3892383 ], [ 126.6634134, 37.3892361 ], [ 126.6634116, 37.3892342 ], [ 126.6634097, 37.3892323 ], [ 126.6634076, 37.3892304 ], [ 126.6634059, 37.3892287 ], [ 126.6634039, 37.3892266 ], [ 126.6634019, 37.3892246 ], [ 126.6633999, 37.3892227 ], [ 126.6633982, 37.3892209 ], [ 126.6633963, 37.389219 ], [ 126.6633944, 37.3892171 ], [ 126.6633927, 37.3892152 ], [ 126.6633906, 37.3892131 ], [ 126.6633887, 37.3892111 ], [ 126.6633868, 37.3892091 ], [ 126.663385, 37.3892072 ], [ 126.6633832, 37.3892054 ], [ 126.663381, 37.3892032 ], [ 126.6633788, 37.389201 ], [ 126.6633766, 37.389199 ], [ 126.6633747, 37.3891969 ], [ 126.663373, 37.389195 ], [ 126.6633712, 37.3891932 ], [ 126.6633695, 37.3891913 ], [ 126.6633676, 37.3891893 ], [ 126.6633656, 37.3891873 ], [ 126.6633638, 37.3891853 ], [ 126.663362, 37.3891834 ], [ 126.6633602, 37.3891815 ], [ 126.6633583, 37.3891797 ], [ 126.6633565, 37.3891781 ], [ 126.6633547, 37.3891761 ], [ 126.6633528, 37.3891742 ], [ 126.6633509, 37.3891724 ], [ 126.6633493, 37.3891709 ], [ 126.6633477, 37.3891693 ], [ 126.6633457, 37.3891672 ], [ 126.6633438, 37.3891652 ], [ 126.6633418, 37.3891631 ], [ 126.6633398, 37.389161 ] ] } },
{ "type": "Feature", "properties": { "Vehicle_ID": 19, "Vehicle_Class": 0, "Num_Points": 150, "Start_Time": "2022-10-07 17:52:13.500", "End_Time": "2022-10-07 17:52:18.471", "Start_Frame": 0, "End_Frame": 149, "Mean_Speed": 25.1, "Max_Speed": 26.9, "Vehicle_Length": 5.23, "Vehicle_Width": 2.23 }, "geometry": { "type": "LineString", "coordinates": [ [ 126.6634994, 37.3892541 ], [ 126.6634981, 37.3892526 ], [ 126.6634967, 37.3892511 ], [ 126.6634952, 37.3892496 ], [ 126.6634938, 37.389248 ], [ 126.6634923, 37.3892464 ], [ 126.6634909, 37.3892446 ], [ 126.6634896, 37.3892431 ], [ 126.6634882, 37.3892417 ], [ 126.663487, 37.38924 ], [ 126.6634855, 37.3892384 ], [ 126.6634841, 37.3892368 ], [ 126.6634829, 37.3892354 ], [ 126.6634816, 37.3892338 ], [ 126.6634801, 37.3892321 ], [ 126.6634788, 37.3892305 ], [ 126.6634773, 37.3892289 ], [ 126.6634758, 37.3892271 ], [ 126.6634744, 37.3892254 ], [ 126.6634728, 37.3892236 ], [ 126.6634714, 37.3892219 ], [ 126.6634701, 37.3892204 ], [ 126.6634688, 37.3892188 ], [ 126.6634675, 37.3892173 ], [ 126.6634661, 37.3892157 ], [ 126.6634648, 37.3892141 ], [ 126.6634633, 37.3892123 ], [ 126.6634619, 37.3892106 ], [ 126.6634604, 37.389209 ], [ 126.663459, 37.3892073 ], [ 126.6634576, 37.3892057 ], [ 126.6634561, 37.389204 ], [ 126.6634547, 37.3892024 ], [ 126.6634532, 37.3892008 ], [ 126.6634519, 37.3891992 ], [ 126.6634504, 37.3891976 ], [ 126.6634489, 37.3891959 ], [ 126.6634474, 37.3891942 ], [ 126.6634458, 37.3891924 ], [ 126.6634443, 37.3891907 ], [ 126.6634429, 37.3891891 ], [ 126.6634419, 37.3891874 ], [ 126.66344, 37.3891853 ], [ 126.6634392, 37.3891838 ], [ 126.6634378, 37.3891823 ], [ 126.6634366, 37.3891808 ], [ 126.6634352, 37.3891792 ], [ 126.6634338, 37.3891777 ], [ 126.6634322, 37.389176 ], [ 126.663431, 37.389174 ], [ 126.6634294, 37.3891726 ], [ 126.6634281, 37.3891712 ], [ 126.663427, 37.3891694 ], [ 126.6634253, 37.3891674 ], [ 126.6634236, 37.3891654 ], [ 126.6634222, 37.3891637 ], [ 126.6634201, 37.3891617 ], [ 126.6634189, 37.3891598 ], [ 126.6634174, 37.3891579 ], [ 126.663416, 37.389156 ], [ 126.6634142, 37.3891542 ], [ 126.6634132, 37.3891529 ], [ 126.6634114, 37.3891511 ], [ 126.6634104, 37.3891497 ], [ 126.663409, 37.389148 ], [ 126.6634071, 37.3891457 ], [ 126.6634058, 37.3891444 ], [ 126.6634047, 37.3891431 ], [ 126.6634031, 37.3891413 ], [ 126.6634016, 37.3891397 ], [ 126.6634, 37.389138 ], [ 126.6633986, 37.3891363 ], [ 126.6633969, 37.3891345 ], [ 126.6633954, 37.3891327 ], [ 126.6633936, 37.3891307 ], [ 126.6633919, 37.389129 ], [ 126.6633905, 37.3891273 ], [ 126.6633891, 37.3891256 ], [ 126.6633873, 37.3891239 ], [ 126.6633859, 37.3891223 ], [ 126.6633842, 37.3891205 ], [ 126.6633829, 37.3891189 ], [ 126.6633814, 37.3891172 ], [ 126.66338, 37.3891155 ], [ 126.6633785, 37.3891139 ], [ 126.6633769, 37.3891122 ], [ 126.6633754, 37.3891105 ], [ 126.663374, 37.3891089 ], [ 126.6633725, 37.3891071 ], [ 126.6633711, 37.3891053 ], [ 126.6633696, 37.3891037 ], [ 126.6633682, 37.3891019 ], [ 126.6633665, 37.3891001 ], [ 126.6633652, 37.3890985 ], [ 126.6633637, 37.3890969 ], [ 126.6633623, 37.3890951 ], [ 126.6633607, 37.3890935 ], [ 126.6633591, 37.3890916 ], [ 126.6633575, 37.3890899 ], [ 126.663356, 37.3890883 ], [ 126.6633544, 37.3890865 ], [ 126.6633528, 37.3890847 ], [ 126.6633513, 37.389083 ], [ 126.6633498, 37.3890812 ], [ 126.6633483, 37.3890794 ], [ 126.6633467, 37.3890777 ], [ 126.6633453, 37.3890759 ], [ 126.6633437, 37.3890742 ], [ 126.663342, 37.3890723 ], [ 126.6633406, 37.3890708 ], [ 126.6633389, 37.3890688 ], [ 126.6633375, 37.3890672 ], [ 126.6633358, 37.3890654 ], [ 126.6633342, 37.3890638 ], [ 126.6633328, 37.3890622 ], [ 126.663331, 37.3890603 ], [ 126.6633293, 37.3890584 ], [ 126.6633277, 37.3890566 ], [ 126.6633262, 37.3890549 ], [ 126.6633244, 37.3890531 ], [ 126.6633228, 37.3890514 ], [ 126.6633214, 37.3890498 ], [ 126.6633195, 37.3890478 ], [ 126.6633179, 37.3890461 ], [ 126.6633162, 37.3890443 ], [ 126.6633146, 37.3890425 ], [ 126.663313, 37.3890408 ], [ 126.6633113, 37.3890389 ], [ 126.6633096, 37.3890371 ], [ 126.6633078, 37.3890353 ], [ 126.6633061, 37.3890333 ], [ 126.6633046, 37.3890316 ], [ 126.6633029, 37.3890297 ], [ 126.6633011, 37.3890279 ], [ 126.6632995, 37.3890261 ], [ 126.6632979, 37.3890244 ], [ 126.6632962, 37.3890226 ], [ 126.6632945, 37.3890207 ], [ 126.6632929, 37.3890191 ], [ 126.6632911, 37.3890172 ], [ 126.6632895, 37.3890156 ], [ 126.6632877, 37.3890137 ], [ 126.663286, 37.3890118 ], [ 126.6632843, 37.38901 ], [ 126.6632826, 37.3890081 ], [ 126.663281, 37.3890065 ], [ 126.6632793, 37.3890046 ], [ 126.6632775, 37.3890028 ], [ 126.6632758, 37.3890009 ], [ 126.6632741, 37.3889992 ] ] } },
{ "type": "Feature", "properties": { "Vehicle_ID": 20, "Vehicle_Class": 0, "Num_Points": 150, "Start_Time": "2022-10-07 17:52:13.500", "End_Time": "2022-10-07 17:52:18.471", "Start_Frame": 0, "End_Frame": 149, "Mean_Speed": 1.9, "Max_Speed": 3.8, "Vehicle_Length": 5.11, "Vehicle_Width": 2.24 }, "geometry": { "type": "LineString", "coordinates": [ [ 126.6637473, 37.3891164 ], [ 126.6637472, 37.3891164 ], [ 126.6637471, 37.3891164 ], [ 126.663747, 37.3891164 ], [ 126.663747, 37.3891165 ], [ 126.663747, 37.3891165 ], [ 126.6637469, 37.3891164 ], [ 126.6637469, 37.3891164 ], [ 126.6637468, 37.3891163 ], [ 126.6637469, 37.3891162 ], [ 126.6637468, 37.3891163 ], [ 126.6637467, 37.3891162 ], [ 126.6637467, 37.3891163 ], [ 126.6637467, 37.3891163 ], [ 126.6637467, 37.3891163 ], [ 126.6637467, 37.3891163 ], [ 126.6637468, 37.3891163 ], [ 126.6637467, 37.3891163 ], [ 126.6637468, 37.3891164 ], [ 126.6637467, 37.3891163 ], [ 126.6637467, 37.3891162 ], [ 126.6637466, 37.3891162 ], [ 126.6637466, 37.3891162 ], [ 126.6637466, 37.3891162 ], [ 126.6637466, 37.3891162 ], [ 126.6637466, 37.3891163 ], [ 126.6637466, 37.3891162 ], [ 126.6637466, 37.3891163 ], [ 126.6637466, 37.3891163 ], [ 126.6637466, 37.3891163 ], [ 126.6637468, 37.3891165 ], [ 126.6637467, 37.3891163 ], [ 126.6637468, 37.3891164 ], [ 126.6637466, 37.3891163 ], [ 126.6637465, 37.3891163 ], [ 126.6637465, 37.3891163 ], [ 126.6637465, 37.3891163 ], [ 126.6637465, 37.3891164 ], [ 126.6637464, 37.3891163 ], [ 126.6637464, 37.3891163 ], [ 126.6637464, 37.3891164 ], [ 126.663747, 37.3891165 ], [ 126.6637466, 37.3891159 ], [ 126.6637473, 37.3891163 ], [ 126.6637473, 37.3891163 ], [ 126.6637473, 37.3891163 ], [ 126.6637474, 37.3891164 ], [ 126.6637474, 37.3891163 ], [ 126.6637469, 37.3891163 ], [ 126.6637469, 37.3891158 ], [ 126.6637469, 37.3891162 ], [ 126.6637471, 37.3891165 ], [ 126.6637477, 37.3891165 ], [ 126.6637472, 37.3891163 ], [ 126.6637473, 37.3891164 ], [ 126.6637477, 37.3891167 ], [ 126.6637468, 37.3891163 ], [ 126.6637477, 37.3891165 ], [ 126.6637474, 37.3891164 ], [ 126.6637474, 37.3891159 ], [ 126.6637468, 37.3891159 ], [ 126.6637473, 37.3891164 ], [ 126.6637469, 37.3891164 ], [ 126.6637473, 37.3891165 ], [ 126.6637476, 37.3891165 ], [ 126.663747, 37.3891159 ], [ 126.6637475, 37.3891165 ], [ 126.6637477, 37.3891168 ], [ 126.6637474, 37.3891166 ], [ 126.6637473, 37.3891165 ], [ 126.6637473, 37.3891165 ], [ 126.6637473, 37.3891164 ], [ 126.6637471, 37.3891163 ], [ 126.6637471, 37.3891164 ], [ 126.6637471, 37.3891164 ], [ 126.6637469, 37.3891163 ], [ 126.6637469, 37.3891163 ], [ 126.663747, 37.3891163 ], [ 126.663747, 37.3891163 ], [ 126.6637471, 37.3891165 ], [ 126.663747, 37.3891164 ], [ 126.6637472, 37.3891165 ], [ 126.6637472, 37.3891165 ], [ 126.6637473, 37.3891166 ], [ 126.6637472, 37.3891166 ], [ 126.6637473, 37.3891167 ], [ 126.6637473, 37.3891167 ], [ 126.6637473, 37.3891167 ], [ 126.6637473, 37.3891167 ], [ 126.6637472, 37.3891166 ], [ 126.6637472, 37.3891166 ], [ 126.6637472, 37.3891165 ], [ 126.6637471, 37.3891164 ], [ 126.6637472, 37.3891164 ], [ 126.6637474, 37.3891165 ], [ 126.6637474, 37.3891164 ], [ 126.6637475, 37.3891165 ], [ 126.6637474, 37.3891164 ], [ 126.6637474, 37.3891165 ], [ 126.6637475, 37.3891165 ], [ 126.6637476, 37.3891165 ], [ 126.6637474, 37.3891164 ], [ 126.6637475, 37.3891164 ], [ 126.6637475, 37.3891163 ], [ 126.6637475, 37.3891163 ], [ 126.6637475, 37.3891164 ], [ 126.6637475, 37.3891163 ], [ 126.6637475, 37.3891164 ], [ 126.6637474, 37.3891164 ], [ 126.6637477, 37.3891166 ], [ 126.6637473, 37.3891164 ], [ 126.6637474, 37.3891164 ], [ 126.6637475, 37.3891164 ], [ 126.6637473, 37.3891164 ], [ 126.6637477, 37.3891166 ], [ 126.6637475, 37.3891165 ], [ 126.6637476, 37.3891164 ], [ 126.6637474, 37.3891164 ], [ 126.6637475, 37.3891164 ], [ 126.6637476, 37.3891165 ], [ 126.6637475, 37.3891166 ], [ 126.6637477, 37.3891166 ], [ 126.6637475, 37.3891165 ], [ 126.6637476, 37.3891165 ], [ 126.6637476, 37.3891165 ], [ 126.6637476, 37.3891165 ], [ 126.6637478, 37.3891167 ], [ 126.6637476, 37.3891165 ], [ 126.6637476, 37.3891165 ], [ 126.6637475, 37.3891164 ], [ 126.6637476, 37.3891164 ], [ 126.6637476, 37.3891164 ], [ 126.6637476, 37.3891164 ], [ 126.6637475, 37.3891164 ], [ 126.6637475, 37.3891163 ], [ 126.6637473, 37.3891163 ], [ 126.6637474, 37.3891163 ], [ 126.6637474, 37.3891163 ], [ 126.6637474, 37.3891163 ], [ 126.6637474, 37.3891164 ], [ 126.6637476, 37.3891166 ], [ 126.6637474, 37.3891164 ], [ 126.6637473, 37.3891162 ], [ 126.6637472, 37.3891161 ], [ 126.6637471, 37.3891161 ], [ 126.6637471, 37.3891161 ], [ 126.6637473, 37.3891161 ], [ 126.6637472, 37.389116 ], [ 126.6637473, 37.3891161 ], [ 126.6637472, 37.3891161 ] ] } },
{ "type": "Feature", "properties": { "Vehicle_ID": 21, "Vehicle_Class": 0, "Num_Points": 150, "Start_Time": "2022-10-07 17:52:13.500", "End_Time": "2022-10-07 17:52:18.471", "Start_Frame": 0, "End_Frame": 149, "Mean_Speed": 3.7, "Max_Speed": 8.5, "Vehicle_Length": 4.83, "Vehicle_Width": 2.16 }, "geometry": { "type": "LineString", "coordinates": [ [ 126.6639178, 37.3893425 ], [ 126.6639177, 37.3893425 ], [ 126.6639176, 37.3893425 ], [ 126.6639175, 37.3893425 ], [ 126.6639175, 37.3893425 ], [ 126.6639175, 37.3893425 ], [ 126.6639174, 37.3893425 ], [ 126.6639174, 37.3893425 ], [ 126.6639173, 37.3893424 ], [ 126.6639174, 37.3893424 ], [ 126.6639173, 37.3893425 ], [ 126.6639173, 37.3893424 ], [ 126.6639173, 37.3893425 ], [ 126.6639173, 37.3893425 ], [ 126.6639173, 37.3893424 ], [ 126.6639173, 37.3893424 ], [ 126.6639173, 37.3893425 ], [ 126.6639173, 37.3893424 ], [ 126.6639174, 37.3893425 ], [ 126.6639173, 37.3893424 ], [ 126.6639173, 37.3893424 ], [ 126.6639172, 37.3893423 ], [ 126.6639172, 37.3893423 ], [ 126.6639172, 37.3893423 ], [ 126.6639172, 37.3893423 ], [ 126.6639172, 37.3893423 ], [ 126.6639172, 37.3893423 ], [ 126.6639172, 37.3893423 ], [ 126.6639172, 37.3893423 ], [ 126.6639172, 37.3893423 ], [ 126.6639173, 37.3893425 ], [ 126.6639172, 37.3893424 ], [ 126.6639173, 37.3893425 ], [ 126.6639171, 37.3893424 ], [ 126.663917, 37.3893423 ], [ 126.663917, 37.3893423 ], [ 126.663917, 37.3893423 ], [ 126.663917, 37.3893424 ], [ 126.6639169, 37.3893423 ], [ 126.6639168, 37.3893423 ], [ 126.6639169, 37.3893425 ], [ 126.6639176, 37.3893428 ], [ 126.663917, 37.3893421 ], [ 126.6639178, 37.3893425 ], [ 126.6639178, 37.3893426 ], [ 126.6639178, 37.3893426 ], [ 126.663918, 37.3893427 ], [ 126.663918, 37.3893427 ], [ 126.6639173, 37.3893426 ], [ 126.6639173, 37.3893419 ], [ 126.6639171, 37.3893424 ], [ 126.6639175, 37.3893429 ], [ 126.6639183, 37.3893429 ], [ 126.6639177, 37.3893426 ], [ 126.6639177, 37.3893426 ], [ 126.6639181, 37.3893429 ], [ 126.6639172, 37.3893425 ], [ 126.6639181, 37.3893427 ], [ 126.6639177, 37.3893425 ], [ 126.6639176, 37.3893419 ], [ 126.6639169, 37.3893418 ], [ 126.6639176, 37.3893425 ], [ 126.6639171, 37.3893424 ], [ 126.6639176, 37.3893426 ], [ 126.6639178, 37.3893425 ], [ 126.6639171, 37.3893417 ], [ 126.6639178, 37.3893426 ], [ 126.6639182, 37.389343 ], [ 126.6639179, 37.3893427 ], [ 126.6639178, 37.3893426 ], [ 126.6639178, 37.3893427 ], [ 126.6639177, 37.3893425 ], [ 126.6639176, 37.3893425 ], [ 126.6639176, 37.3893426 ], [ 126.6639178, 37.3893426 ], [ 126.6639176, 37.3893425 ], [ 126.6639175, 37.3893424 ], [ 126.6639176, 37.3893424 ], [ 126.6639176, 37.3893425 ], [ 126.6639177, 37.3893427 ], [ 126.6639175, 37.3893427 ], [ 126.6639177, 37.3893427 ], [ 126.6639177, 37.3893427 ], [ 126.6639178, 37.3893427 ], [ 126.6639179, 37.3893427 ], [ 126.6639179, 37.3893428 ], [ 126.6639179, 37.3893428 ], [ 126.6639179, 37.3893428 ], [ 126.6639179, 37.3893428 ], [ 126.6639179, 37.3893428 ], [ 126.6639178, 37.3893428 ], [ 126.6639178, 37.3893428 ], [ 126.6639176, 37.3893426 ], [ 126.6639177, 37.3893427 ], [ 126.6639179, 37.3893428 ], [ 126.663918, 37.3893428 ], [ 126.6639182, 37.389343 ], [ 126.663918, 37.3893429 ], [ 126.663918, 37.389343 ], [ 126.6639181, 37.3893432 ], [ 126.6639183, 37.3893433 ], [ 126.6639182, 37.3893432 ], [ 126.6639183, 37.3893432 ], [ 126.6639183, 37.3893433 ], [ 126.6639185, 37.3893433 ], [ 126.6639185, 37.3893435 ], [ 126.6639187, 37.3893435 ], [ 126.6639188, 37.3893437 ], [ 126.6639189, 37.3893438 ], [ 126.6639192, 37.3893442 ], [ 126.6639188, 37.389344 ], [ 126.6639191, 37.3893443 ], [ 126.6639193, 37.3893445 ], [ 126.6639194, 37.3893448 ], [ 126.6639203, 37.3893453 ], [ 126.6639203, 37.3893454 ], [ 126.6639205, 37.3893455 ], [ 126.6639205, 37.3893456 ], [ 126.6639207, 37.3893459 ], [ 126.663921, 37.3893462 ], [ 126.6639212, 37.3893465 ], [ 126.6639219, 37.3893469 ], [ 126.663922, 37.3893471 ], [ 126.6639224, 37.3893475 ], [ 126.6639228, 37.3893478 ], [ 126.6639233, 37.3893483 ], [ 126.6639238, 37.3893489 ], [ 126.6639242, 37.3893492 ], [ 126.6639247, 37.3893497 ], [ 126.6639251, 37.3893502 ], [ 126.6639257, 37.3893506 ], [ 126.6639262, 37.3893511 ], [ 126.6639267, 37.3893516 ], [ 126.6639271, 37.389352 ], [ 126.6639275, 37.3893525 ], [ 126.6639281, 37.389353 ], [ 126.6639287, 37.3893536 ], [ 126.6639293, 37.3893542 ], [ 126.6639299, 37.3893549 ], [ 126.6639304, 37.3893554 ], [ 126.6639311, 37.3893564 ], [ 126.6639315, 37.3893568 ], [ 126.6639321, 37.3893572 ], [ 126.6639325, 37.3893578 ], [ 126.663933, 37.3893583 ], [ 126.6639336, 37.3893589 ], [ 126.6639344, 37.3893597 ], [ 126.663935, 37.3893602 ], [ 126.6639357, 37.389361 ], [ 126.6639363, 37.3893616 ] ] } },
{ "type": "Feature", "properties": { "Vehicle_ID": 22, "Vehicle_Class": 0, "Num_Points": 150, "Start_Time": "2022-10-07 17:52:13.500", "End_Time": "2022-10-07 17:52:18.471", "Start_Frame": 0, "End_Frame": 149, "Mean_Speed": 18.0, "Max_Speed": 22.7, "Vehicle_Length": 4.85, "Vehicle_Width": 2.21 }, "geometry": { "type": "LineString", "coordinates": [ [ 126.6635133, 37.388823 ], [ 126.6635141, 37.3888238 ], [ 126.6635148, 37.3888247 ], [ 126.6635156, 37.3888259 ], [ 126.6635167, 37.3888269 ], [ 126.6635175, 37.3888278 ], [ 126.6635186, 37.3888288 ], [ 126.6635194, 37.3888299 ], [ 126.6635201, 37.3888308 ], [ 126.6635211, 37.3888317 ], [ 126.6635219, 37.3888328 ], [ 126.6635227, 37.3888338 ], [ 126.6635237, 37.3888347 ], [ 126.6635247, 37.3888358 ], [ 126.6635256, 37.3888367 ], [ 126.6635265, 37.3888378 ], [ 126.6635275, 37.3888389 ], [ 126.6635284, 37.3888398 ], [ 126.6635294, 37.3888409 ], [ 126.6635303, 37.3888417 ], [ 126.6635312, 37.3888426 ], [ 126.663532, 37.3888436 ], [ 126.6635329, 37.3888445 ], [ 126.6635338, 37.3888455 ], [ 126.6635348, 37.3888465 ], [ 126.6635357, 37.3888475 ], [ 126.6635366, 37.3888484 ], [ 126.6635376, 37.3888494 ], [ 126.6635384, 37.3888505 ], [ 126.6635395, 37.3888515 ], [ 126.6635406, 37.3888527 ], [ 126.6635413, 37.3888535 ], [ 126.6635423, 37.3888544 ], [ 126.6635431, 37.3888554 ], [ 126.663544, 37.3888563 ], [ 126.6635449, 37.3888573 ], [ 126.6635458, 37.3888583 ], [ 126.6635468, 37.3888594 ], [ 126.6635475, 37.3888602 ], [ 126.6635484, 37.3888611 ], [ 126.6635494, 37.3888622 ], [ 126.6635507, 37.388863 ], [ 126.6635514, 37.3888634 ], [ 126.6635529, 37.3888648 ], [ 126.6635538, 37.3888659 ], [ 126.6635547, 37.3888667 ], [ 126.6635558, 37.3888677 ], [ 126.6635567, 37.3888686 ], [ 126.6635572, 37.3888695 ], [ 126.6635581, 37.38887 ], [ 126.6635591, 37.3888713 ], [ 126.66356, 37.3888726 ], [ 126.6635615, 37.3888734 ], [ 126.6635621, 37.3888743 ], [ 126.6635632, 37.3888753 ], [ 126.6635644, 37.3888765 ], [ 126.6635646, 37.3888771 ], [ 126.6635662, 37.3888783 ], [ 126.663567, 37.3888793 ], [ 126.663568, 37.3888799 ], [ 126.6635685, 37.3888809 ], [ 126.6635697, 37.3888822 ], [ 126.6635704, 37.3888833 ], [ 126.6635716, 37.3888845 ], [ 126.663573, 37.3888855 ], [ 126.6635733, 37.3888861 ], [ 126.6635747, 37.3888876 ], [ 126.6635759, 37.3888889 ], [ 126.6635767, 37.3888897 ], [ 126.6635776, 37.3888908 ], [ 126.6635788, 37.388892 ], [ 126.6635798, 37.388893 ], [ 126.6635809, 37.3888941 ], [ 126.6635818, 37.3888952 ], [ 126.6635829, 37.3888963 ], [ 126.6635839, 37.3888975 ], [ 126.6635851, 37.3888986 ], [ 126.6635863, 37.3888999 ], [ 126.6635873, 37.388901 ], [ 126.6635885, 37.3889022 ], [ 126.6635895, 37.3889034 ], [ 126.6635911, 37.3889049 ], [ 126.6635925, 37.3889063 ], [ 126.6635938, 37.3889077 ], [ 126.6635948, 37.3889087 ], [ 126.6635961, 37.3889101 ], [ 126.6635973, 37.3889115 ], [ 126.6635983, 37.3889126 ], [ 126.6635995, 37.3889138 ], [ 126.6636006, 37.3889149 ], [ 126.6636018, 37.3889162 ], [ 126.6636031, 37.3889176 ], [ 126.6636043, 37.3889187 ], [ 126.6636057, 37.3889201 ], [ 126.663607, 37.3889213 ], [ 126.6636083, 37.3889225 ], [ 126.6636098, 37.3889242 ], [ 126.6636111, 37.3889257 ], [ 126.6636125, 37.3889272 ], [ 126.6636136, 37.3889286 ], [ 126.663615, 37.38893 ], [ 126.6636161, 37.3889312 ], [ 126.663617, 37.3889321 ], [ 126.663618, 37.3889331 ], [ 126.6636192, 37.3889341 ], [ 126.6636206, 37.3889356 ], [ 126.6636219, 37.3889369 ], [ 126.6636234, 37.3889384 ], [ 126.6636247, 37.3889399 ], [ 126.6636263, 37.3889415 ], [ 126.6636274, 37.3889429 ], [ 126.6636285, 37.388944 ], [ 126.6636295, 37.3889451 ], [ 126.6636306, 37.3889464 ], [ 126.6636323, 37.3889479 ], [ 126.6636333, 37.3889491 ], [ 126.6636346, 37.3889505 ], [ 126.6636357, 37.3889519 ], [ 126.6636373, 37.3889534 ], [ 126.6636387, 37.3889549 ], [ 126.6636402, 37.3889565 ], [ 126.6636422, 37.3889585 ], [ 126.6636438, 37.3889601 ], [ 126.6636452, 37.3889616 ], [ 126.6636467, 37.3889631 ], [ 126.663648, 37.3889646 ], [ 126.6636495, 37.3889661 ], [ 126.6636506, 37.3889674 ], [ 126.6636521, 37.3889689 ], [ 126.6636537, 37.3889706 ], [ 126.6636554, 37.3889723 ], [ 126.6636571, 37.3889741 ], [ 126.6636585, 37.3889757 ], [ 126.66366, 37.3889772 ], [ 126.6636615, 37.3889787 ], [ 126.6636629, 37.3889803 ], [ 126.6636644, 37.3889817 ], [ 126.6636659, 37.3889832 ], [ 126.6636674, 37.3889848 ], [ 126.6636688, 37.3889864 ], [ 126.6636703, 37.388988 ], [ 126.6636716, 37.3889893 ], [ 126.6636731, 37.3889907 ], [ 126.6636743, 37.3889921 ], [ 126.6636758, 37.3889936 ], [ 126.6636773, 37.3889951 ], [ 126.6636788, 37.3889966 ], [ 126.6636801, 37.388998 ], [ 126.6636815, 37.3889995 ], [ 126.663683, 37.389001 ] ] } },
{ "type": "Feature", "properties": { "Vehicle_ID": 23, "Vehicle_Class": 0, "Num_Points": 150, "Start_Time": "2022-10-07 17:52:13.500", "End_Time": "2022-10-07 17:52:18.471", "Start_Frame": 0, "End_Frame": 149, "Mean_Speed": 45.0, "Max_Speed": 47.2, "Vehicle_Length": 5.37, "Vehicle_Width": 2.29 }, "geometry": { "type": "LineString", "coordinates": [ [ 126.6628376, 37.3885023 ], [ 126.6628351, 37.3884996 ], [ 126.6628325, 37.388497 ], [ 126.6628297, 37.3884942 ], [ 126.6628271, 37.3884916 ], [ 126.6628246, 37.388489 ], [ 126.6628218, 37.3884863 ], [ 126.6628191, 37.3884837 ], [ 126.6628166, 37.3884811 ], [ 126.662814, 37.388478 ], [ 126.6628109, 37.3884752 ], [ 126.6628079, 37.388472 ], [ 126.6628055, 37.3884694 ], [ 126.6628031, 37.3884671 ], [ 126.6628003, 37.3884643 ], [ 126.6627974, 37.3884614 ], [ 126.6627946, 37.3884584 ], [ 126.662792, 37.3884554 ], [ 126.6627893, 37.3884526 ], [ 126.6627869, 37.3884502 ], [ 126.662785, 37.3884483 ], [ 126.6627821, 37.3884454 ], [ 126.6627791, 37.3884422 ], [ 126.6627758, 37.3884387 ], [ 126.6627728, 37.3884355 ], [ 126.6627701, 37.3884327 ], [ 126.6627677, 37.3884301 ], [ 126.6627653, 37.3884277 ], [ 126.6627624, 37.3884248 ], [ 126.6627594, 37.3884217 ], [ 126.6627565, 37.3884187 ], [ 126.6627537, 37.3884157 ], [ 126.6627508, 37.3884125 ], [ 126.662748, 37.3884097 ], [ 126.6627453, 37.3884071 ], [ 126.6627424, 37.3884044 ], [ 126.6627395, 37.3884015 ], [ 126.6627367, 37.3883986 ], [ 126.6627335, 37.3883953 ], [ 126.6627309, 37.3883927 ], [ 126.6627284, 37.3883902 ], [ 126.6627259, 37.3883871 ], [ 126.6627232, 37.3883841 ], [ 126.6627208, 37.3883813 ], [ 126.6627182, 37.3883786 ], [ 126.6627156, 37.3883759 ], [ 126.6627126, 37.3883731 ], [ 126.66271, 37.3883702 ], [ 126.6627069, 37.3883671 ], [ 126.6627043, 37.3883644 ], [ 126.6627016, 37.3883613 ], [ 126.6626987, 37.3883585 ], [ 126.6626956, 37.3883554 ], [ 126.6626931, 37.3883526 ], [ 126.6626904, 37.3883497 ], [ 126.6626876, 37.3883468 ], [ 126.6626844, 37.3883438 ], [ 126.6626815, 37.3883409 ], [ 126.6626793, 37.3883382 ], [ 126.6626763, 37.3883352 ], [ 126.6626734, 37.3883323 ], [ 126.6626706, 37.3883293 ], [ 126.6626678, 37.3883264 ], [ 126.662665, 37.3883236 ], [ 126.6626621, 37.3883204 ], [ 126.6626593, 37.3883175 ], [ 126.6626563, 37.3883143 ], [ 126.6626537, 37.3883115 ], [ 126.662651, 37.3883086 ], [ 126.6626481, 37.3883055 ], [ 126.6626454, 37.3883026 ], [ 126.6626424, 37.3882995 ], [ 126.6626395, 37.3882966 ], [ 126.6626364, 37.3882934 ], [ 126.6626332, 37.3882901 ], [ 126.6626302, 37.388287 ], [ 126.6626276, 37.3882844 ], [ 126.662625, 37.3882816 ], [ 126.6626218, 37.3882785 ], [ 126.662619, 37.3882755 ], [ 126.6626164, 37.3882728 ], [ 126.662614, 37.3882701 ], [ 126.6626109, 37.3882669 ], [ 126.6626077, 37.3882636 ], [ 126.6626047, 37.3882605 ], [ 126.6626016, 37.3882574 ], [ 126.6625987, 37.3882545 ], [ 126.6625955, 37.3882513 ], [ 126.6625925, 37.3882482 ], [ 126.6625898, 37.3882455 ], [ 126.6625868, 37.3882424 ], [ 126.6625837, 37.3882392 ], [ 126.6625807, 37.3882361 ], [ 126.6625777, 37.3882331 ], [ 126.6625747, 37.38823 ], [ 126.6625717, 37.388227 ], [ 126.6625688, 37.3882241 ], [ 126.6625657, 37.388221 ], [ 126.6625626, 37.388218 ], [ 126.6625595, 37.3882149 ], [ 126.6625566, 37.3882119 ], [ 126.6625537, 37.3882089 ], [ 126.6625506, 37.3882057 ], [ 126.6625477, 37.3882025 ], [ 126.6625444, 37.3881993 ], [ 126.6625418, 37.3881964 ], [ 126.6625388, 37.3881933 ], [ 126.6625358, 37.3881902 ], [ 126.6625328, 37.3881872 ], [ 126.6625297, 37.388184 ], [ 126.6625267, 37.3881807 ], [ 126.6625235, 37.3881776 ], [ 126.6625205, 37.3881747 ], [ 126.6625175, 37.3881715 ], [ 126.6625143, 37.3881683 ], [ 126.6625113, 37.3881653 ], [ 126.6625082, 37.3881622 ], [ 126.6625052, 37.3881592 ], [ 126.6625021, 37.3881561 ], [ 126.662499, 37.388153 ], [ 126.6624961, 37.38815 ], [ 126.6624931, 37.3881467 ], [ 126.66249, 37.3881436 ], [ 126.6624869, 37.3881404 ], [ 126.662484, 37.3881374 ], [ 126.662481, 37.3881343 ], [ 126.6624781, 37.3881313 ], [ 126.6624749, 37.3881281 ], [ 126.6624718, 37.3881249 ], [ 126.6624687, 37.3881218 ], [ 126.6624655, 37.3881187 ], [ 126.6624625, 37.3881156 ], [ 126.6624594, 37.3881125 ], [ 126.6624563, 37.3881094 ], [ 126.6624533, 37.3881064 ], [ 126.6624502, 37.3881033 ], [ 126.662447, 37.3881001 ], [ 126.662444, 37.3880971 ], [ 126.6624411, 37.3880939 ], [ 126.662438, 37.3880907 ], [ 126.6624351, 37.3880874 ], [ 126.6624322, 37.3880845 ], [ 126.6624294, 37.3880815 ], [ 126.6624264, 37.3880784 ], [ 126.6624233, 37.3880751 ], [ 126.6624203, 37.3880721 ], [ 126.6624173, 37.3880688 ], [ 126.6624142, 37.3880657 ], [ 126.6624111, 37.3880625 ], [ 126.6624081, 37.3880596 ] ] } },
{ "type": "Feature", "properties": { "Vehicle_ID": 24, "Vehicle_Class": 0, "Num_Points": 150, "Start_Time": "2022-10-07 17:52:13.500", "End_Time": "2022-10-07 17:52:18.471", "Start_Frame": 0, "End_Frame": 149, "Mean_Speed": 32.9, "Max_Speed": 39.2, "Vehicle_Length": 4.87, "Vehicle_Width": 2.18 }, "geometry": { "type": "LineString", "coordinates": [ [ 126.6631426, 37.388963 ], [ 126.663141, 37.3889615 ], [ 126.6631391, 37.3889597 ], [ 126.663137, 37.3889577 ], [ 126.663135, 37.3889557 ], [ 126.6631332, 37.3889538 ], [ 126.6631312, 37.3889517 ], [ 126.6631292, 37.3889498 ], [ 126.6631271, 37.3889476 ], [ 126.6631252, 37.3889455 ], [ 126.663123, 37.3889435 ], [ 126.6631209, 37.3889414 ], [ 126.6631192, 37.3889397 ], [ 126.6631174, 37.3889378 ], [ 126.6631156, 37.3889361 ], [ 126.6631137, 37.3889344 ], [ 126.6631119, 37.3889325 ], [ 126.66311, 37.3889305 ], [ 126.6631084, 37.3889287 ], [ 126.6631067, 37.388927 ], [ 126.6631054, 37.3889256 ], [ 126.6631038, 37.3889241 ], [ 126.6631022, 37.3889225 ], [ 126.6631006, 37.3889208 ], [ 126.6630988, 37.3889191 ], [ 126.6630968, 37.388917 ], [ 126.6630945, 37.3889147 ], [ 126.6630922, 37.3889124 ], [ 126.6630898, 37.3889101 ], [ 126.6630877, 37.388908 ], [ 126.6630857, 37.3889061 ], [ 126.6630842, 37.3889047 ], [ 126.6630831, 37.3889038 ], [ 126.6630818, 37.3889023 ], [ 126.6630801, 37.3889007 ], [ 126.6630783, 37.3888988 ], [ 126.6630761, 37.3888967 ], [ 126.6630739, 37.3888945 ], [ 126.6630718, 37.3888925 ], [ 126.6630699, 37.3888904 ], [ 126.6630678, 37.3888885 ], [ 126.6630662, 37.3888864 ], [ 126.6630643, 37.3888843 ], [ 126.6630629, 37.3888824 ], [ 126.6630603, 37.3888799 ], [ 126.6630586, 37.388878 ], [ 126.6630566, 37.3888763 ], [ 126.6630549, 37.3888744 ], [ 126.6630529, 37.3888726 ], [ 126.6630509, 37.3888703 ], [ 126.6630492, 37.3888687 ], [ 126.6630475, 37.3888669 ], [ 126.6630461, 37.3888651 ], [ 126.6630441, 37.3888629 ], [ 126.6630423, 37.3888611 ], [ 126.6630406, 37.3888593 ], [ 126.6630381, 37.3888571 ], [ 126.6630362, 37.3888551 ], [ 126.6630345, 37.388853 ], [ 126.6630326, 37.3888508 ], [ 126.6630306, 37.3888489 ], [ 126.6630287, 37.388847 ], [ 126.6630266, 37.3888451 ], [ 126.6630248, 37.3888432 ], [ 126.6630228, 37.3888412 ], [ 126.6630207, 37.3888387 ], [ 126.6630188, 37.3888368 ], [ 126.6630168, 37.388835 ], [ 126.6630148, 37.3888329 ], [ 126.6630128, 37.3888308 ], [ 126.6630108, 37.3888288 ], [ 126.6630089, 37.3888267 ], [ 126.6630069, 37.3888246 ], [ 126.6630047, 37.3888225 ], [ 126.6630027, 37.3888206 ], [ 126.6630007, 37.3888184 ], [ 126.6629986, 37.3888163 ], [ 126.6629966, 37.3888141 ], [ 126.6629945, 37.388812 ], [ 126.6629926, 37.3888099 ], [ 126.6629904, 37.3888077 ], [ 126.6629883, 37.3888055 ], [ 126.662986, 37.3888032 ], [ 126.662984, 37.3888012 ], [ 126.6629819, 37.388799 ], [ 126.6629796, 37.3887968 ], [ 126.6629774, 37.3887947 ], [ 126.6629753, 37.3887925 ], [ 126.6629731, 37.3887903 ], [ 126.6629711, 37.3887882 ], [ 126.6629692, 37.3887862 ], [ 126.662967, 37.3887839 ], [ 126.6629649, 37.3887818 ], [ 126.6629627, 37.3887796 ], [ 126.6629608, 37.3887774 ], [ 126.6629585, 37.3887748 ], [ 126.6629562, 37.3887725 ], [ 126.6629539, 37.38877 ], [ 126.6629518, 37.3887678 ], [ 126.6629495, 37.3887657 ], [ 126.6629477, 37.3887636 ], [ 126.6629453, 37.3887611 ], [ 126.6629429, 37.3887587 ], [ 126.6629405, 37.3887562 ], [ 126.6629381, 37.3887536 ], [ 126.662936, 37.3887513 ], [ 126.6629337, 37.3887487 ], [ 126.6629314, 37.3887463 ], [ 126.6629289, 37.3887437 ], [ 126.6629266, 37.3887412 ], [ 126.6629246, 37.3887389 ], [ 126.6629224, 37.3887368 ], [ 126.6629204, 37.3887347 ], [ 126.662918, 37.3887323 ], [ 126.6629156, 37.3887298 ], [ 126.6629129, 37.3887269 ], [ 126.6629103, 37.3887241 ], [ 126.662908, 37.3887216 ], [ 126.6629058, 37.3887193 ], [ 126.6629034, 37.3887169 ], [ 126.662901, 37.3887145 ], [ 126.6628988, 37.3887121 ], [ 126.6628963, 37.3887097 ], [ 126.6628937, 37.3887072 ], [ 126.6628915, 37.3887049 ], [ 126.662889, 37.3887023 ], [ 126.6628865, 37.3886997 ], [ 126.6628839, 37.388697 ], [ 126.6628813, 37.3886944 ], [ 126.6628788, 37.3886919 ], [ 126.6628764, 37.3886893 ], [ 126.662874, 37.3886867 ], [ 126.6628716, 37.3886843 ], [ 126.6628692, 37.3886818 ], [ 126.6628668, 37.3886792 ], [ 126.6628643, 37.3886766 ], [ 126.6628617, 37.388674 ], [ 126.6628593, 37.3886715 ], [ 126.6628568, 37.3886689 ], [ 126.6628542, 37.3886662 ], [ 126.6628517, 37.3886637 ], [ 126.6628492, 37.388661 ], [ 126.6628466, 37.3886583 ], [ 126.6628441, 37.3886558 ], [ 126.6628416, 37.3886531 ], [ 126.6628391, 37.3886504 ], [ 126.6628365, 37.3886477 ], [ 126.662834, 37.3886451 ], [ 126.6628315, 37.3886424 ], [ 126.662829, 37.3886398 ] ] } },
{ "type": "Feature", "properties": { "Vehicle_ID": 25, "Vehicle_Class": 0, "Num_Points": 150, "Start_Time": "2022-10-07 17:52:13.500", "End_Time": "2022-10-07 17:52:18.471", "Start_Frame": 0, "End_Frame": 149, "Mean_Speed": 21.1, "Max_Speed": 22.3, "Vehicle_Length": 4.73, "Vehicle_Width": 2.15 }, "geometry": { "type": "LineString", "coordinates": [ [ 126.6629127, 37.3882549 ], [ 126.6629139, 37.3882562 ], [ 126.6629151, 37.3882574 ], [ 126.6629165, 37.3882588 ], [ 126.6629179, 37.3882604 ], [ 126.6629193, 37.3882619 ], [ 126.6629207, 37.3882633 ], [ 126.6629221, 37.3882648 ], [ 126.6629235, 37.3882663 ], [ 126.6629251, 37.3882677 ], [ 126.6629264, 37.3882693 ], [ 126.6629278, 37.3882707 ], [ 126.6629292, 37.3882721 ], [ 126.6629305, 37.3882734 ], [ 126.6629319, 37.3882747 ], [ 126.6629333, 37.3882763 ], [ 126.6629349, 37.3882778 ], [ 126.6629363, 37.3882791 ], [ 126.6629377, 37.3882805 ], [ 126.662939, 37.3882819 ], [ 126.6629405, 37.3882833 ], [ 126.662942, 37.3882847 ], [ 126.6629434, 37.3882861 ], [ 126.6629449, 37.3882875 ], [ 126.6629466, 37.3882892 ], [ 126.6629481, 37.3882908 ], [ 126.6629497, 37.3882924 ], [ 126.6629511, 37.3882938 ], [ 126.6629525, 37.3882951 ], [ 126.6629538, 37.3882963 ], [ 126.6629553, 37.3882977 ], [ 126.6629565, 37.388299 ], [ 126.6629578, 37.3883002 ], [ 126.6629594, 37.3883019 ], [ 126.6629607, 37.3883033 ], [ 126.6629622, 37.3883048 ], [ 126.6629634, 37.3883061 ], [ 126.6629648, 37.3883075 ], [ 126.662966, 37.3883086 ], [ 126.6629672, 37.3883098 ], [ 126.6629685, 37.3883111 ], [ 126.6629701, 37.3883123 ], [ 126.6629716, 37.3883134 ], [ 126.6629736, 37.3883153 ], [ 126.6629751, 37.3883169 ], [ 126.6629766, 37.3883184 ], [ 126.6629779, 37.3883199 ], [ 126.6629795, 37.3883212 ], [ 126.6629805, 37.3883224 ], [ 126.6629822, 37.388324 ], [ 126.6629839, 37.3883253 ], [ 126.6629853, 37.3883272 ], [ 126.6629865, 37.3883281 ], [ 126.6629879, 37.3883296 ], [ 126.6629893, 37.3883309 ], [ 126.6629907, 37.3883323 ], [ 126.6629916, 37.3883337 ], [ 126.6629932, 37.3883349 ], [ 126.662995, 37.3883367 ], [ 126.6629967, 37.3883384 ], [ 126.6629982, 37.3883398 ], [ 126.6629998, 37.3883413 ], [ 126.6630008, 37.3883425 ], [ 126.6630023, 37.3883439 ], [ 126.6630041, 37.3883453 ], [ 126.6630054, 37.388347 ], [ 126.663007, 37.3883484 ], [ 126.6630086, 37.3883501 ], [ 126.6630102, 37.3883518 ], [ 126.6630116, 37.3883533 ], [ 126.6630131, 37.3883548 ], [ 126.6630144, 37.388356 ], [ 126.6630155, 37.3883572 ], [ 126.6630167, 37.3883582 ], [ 126.6630183, 37.3883598 ], [ 126.66302, 37.3883613 ], [ 126.6630216, 37.3883629 ], [ 126.6630232, 37.3883644 ], [ 126.6630247, 37.3883662 ], [ 126.6630266, 37.3883679 ], [ 126.6630279, 37.3883694 ], [ 126.6630296, 37.3883709 ], [ 126.6630314, 37.3883726 ], [ 126.6630326, 37.388374 ], [ 126.6630335, 37.3883748 ], [ 126.6630346, 37.3883759 ], [ 126.6630357, 37.388377 ], [ 126.6630372, 37.3883785 ], [ 126.6630386, 37.3883799 ], [ 126.6630402, 37.3883815 ], [ 126.6630418, 37.3883831 ], [ 126.6630433, 37.3883846 ], [ 126.6630448, 37.3883861 ], [ 126.6630466, 37.3883879 ], [ 126.663048, 37.3883893 ], [ 126.6630494, 37.3883904 ], [ 126.6630505, 37.3883915 ], [ 126.6630515, 37.3883924 ], [ 126.6630528, 37.3883936 ], [ 126.6630541, 37.3883949 ], [ 126.663056, 37.3883966 ], [ 126.6630576, 37.3883982 ], [ 126.6630592, 37.3883999 ], [ 126.6630608, 37.3884016 ], [ 126.6630625, 37.3884033 ], [ 126.6630643, 37.388405 ], [ 126.6630651, 37.3884059 ], [ 126.6630661, 37.3884068 ], [ 126.663067, 37.3884078 ], [ 126.6630683, 37.388409 ], [ 126.6630699, 37.3884107 ], [ 126.6630711, 37.3884119 ], [ 126.6630723, 37.3884133 ], [ 126.6630735, 37.3884144 ], [ 126.6630753, 37.388416 ], [ 126.6630771, 37.3884178 ], [ 126.6630786, 37.3884193 ], [ 126.6630802, 37.3884209 ], [ 126.6630818, 37.3884225 ], [ 126.6630831, 37.388424 ], [ 126.6630844, 37.3884254 ], [ 126.6630859, 37.3884269 ], [ 126.663087, 37.3884281 ], [ 126.6630881, 37.3884291 ], [ 126.6630892, 37.3884305 ], [ 126.6630905, 37.3884316 ], [ 126.663092, 37.388433 ], [ 126.6630932, 37.3884342 ], [ 126.6630945, 37.3884355 ], [ 126.6630959, 37.388437 ], [ 126.6630972, 37.3884382 ], [ 126.6630988, 37.3884396 ], [ 126.6631001, 37.3884408 ], [ 126.6631011, 37.388442 ], [ 126.6631022, 37.3884432 ], [ 126.6631032, 37.3884442 ], [ 126.6631043, 37.3884452 ], [ 126.6631053, 37.3884461 ], [ 126.6631061, 37.388447 ], [ 126.6631068, 37.3884478 ], [ 126.6631081, 37.388449 ], [ 126.6631091, 37.38845 ], [ 126.6631103, 37.3884512 ], [ 126.6631115, 37.3884524 ], [ 126.6631126, 37.3884534 ], [ 126.6631138, 37.3884546 ], [ 126.6631149, 37.3884557 ], [ 126.663116, 37.3884568 ], [ 126.6631171, 37.3884577 ], [ 126.6631182, 37.3884588 ] ] } },
{ "type": "Feature", "properties": { "Vehicle_ID": 26, "Vehicle_Class": 0, "Num_Points": 150, "Start_Time": "2022-10-07 17:52:13.500", "End_Time": "2022-10-07 17:52:18.471", "Start_Frame": 0, "End_Frame": 149, "Mean_Speed": 32.6, "Max_Speed": 34.3, "Vehicle_Length": 5.07, "Vehicle_Width": 2.25 }, "geometry": { "type": "LineString", "coordinates": [ [ 126.6637178, 37.3889863 ], [ 126.6637192, 37.3889881 ], [ 126.6637206, 37.3889897 ], [ 126.6637223, 37.3889919 ], [ 126.6637243, 37.388994 ], [ 126.6637261, 37.388996 ], [ 126.6637279, 37.388998 ], [ 126.6637297, 37.389 ], [ 126.6637315, 37.3890019 ], [ 126.6637333, 37.3890038 ], [ 126.6637351, 37.3890061 ], [ 126.6637368, 37.3890081 ], [ 126.6637387, 37.3890102 ], [ 126.6637406, 37.3890124 ], [ 126.6637424, 37.3890145 ], [ 126.6637443, 37.3890166 ], [ 126.6637462, 37.3890187 ], [ 126.663748, 37.3890207 ], [ 126.66375, 37.3890229 ], [ 126.6637516, 37.3890248 ], [ 126.6637536, 37.3890269 ], [ 126.6637554, 37.389029 ], [ 126.6637573, 37.3890311 ], [ 126.6637592, 37.3890332 ], [ 126.6637612, 37.3890354 ], [ 126.6637632, 37.3890375 ], [ 126.6637652, 37.3890396 ], [ 126.6637671, 37.3890418 ], [ 126.6637691, 37.3890439 ], [ 126.6637711, 37.389046 ], [ 126.6637731, 37.3890481 ], [ 126.6637749, 37.3890501 ], [ 126.6637769, 37.3890521 ], [ 126.6637787, 37.3890541 ], [ 126.6637805, 37.3890561 ], [ 126.6637824, 37.3890582 ], [ 126.6637843, 37.3890603 ], [ 126.6637863, 37.3890624 ], [ 126.6637882, 37.3890644 ], [ 126.6637901, 37.3890667 ], [ 126.6637922, 37.389069 ], [ 126.6637948, 37.3890712 ], [ 126.6637962, 37.3890727 ], [ 126.6637989, 37.3890752 ], [ 126.6638008, 37.3890773 ], [ 126.6638026, 37.3890795 ], [ 126.6638048, 37.3890816 ], [ 126.6638066, 37.3890836 ], [ 126.6638082, 37.3890858 ], [ 126.6638102, 37.3890875 ], [ 126.6638123, 37.3890901 ], [ 126.6638147, 37.3890928 ], [ 126.6638176, 37.389095 ], [ 126.663819, 37.3890969 ], [ 126.6638211, 37.3890988 ], [ 126.6638235, 37.3891011 ], [ 126.6638246, 37.3891027 ], [ 126.6638277, 37.389105 ], [ 126.6638295, 37.3891072 ], [ 126.6638316, 37.3891089 ], [ 126.663833, 37.3891108 ], [ 126.6638356, 37.3891135 ], [ 126.663837, 37.3891156 ], [ 126.6638393, 37.3891176 ], [ 126.6638416, 37.3891197 ], [ 126.6638428, 37.3891211 ], [ 126.6638454, 37.3891239 ], [ 126.6638478, 37.3891264 ], [ 126.6638495, 37.3891284 ], [ 126.6638515, 37.3891305 ], [ 126.6638535, 37.3891327 ], [ 126.6638556, 37.3891349 ], [ 126.6638575, 37.3891369 ], [ 126.6638595, 37.389139 ], [ 126.6638617, 37.3891414 ], [ 126.6638639, 37.3891436 ], [ 126.6638662, 37.389146 ], [ 126.6638685, 37.3891484 ], [ 126.6638705, 37.3891509 ], [ 126.6638728, 37.3891532 ], [ 126.6638748, 37.3891554 ], [ 126.663877, 37.3891575 ], [ 126.6638789, 37.3891596 ], [ 126.6638811, 37.3891618 ], [ 126.663883, 37.3891639 ], [ 126.6638852, 37.3891661 ], [ 126.6638873, 37.3891682 ], [ 126.6638894, 37.3891703 ], [ 126.6638914, 37.3891724 ], [ 126.6638933, 37.3891744 ], [ 126.6638953, 37.3891766 ], [ 126.6638975, 37.3891789 ], [ 126.6638993, 37.3891809 ], [ 126.6639016, 37.3891832 ], [ 126.6639039, 37.3891856 ], [ 126.663906, 37.3891877 ], [ 126.6639081, 37.38919 ], [ 126.6639098, 37.3891921 ], [ 126.6639119, 37.3891942 ], [ 126.663914, 37.3891966 ], [ 126.6639161, 37.3891987 ], [ 126.663918, 37.3892009 ], [ 126.6639201, 37.3892034 ], [ 126.6639222, 37.3892058 ], [ 126.6639244, 37.3892081 ], [ 126.6639266, 37.3892106 ], [ 126.6639289, 37.3892128 ], [ 126.663931, 37.3892151 ], [ 126.6639332, 37.3892174 ], [ 126.6639358, 37.3892199 ], [ 126.6639375, 37.3892217 ], [ 126.66394, 37.389224 ], [ 126.6639425, 37.3892264 ], [ 126.663945, 37.3892288 ], [ 126.6639476, 37.3892311 ], [ 126.6639493, 37.3892328 ], [ 126.6639513, 37.3892348 ], [ 126.6639532, 37.3892371 ], [ 126.6639555, 37.3892394 ], [ 126.6639575, 37.3892417 ], [ 126.6639596, 37.3892441 ], [ 126.663962, 37.3892464 ], [ 126.6639638, 37.3892485 ], [ 126.663966, 37.3892507 ], [ 126.6639682, 37.389253 ], [ 126.6639704, 37.3892554 ], [ 126.6639727, 37.3892578 ], [ 126.6639747, 37.3892599 ], [ 126.6639769, 37.3892623 ], [ 126.6639789, 37.3892645 ], [ 126.663981, 37.3892666 ], [ 126.6639834, 37.3892691 ], [ 126.6639857, 37.3892713 ], [ 126.6639879, 37.3892736 ], [ 126.6639901, 37.3892758 ], [ 126.6639923, 37.3892781 ], [ 126.6639946, 37.3892804 ], [ 126.6639969, 37.3892826 ], [ 126.6639992, 37.3892849 ], [ 126.6640013, 37.3892871 ], [ 126.6640036, 37.3892896 ], [ 126.6640055, 37.3892916 ], [ 126.6640078, 37.3892938 ], [ 126.6640098, 37.389296 ], [ 126.6640119, 37.3892982 ], [ 126.6640141, 37.3893006 ], [ 126.6640165, 37.3893029 ], [ 126.6640185, 37.389305 ], [ 126.6640208, 37.3893074 ], [ 126.6640231, 37.3893098 ] ] } },
{ "type": "Feature", "properties": { "Vehicle_ID": 27, "Vehicle_Class": 0, "Num_Points": 150, "Start_Time": "2022-10-07 17:52:13.500", "End_Time": "2022-10-07 17:52:18.471", "Start_Frame": 0, "End_Frame": 149, "Mean_Speed": 3.6, "Max_Speed": 5.9, "Vehicle_Length": 5.35, "Vehicle_Width": 2.29 }, "geometry": { "type": "LineString", "coordinates": [ [ 126.6639728, 37.3893958 ], [ 126.6639726, 37.3893958 ], [ 126.6639726, 37.3893959 ], [ 126.6639725, 37.3893959 ], [ 126.6639725, 37.389396 ], [ 126.6639725, 37.389396 ], [ 126.6639725, 37.389396 ], [ 126.6639724, 37.389396 ], [ 126.6639724, 37.3893959 ], [ 126.6639724, 37.3893958 ], [ 126.6639723, 37.3893959 ], [ 126.6639722, 37.3893958 ], [ 126.6639722, 37.3893958 ], [ 126.6639722, 37.3893958 ], [ 126.6639721, 37.3893958 ], [ 126.663972, 37.3893957 ], [ 126.6639721, 37.3893958 ], [ 126.6639721, 37.3893958 ], [ 126.6639722, 37.3893959 ], [ 126.6639721, 37.3893957 ], [ 126.6639721, 37.3893957 ], [ 126.6639721, 37.3893956 ], [ 126.6639721, 37.3893956 ], [ 126.6639721, 37.3893956 ], [ 126.6639721, 37.3893956 ], [ 126.6639721, 37.3893956 ], [ 126.6639721, 37.3893956 ], [ 126.6639721, 37.3893957 ], [ 126.6639721, 37.3893957 ], [ 126.663972, 37.3893957 ], [ 126.6639722, 37.3893959 ], [ 126.663972, 37.3893958 ], [ 126.6639721, 37.3893958 ], [ 126.6639719, 37.3893957 ], [ 126.6639717, 37.3893956 ], [ 126.6639717, 37.3893956 ], [ 126.6639717, 37.3893956 ], [ 126.6639716, 37.3893957 ], [ 126.6639715, 37.3893955 ], [ 126.6639715, 37.3893955 ], [ 126.6639716, 37.3893958 ], [ 126.6639725, 37.3893962 ], [ 126.6639718, 37.3893954 ], [ 126.6639727, 37.3893959 ], [ 126.6639727, 37.389396 ], [ 126.6639728, 37.389396 ], [ 126.663973, 37.389396 ], [ 126.663973, 37.3893961 ], [ 126.6639723, 37.3893959 ], [ 126.6639722, 37.3893952 ], [ 126.663972, 37.3893957 ], [ 126.6639726, 37.3893963 ], [ 126.6639733, 37.3893964 ], [ 126.6639727, 37.3893961 ], [ 126.6639728, 37.3893961 ], [ 126.6639733, 37.3893964 ], [ 126.6639724, 37.389396 ], [ 126.6639734, 37.3893963 ], [ 126.663973, 37.3893962 ], [ 126.663973, 37.3893955 ], [ 126.6639723, 37.3893954 ], [ 126.6639731, 37.3893962 ], [ 126.6639725, 37.3893961 ], [ 126.6639732, 37.3893964 ], [ 126.6639733, 37.3893963 ], [ 126.6639726, 37.3893955 ], [ 126.6639733, 37.3893965 ], [ 126.6639737, 37.3893969 ], [ 126.6639735, 37.3893966 ], [ 126.6639734, 37.3893966 ], [ 126.6639735, 37.3893967 ], [ 126.6639736, 37.3893967 ], [ 126.6639736, 37.3893968 ], [ 126.6639737, 37.389397 ], [ 126.6639739, 37.3893972 ], [ 126.6639738, 37.3893972 ], [ 126.663974, 37.3893972 ], [ 126.6639742, 37.3893974 ], [ 126.6639742, 37.3893976 ], [ 126.6639746, 37.3893979 ], [ 126.6639747, 37.389398 ], [ 126.663975, 37.3893982 ], [ 126.6639751, 37.3893983 ], [ 126.6639754, 37.3893985 ], [ 126.6639755, 37.3893986 ], [ 126.6639757, 37.3893988 ], [ 126.6639758, 37.3893989 ], [ 126.6639759, 37.389399 ], [ 126.6639761, 37.3893992 ], [ 126.6639762, 37.3893993 ], [ 126.6639763, 37.3893996 ], [ 126.6639765, 37.3893997 ], [ 126.6639766, 37.3893999 ], [ 126.6639769, 37.3894001 ], [ 126.6639774, 37.3894005 ], [ 126.6639777, 37.3894007 ], [ 126.6639781, 37.3894011 ], [ 126.6639781, 37.3894012 ], [ 126.6639784, 37.3894016 ], [ 126.6639787, 37.389402 ], [ 126.6639791, 37.3894024 ], [ 126.6639792, 37.3894026 ], [ 126.6639796, 37.389403 ], [ 126.6639801, 37.3894034 ], [ 126.6639806, 37.3894037 ], [ 126.6639809, 37.3894042 ], [ 126.6639814, 37.3894045 ], [ 126.6639817, 37.389405 ], [ 126.663982, 37.3894053 ], [ 126.6639827, 37.389406 ], [ 126.6639826, 37.389406 ], [ 126.6639832, 37.3894065 ], [ 126.6639838, 37.389407 ], [ 126.6639841, 37.3894075 ], [ 126.663985, 37.3894082 ], [ 126.6639853, 37.3894085 ], [ 126.6639857, 37.389409 ], [ 126.6639861, 37.3894094 ], [ 126.6639869, 37.3894101 ], [ 126.6639875, 37.3894106 ], [ 126.6639877, 37.389411 ], [ 126.6639881, 37.3894114 ], [ 126.6639882, 37.3894115 ], [ 126.6639886, 37.3894118 ], [ 126.6639888, 37.3894119 ], [ 126.663989, 37.3894124 ], [ 126.6639894, 37.3894126 ], [ 126.6639896, 37.389413 ], [ 126.6639899, 37.3894134 ], [ 126.6639901, 37.3894138 ], [ 126.6639904, 37.3894142 ], [ 126.6639906, 37.3894146 ], [ 126.6639911, 37.3894149 ], [ 126.6639916, 37.3894153 ], [ 126.663992, 37.3894157 ], [ 126.6639923, 37.3894161 ], [ 126.6639928, 37.3894166 ], [ 126.6639932, 37.389417 ], [ 126.6639936, 37.3894176 ], [ 126.6639942, 37.389418 ], [ 126.6639949, 37.3894185 ], [ 126.6639953, 37.3894188 ], [ 126.6639957, 37.3894191 ], [ 126.6639961, 37.3894195 ], [ 126.6639967, 37.3894199 ], [ 126.6639972, 37.3894205 ], [ 126.6639979, 37.389421 ], [ 126.6639984, 37.3894214 ], [ 126.6639989, 37.3894221 ], [ 126.6639993, 37.3894227 ] ] } },
{ "type": "Feature", "properties": { "Vehicle_ID": 28, "Vehicle_Class": 0, "Num_Points": 150, "Start_Time": "2022-10-07 17:52:13.500", "End_Time": "2022-10-07 17:52:18.471", "Start_Frame": 0, "End_Frame": 149, "Mean_Speed": 48.0, "Max_Speed": 55.4, "Vehicle_Length": 4.44, "Vehicle_Width": 2.06 }, "geometry": { "type": "LineString", "coordinates": [ [ 126.6629107, 37.3885745 ], [ 126.6629082, 37.388572 ], [ 126.6629057, 37.3885695 ], [ 126.6629028, 37.3885667 ], [ 126.6629001, 37.3885638 ], [ 126.6628972, 37.3885609 ], [ 126.6628943, 37.3885579 ], [ 126.6628915, 37.3885551 ], [ 126.6628886, 37.3885522 ], [ 126.662886, 37.3885493 ], [ 126.6628829, 37.3885464 ], [ 126.6628802, 37.3885436 ], [ 126.6628775, 37.3885408 ], [ 126.6628747, 37.3885379 ], [ 126.6628719, 37.388535 ], [ 126.6628691, 37.3885322 ], [ 126.6628664, 37.3885294 ], [ 126.6628635, 37.3885264 ], [ 126.6628609, 37.3885236 ], [ 126.662858, 37.3885207 ], [ 126.6628553, 37.3885178 ], [ 126.6628526, 37.388515 ], [ 126.6628499, 37.3885121 ], [ 126.6628472, 37.3885092 ], [ 126.6628444, 37.3885063 ], [ 126.6628417, 37.3885035 ], [ 126.662839, 37.3885008 ], [ 126.6628364, 37.3884981 ], [ 126.6628335, 37.3884952 ], [ 126.6628307, 37.3884921 ], [ 126.6628277, 37.3884889 ], [ 126.6628249, 37.3884858 ], [ 126.6628222, 37.3884831 ], [ 126.6628199, 37.3884806 ], [ 126.6628173, 37.3884778 ], [ 126.6628148, 37.3884749 ], [ 126.662812, 37.3884718 ], [ 126.6628091, 37.3884691 ], [ 126.6628064, 37.3884662 ], [ 126.6628037, 37.3884635 ], [ 126.6628007, 37.3884605 ], [ 126.6627976, 37.3884567 ], [ 126.6627952, 37.388454 ], [ 126.6627933, 37.3884517 ], [ 126.6627901, 37.3884486 ], [ 126.6627868, 37.3884453 ], [ 126.662784, 37.3884429 ], [ 126.6627813, 37.3884398 ], [ 126.6627778, 37.3884364 ], [ 126.6627752, 37.3884335 ], [ 126.6627726, 37.3884306 ], [ 126.6627699, 37.3884278 ], [ 126.6627668, 37.3884245 ], [ 126.6627639, 37.3884213 ], [ 126.6627609, 37.3884181 ], [ 126.6627582, 37.388415 ], [ 126.6627553, 37.3884122 ], [ 126.6627525, 37.3884095 ], [ 126.6627498, 37.3884065 ], [ 126.6627464, 37.3884032 ], [ 126.6627432, 37.3883999 ], [ 126.6627404, 37.3883968 ], [ 126.6627375, 37.388394 ], [ 126.6627347, 37.3883911 ], [ 126.6627317, 37.3883879 ], [ 126.6627287, 37.3883849 ], [ 126.6627256, 37.3883817 ], [ 126.6627227, 37.3883788 ], [ 126.6627199, 37.3883758 ], [ 126.6627169, 37.3883728 ], [ 126.6627141, 37.3883699 ], [ 126.662711, 37.3883667 ], [ 126.662708, 37.3883637 ], [ 126.6627049, 37.3883606 ], [ 126.6627018, 37.3883577 ], [ 126.6626987, 37.3883546 ], [ 126.6626957, 37.3883517 ], [ 126.6626927, 37.3883488 ], [ 126.6626894, 37.3883458 ], [ 126.6626864, 37.3883428 ], [ 126.662683, 37.3883397 ], [ 126.6626798, 37.3883367 ], [ 126.6626765, 37.3883338 ], [ 126.6626733, 37.3883308 ], [ 126.6626701, 37.3883279 ], [ 126.6626668, 37.3883248 ], [ 126.6626636, 37.3883219 ], [ 126.6626604, 37.3883189 ], [ 126.6626571, 37.3883158 ], [ 126.6626535, 37.3883125 ], [ 126.6626503, 37.3883095 ], [ 126.6626472, 37.3883066 ], [ 126.6626439, 37.3883035 ], [ 126.6626403, 37.3883004 ], [ 126.6626368, 37.3882972 ], [ 126.6626335, 37.3882941 ], [ 126.6626298, 37.3882907 ], [ 126.6626259, 37.3882872 ], [ 126.6626226, 37.3882841 ], [ 126.6626196, 37.3882814 ], [ 126.6626168, 37.388279 ], [ 126.6626135, 37.3882762 ], [ 126.6626097, 37.388273 ], [ 126.6626056, 37.3882696 ], [ 126.6626018, 37.3882663 ], [ 126.662598, 37.3882632 ], [ 126.6625943, 37.3882601 ], [ 126.6625907, 37.3882569 ], [ 126.6625874, 37.388254 ], [ 126.6625836, 37.3882508 ], [ 126.6625799, 37.3882474 ], [ 126.6625761, 37.3882443 ], [ 126.6625724, 37.388241 ], [ 126.6625688, 37.3882378 ], [ 126.6625652, 37.3882346 ], [ 126.6625614, 37.3882313 ], [ 126.6625576, 37.388228 ], [ 126.6625538, 37.3882248 ], [ 126.6625502, 37.3882216 ], [ 126.6625464, 37.3882184 ], [ 126.6625429, 37.3882153 ], [ 126.6625393, 37.3882121 ], [ 126.6625355, 37.3882088 ], [ 126.6625317, 37.3882053 ], [ 126.662528, 37.388202 ], [ 126.6625244, 37.3881987 ], [ 126.6625206, 37.3881954 ], [ 126.6625168, 37.388192 ], [ 126.662513, 37.3881887 ], [ 126.6625093, 37.3881854 ], [ 126.6625054, 37.3881819 ], [ 126.6625017, 37.3881786 ], [ 126.6624978, 37.3881751 ], [ 126.662494, 37.3881717 ], [ 126.6624904, 37.3881684 ], [ 126.6624865, 37.3881648 ], [ 126.6624826, 37.3881613 ], [ 126.6624789, 37.3881579 ], [ 126.6624751, 37.3881546 ], [ 126.6624713, 37.3881511 ], [ 126.6624674, 37.3881475 ], [ 126.6624635, 37.388144 ], [ 126.6624597, 37.3881405 ], [ 126.662456, 37.3881371 ], [ 126.6624521, 37.3881335 ], [ 126.6624481, 37.3881299 ], [ 126.6624442, 37.3881263 ], [ 126.6624405, 37.3881229 ], [ 126.6624366, 37.388119 ], [ 126.6624327, 37.3881154 ] ] } },
{ "type": "Feature", "properties": { "Vehicle_ID": 29, "Vehicle_Class": 0, "Num_Points": 102, "Start_Time": "2022-10-07 17:52:13.500", "End_Time": "2022-10-07 17:52:16.869", "Start_Frame": 0, "End_Frame": 101, "Mean_Speed": 47.8, "Max_Speed": 50.9, "Vehicle_Length": 4.82, "Vehicle_Width": 2.2 }, "geometry": { "type": "LineString", "coordinates": [ [ 126.6636774, 37.3891402 ], [ 126.66368, 37.3891431 ], [ 126.6636824, 37.3891457 ], [ 126.6636852, 37.3891488 ], [ 126.6636882, 37.389152 ], [ 126.6636911, 37.3891552 ], [ 126.6636939, 37.3891582 ], [ 126.6636966, 37.3891613 ], [ 126.6636993, 37.3891642 ], [ 126.6637021, 37.3891671 ], [ 126.663705, 37.3891702 ], [ 126.6637078, 37.389173 ], [ 126.6637109, 37.3891761 ], [ 126.6637138, 37.3891792 ], [ 126.6637166, 37.3891822 ], [ 126.6637195, 37.3891852 ], [ 126.6637224, 37.3891882 ], [ 126.6637251, 37.389191 ], [ 126.6637282, 37.3891944 ], [ 126.6637309, 37.3891973 ], [ 126.6637338, 37.3892003 ], [ 126.6637365, 37.3892033 ], [ 126.6637393, 37.3892064 ], [ 126.6637421, 37.3892095 ], [ 126.6637446, 37.3892125 ], [ 126.6637475, 37.3892157 ], [ 126.6637501, 37.3892188 ], [ 126.6637528, 37.3892219 ], [ 126.6637553, 37.3892249 ], [ 126.6637581, 37.389228 ], [ 126.663761, 37.3892312 ], [ 126.6637638, 37.3892343 ], [ 126.6637666, 37.3892374 ], [ 126.6637691, 37.3892404 ], [ 126.6637717, 37.3892435 ], [ 126.6637743, 37.3892468 ], [ 126.663777, 37.3892499 ], [ 126.6637798, 37.3892532 ], [ 126.6637824, 37.3892563 ], [ 126.6637851, 37.3892595 ], [ 126.6637879, 37.3892632 ], [ 126.6637913, 37.3892667 ], [ 126.6637935, 37.3892694 ], [ 126.6637967, 37.3892728 ], [ 126.6637993, 37.3892761 ], [ 126.6638018, 37.3892792 ], [ 126.6638047, 37.3892826 ], [ 126.6638075, 37.3892862 ], [ 126.6638097, 37.3892897 ], [ 126.6638126, 37.3892926 ], [ 126.6638152, 37.3892964 ], [ 126.6638188, 37.3893006 ], [ 126.663823, 37.3893047 ], [ 126.6638252, 37.3893078 ], [ 126.663828, 37.389311 ], [ 126.663831, 37.3893144 ], [ 126.6638327, 37.3893171 ], [ 126.6638362, 37.3893206 ], [ 126.6638386, 37.3893238 ], [ 126.6638415, 37.3893267 ], [ 126.6638437, 37.38933 ], [ 126.6638472, 37.3893341 ], [ 126.6638495, 37.3893374 ], [ 126.6638528, 37.389341 ], [ 126.6638557, 37.3893443 ], [ 126.663858, 37.3893469 ], [ 126.6638613, 37.3893512 ], [ 126.6638645, 37.389355 ], [ 126.6638672, 37.3893582 ], [ 126.66387, 37.3893617 ], [ 126.663873, 37.3893653 ], [ 126.6638759, 37.3893688 ], [ 126.6638788, 37.3893723 ], [ 126.6638817, 37.3893759 ], [ 126.6638847, 37.3893794 ], [ 126.6638875, 37.3893829 ], [ 126.6638905, 37.3893862 ], [ 126.6638936, 37.3893898 ], [ 126.6638964, 37.3893934 ], [ 126.6638997, 37.3893969 ], [ 126.6639025, 37.3894002 ], [ 126.6639057, 37.3894037 ], [ 126.6639087, 37.3894072 ], [ 126.663912, 37.3894109 ], [ 126.6639148, 37.3894143 ], [ 126.6639176, 37.3894177 ], [ 126.6639207, 37.3894213 ], [ 126.6639236, 37.3894248 ], [ 126.6639267, 37.3894283 ], [ 126.6639297, 37.3894318 ], [ 126.6639328, 37.3894355 ], [ 126.6639361, 37.3894391 ], [ 126.6639389, 37.3894424 ], [ 126.6639405, 37.3894442 ], [ 126.663942, 37.3894462 ], [ 126.6639436, 37.3894481 ], [ 126.6639452, 37.3894499 ], [ 126.6639466, 37.3894514 ], [ 126.6639481, 37.3894533 ], [ 126.6639495, 37.3894552 ], [ 126.6639506, 37.3894569 ], [ 126.6639515, 37.3894584 ] ] } },
{ "type": "Feature", "properties": { "Vehicle_ID": 30, "Vehicle_Class": 0, "Num_Points": 150, "Start_Time": "2022-10-07 17:52:13.500", "End_Time": "2022-10-07 17:52:18.471", "Start_Frame": 0, "End_Frame": 149, "Mean_Speed": 32.0, "Max_Speed": 34.1, "Vehicle_Length": 5.1, "Vehicle_Width": 2.18 }, "geometry": { "type": "LineString", "coordinates": [ [ 126.6633159, 37.3890422 ], [ 126.6633142, 37.3890404 ], [ 126.6633123, 37.3890385 ], [ 126.6633102, 37.3890366 ], [ 126.6633082, 37.3890345 ], [ 126.6633063, 37.3890325 ], [ 126.6633041, 37.3890304 ], [ 126.6633022, 37.3890285 ], [ 126.6633003, 37.3890264 ], [ 126.6632984, 37.3890244 ], [ 126.6632962, 37.3890224 ], [ 126.6632943, 37.3890203 ], [ 126.6632923, 37.3890184 ], [ 126.6632903, 37.3890164 ], [ 126.6632883, 37.3890143 ], [ 126.6632863, 37.3890122 ], [ 126.6632845, 37.3890104 ], [ 126.6632825, 37.3890082 ], [ 126.6632806, 37.3890063 ], [ 126.6632786, 37.3890043 ], [ 126.6632766, 37.3890021 ], [ 126.6632745, 37.3889999 ], [ 126.6632725, 37.3889979 ], [ 126.6632704, 37.3889958 ], [ 126.6632685, 37.3889937 ], [ 126.6632666, 37.3889918 ], [ 126.6632646, 37.3889897 ], [ 126.6632627, 37.3889877 ], [ 126.6632607, 37.3889857 ], [ 126.6632586, 37.3889835 ], [ 126.6632568, 37.3889816 ], [ 126.6632547, 37.3889796 ], [ 126.6632525, 37.3889774 ], [ 126.6632506, 37.3889753 ], [ 126.6632486, 37.3889732 ], [ 126.6632464, 37.3889711 ], [ 126.6632444, 37.3889691 ], [ 126.6632426, 37.3889672 ], [ 126.6632404, 37.388965 ], [ 126.6632384, 37.3889629 ], [ 126.6632365, 37.3889611 ], [ 126.6632348, 37.3889588 ], [ 126.6632326, 37.3889564 ], [ 126.6632311, 37.3889546 ], [ 126.6632291, 37.3889526 ], [ 126.6632273, 37.3889506 ], [ 126.6632251, 37.3889486 ], [ 126.6632232, 37.3889466 ], [ 126.6632211, 37.3889446 ], [ 126.6632191, 37.3889423 ], [ 126.6632171, 37.3889405 ], [ 126.6632152, 37.3889384 ], [ 126.6632134, 37.3889363 ], [ 126.6632114, 37.3889341 ], [ 126.6632094, 37.3889321 ], [ 126.6632074, 37.3889301 ], [ 126.6632048, 37.3889278 ], [ 126.663203, 37.3889257 ], [ 126.6632011, 37.3889236 ], [ 126.6631992, 37.3889214 ], [ 126.663197, 37.3889194 ], [ 126.6631953, 37.3889175 ], [ 126.6631931, 37.3889155 ], [ 126.6631913, 37.3889134 ], [ 126.6631893, 37.3889112 ], [ 126.663187, 37.3889086 ], [ 126.6631851, 37.3889067 ], [ 126.6631831, 37.3889048 ], [ 126.6631814, 37.388903 ], [ 126.6631794, 37.3889009 ], [ 126.6631774, 37.3888989 ], [ 126.6631756, 37.3888968 ], [ 126.6631738, 37.388895 ], [ 126.6631719, 37.3888931 ], [ 126.66317, 37.3888911 ], [ 126.6631682, 37.3888892 ], [ 126.6631665, 37.3888875 ], [ 126.6631648, 37.3888856 ], [ 126.6631629, 37.3888839 ], [ 126.6631608, 37.388882 ], [ 126.6631583, 37.3888798 ], [ 126.6631558, 37.3888772 ], [ 126.6631531, 37.3888743 ], [ 126.6631507, 37.3888717 ], [ 126.6631484, 37.3888693 ], [ 126.6631465, 37.3888672 ], [ 126.663145, 37.3888655 ], [ 126.6631432, 37.3888635 ], [ 126.6631412, 37.3888612 ], [ 126.663139, 37.3888589 ], [ 126.6631368, 37.3888565 ], [ 126.6631344, 37.388854 ], [ 126.6631323, 37.3888517 ], [ 126.6631305, 37.3888497 ], [ 126.6631284, 37.3888476 ], [ 126.6631264, 37.3888453 ], [ 126.6631245, 37.3888431 ], [ 126.6631222, 37.3888407 ], [ 126.6631201, 37.3888386 ], [ 126.6631182, 37.3888367 ], [ 126.6631163, 37.3888347 ], [ 126.6631142, 37.3888326 ], [ 126.6631123, 37.3888306 ], [ 126.6631102, 37.3888283 ], [ 126.6631081, 37.3888261 ], [ 126.6631062, 37.3888242 ], [ 126.6631042, 37.3888219 ], [ 126.6631022, 37.3888199 ], [ 126.6631002, 37.3888177 ], [ 126.6630981, 37.3888156 ], [ 126.6630961, 37.3888134 ], [ 126.6630943, 37.3888113 ], [ 126.6630919, 37.388809 ], [ 126.6630898, 37.3888068 ], [ 126.6630882, 37.3888048 ], [ 126.663086, 37.3888024 ], [ 126.6630838, 37.3888002 ], [ 126.6630817, 37.3887979 ], [ 126.6630797, 37.3887957 ], [ 126.6630775, 37.3887936 ], [ 126.6630755, 37.3887914 ], [ 126.6630733, 37.3887891 ], [ 126.6630713, 37.3887869 ], [ 126.6630693, 37.3887847 ], [ 126.6630669, 37.3887823 ], [ 126.663065, 37.3887803 ], [ 126.6630629, 37.3887781 ], [ 126.6630606, 37.3887758 ], [ 126.6630586, 37.3887736 ], [ 126.6630563, 37.3887712 ], [ 126.663054, 37.3887688 ], [ 126.6630521, 37.3887666 ], [ 126.6630499, 37.3887645 ], [ 126.6630479, 37.3887624 ], [ 126.6630461, 37.3887603 ], [ 126.6630437, 37.3887578 ], [ 126.6630413, 37.3887555 ], [ 126.6630394, 37.3887531 ], [ 126.6630369, 37.3887506 ], [ 126.663035, 37.3887484 ], [ 126.6630331, 37.3887462 ], [ 126.6630308, 37.3887438 ], [ 126.6630288, 37.3887416 ], [ 126.6630266, 37.3887393 ], [ 126.6630245, 37.388737 ], [ 126.6630224, 37.3887347 ], [ 126.6630199, 37.3887323 ], [ 126.663018, 37.38873 ], [ 126.6630158, 37.3887274 ], [ 126.6630139, 37.3887253 ] ] } },
{ "type": "Feature", "properties": { "Vehicle_ID": 31, "Vehicle_Class": 0, "Num_Points": 144, "Start_Time": "2022-10-07 17:52:13.500", "End_Time": "2022-10-07 17:52:18.271", "Start_Frame": 0, "End_Frame": 143, "Mean_Speed": 8.9, "Max_Speed": 19.1, "Vehicle_Length": 5.0, "Vehicle_Width": 2.21 }, "geometry": { "type": "LineString", "coordinates": [ [ 126.6639552, 37.389333 ], [ 126.6639551, 37.389333 ], [ 126.6639549, 37.3893329 ], [ 126.6639549, 37.389333 ], [ 126.6639549, 37.389333 ], [ 126.6639549, 37.3893331 ], [ 126.6639548, 37.3893331 ], [ 126.6639548, 37.3893331 ], [ 126.6639547, 37.389333 ], [ 126.6639548, 37.3893329 ], [ 126.6639547, 37.389333 ], [ 126.6639547, 37.3893329 ], [ 126.6639547, 37.389333 ], [ 126.6639547, 37.389333 ], [ 126.6639547, 37.389333 ], [ 126.6639547, 37.389333 ], [ 126.6639547, 37.3893331 ], [ 126.6639547, 37.389333 ], [ 126.6639548, 37.3893331 ], [ 126.6639547, 37.389333 ], [ 126.6639547, 37.3893329 ], [ 126.6639546, 37.3893329 ], [ 126.6639546, 37.3893329 ], [ 126.6639546, 37.3893329 ], [ 126.6639546, 37.3893329 ], [ 126.6639547, 37.3893329 ], [ 126.6639547, 37.3893329 ], [ 126.6639547, 37.3893329 ], [ 126.6639547, 37.389333 ], [ 126.6639548, 37.389333 ], [ 126.663955, 37.3893332 ], [ 126.6639549, 37.3893331 ], [ 126.663955, 37.3893332 ], [ 126.6639549, 37.3893331 ], [ 126.6639548, 37.3893331 ], [ 126.6639548, 37.3893331 ], [ 126.6639549, 37.3893332 ], [ 126.663955, 37.3893333 ], [ 126.663955, 37.3893333 ], [ 126.663955, 37.3893333 ], [ 126.6639552, 37.3893336 ], [ 126.6639561, 37.389334 ], [ 126.6639556, 37.3893333 ], [ 126.6639564, 37.3893338 ], [ 126.6639565, 37.389334 ], [ 126.6639567, 37.3893341 ], [ 126.663957, 37.3893342 ], [ 126.6639571, 37.3893344 ], [ 126.6639565, 37.3893344 ], [ 126.6639566, 37.3893339 ], [ 126.6639567, 37.3893345 ], [ 126.6639574, 37.3893353 ], [ 126.6639583, 37.3893355 ], [ 126.6639579, 37.3893355 ], [ 126.6639582, 37.3893358 ], [ 126.663959, 37.3893364 ], [ 126.6639584, 37.3893362 ], [ 126.6639597, 37.3893367 ], [ 126.6639596, 37.3893369 ], [ 126.6639601, 37.3893367 ], [ 126.6639598, 37.389337 ], [ 126.663961, 37.3893382 ], [ 126.6639609, 37.3893386 ], [ 126.6639619, 37.3893392 ], [ 126.6639625, 37.3893395 ], [ 126.6639624, 37.3893391 ], [ 126.6639637, 37.3893406 ], [ 126.6639646, 37.3893416 ], [ 126.6639649, 37.389342 ], [ 126.6639656, 37.3893426 ], [ 126.6639664, 37.3893433 ], [ 126.6639671, 37.389344 ], [ 126.6639678, 37.3893446 ], [ 126.6639687, 37.3893455 ], [ 126.6639695, 37.3893462 ], [ 126.6639701, 37.3893469 ], [ 126.6639709, 37.3893476 ], [ 126.6639718, 37.3893484 ], [ 126.6639727, 37.3893493 ], [ 126.6639739, 37.3893505 ], [ 126.6639746, 37.3893513 ], [ 126.6639757, 37.3893522 ], [ 126.6639768, 37.3893531 ], [ 126.6639779, 37.3893541 ], [ 126.6639787, 37.389355 ], [ 126.6639798, 37.3893561 ], [ 126.6639809, 37.3893572 ], [ 126.6639819, 37.3893582 ], [ 126.6639828, 37.3893592 ], [ 126.6639838, 37.3893602 ], [ 126.6639847, 37.3893613 ], [ 126.6639859, 37.3893623 ], [ 126.6639868, 37.3893633 ], [ 126.663988, 37.3893645 ], [ 126.6639893, 37.3893658 ], [ 126.6639905, 37.3893668 ], [ 126.6639918, 37.3893682 ], [ 126.663993, 37.3893693 ], [ 126.6639943, 37.3893706 ], [ 126.6639955, 37.389372 ], [ 126.6639967, 37.3893732 ], [ 126.6639977, 37.3893742 ], [ 126.6639991, 37.3893755 ], [ 126.6640002, 37.3893767 ], [ 126.6640016, 37.3893779 ], [ 126.6640027, 37.3893792 ], [ 126.664004, 37.3893804 ], [ 126.6640054, 37.3893819 ], [ 126.6640066, 37.3893831 ], [ 126.6640082, 37.3893847 ], [ 126.6640089, 37.3893855 ], [ 126.6640104, 37.3893869 ], [ 126.6640118, 37.3893882 ], [ 126.6640128, 37.3893895 ], [ 126.6640147, 37.389391 ], [ 126.6640159, 37.3893923 ], [ 126.6640171, 37.3893935 ], [ 126.6640176, 37.3893942 ], [ 126.6640184, 37.3893949 ], [ 126.664019, 37.3893955 ], [ 126.6640195, 37.3893961 ], [ 126.6640202, 37.3893967 ], [ 126.6640206, 37.3893972 ], [ 126.6640212, 37.389398 ], [ 126.6640219, 37.3893985 ], [ 126.6640226, 37.3893992 ], [ 126.6640234, 37.3893997 ], [ 126.664024, 37.3894002 ], [ 126.6640247, 37.3894009 ], [ 126.6640253, 37.3894015 ], [ 126.664026, 37.3894021 ], [ 126.6640265, 37.3894028 ], [ 126.6640271, 37.3894034 ], [ 126.6640276, 37.3894042 ], [ 126.6640278, 37.3894048 ], [ 126.6640283, 37.3894056 ], [ 126.6640287, 37.3894063 ], [ 126.6640289, 37.3894071 ], [ 126.6640291, 37.389408 ], [ 126.6640294, 37.3894087 ], [ 126.6640299, 37.3894094 ], [ 126.6640303, 37.3894097 ], [ 126.6640308, 37.3894099 ], [ 126.6640305, 37.3894104 ] ] } },
{ "type": "Feature", "properties": { "Vehicle_ID": 32, "Vehicle_Class": 0, "Num_Points": 150, "Start_Time": "2022-10-07 17:52:13.500", "End_Time": "2022-10-07 17:52:18.471", "Start_Frame": 0, "End_Frame": 149, "Mean_Speed": 2.0, "Max_Speed": 4.0, "Vehicle_Length": 4.81, "Vehicle_Width": 2.16 }, "geometry": { "type": "LineString", "coordinates": [ [ 126.6638025, 37.3891717 ], [ 126.6638023, 37.3891717 ], [ 126.6638022, 37.3891717 ], [ 126.6638021, 37.3891718 ], [ 126.6638021, 37.3891718 ], [ 126.6638021, 37.3891718 ], [ 126.663802, 37.3891718 ], [ 126.663802, 37.3891718 ], [ 126.6638019, 37.3891717 ], [ 126.663802, 37.3891716 ], [ 126.6638019, 37.3891717 ], [ 126.6638019, 37.3891717 ], [ 126.6638019, 37.3891717 ], [ 126.6638019, 37.3891717 ], [ 126.6638018, 37.3891717 ], [ 126.6638018, 37.3891717 ], [ 126.6638019, 37.3891718 ], [ 126.6638019, 37.3891717 ], [ 126.663802, 37.3891718 ], [ 126.6638018, 37.3891716 ], [ 126.6638018, 37.3891715 ], [ 126.6638017, 37.3891715 ], [ 126.6638017, 37.3891714 ], [ 126.6638018, 37.3891714 ], [ 126.6638017, 37.3891714 ], [ 126.6638018, 37.3891715 ], [ 126.6638017, 37.3891714 ], [ 126.6638018, 37.3891715 ], [ 126.6638018, 37.3891716 ], [ 126.6638019, 37.3891716 ], [ 126.663802, 37.3891718 ], [ 126.6638018, 37.3891716 ], [ 126.6638019, 37.3891717 ], [ 126.6638017, 37.3891716 ], [ 126.6638017, 37.3891715 ], [ 126.6638016, 37.3891715 ], [ 126.6638015, 37.3891714 ], [ 126.6638015, 37.3891715 ], [ 126.6638014, 37.3891714 ], [ 126.6638014, 37.3891714 ], [ 126.6638015, 37.3891716 ], [ 126.6638021, 37.3891718 ], [ 126.6638017, 37.3891711 ], [ 126.6638024, 37.3891716 ], [ 126.6638024, 37.3891717 ], [ 126.6638024, 37.3891717 ], [ 126.6638026, 37.3891718 ], [ 126.6638025, 37.3891718 ], [ 126.6638021, 37.3891718 ], [ 126.6638021, 37.3891712 ], [ 126.6638021, 37.3891717 ], [ 126.6638023, 37.3891721 ], [ 126.663803, 37.3891721 ], [ 126.6638025, 37.3891719 ], [ 126.6638025, 37.3891719 ], [ 126.6638029, 37.3891722 ], [ 126.6638021, 37.3891718 ], [ 126.6638029, 37.389172 ], [ 126.6638026, 37.3891718 ], [ 126.6638026, 37.3891713 ], [ 126.663802, 37.3891712 ], [ 126.6638026, 37.3891718 ], [ 126.6638021, 37.3891718 ], [ 126.6638026, 37.3891719 ], [ 126.6638028, 37.3891718 ], [ 126.6638022, 37.3891712 ], [ 126.6638027, 37.3891719 ], [ 126.663803, 37.3891722 ], [ 126.6638027, 37.389172 ], [ 126.6638027, 37.3891719 ], [ 126.6638028, 37.389172 ], [ 126.6638028, 37.3891719 ], [ 126.6638027, 37.3891719 ], [ 126.6638027, 37.389172 ], [ 126.6638028, 37.389172 ], [ 126.6638027, 37.3891719 ], [ 126.6638027, 37.3891719 ], [ 126.6638027, 37.3891719 ], [ 126.6638027, 37.3891719 ], [ 126.6638029, 37.389172 ], [ 126.6638027, 37.389172 ], [ 126.6638029, 37.389172 ], [ 126.6638029, 37.3891719 ], [ 126.6638029, 37.389172 ], [ 126.6638029, 37.3891719 ], [ 126.6638029, 37.389172 ], [ 126.6638029, 37.389172 ], [ 126.6638029, 37.389172 ], [ 126.6638028, 37.389172 ], [ 126.6638028, 37.389172 ], [ 126.6638028, 37.389172 ], [ 126.6638028, 37.389172 ], [ 126.6638027, 37.3891719 ], [ 126.6638028, 37.3891719 ], [ 126.6638029, 37.3891721 ], [ 126.6638029, 37.389172 ], [ 126.6638031, 37.3891722 ], [ 126.6638029, 37.389172 ], [ 126.6638029, 37.3891721 ], [ 126.663803, 37.3891722 ], [ 126.6638031, 37.3891722 ], [ 126.6638029, 37.3891721 ], [ 126.6638029, 37.3891721 ], [ 126.6638028, 37.389172 ], [ 126.6638029, 37.3891719 ], [ 126.6638026, 37.3891719 ], [ 126.6638025, 37.3891717 ], [ 126.6638024, 37.3891716 ], [ 126.6638022, 37.3891715 ], [ 126.6638024, 37.3891717 ], [ 126.663802, 37.3891714 ], [ 126.663802, 37.3891714 ], [ 126.663802, 37.3891714 ], [ 126.6638019, 37.3891715 ], [ 126.6638023, 37.3891717 ], [ 126.6638022, 37.3891716 ], [ 126.6638021, 37.3891715 ], [ 126.663802, 37.3891716 ], [ 126.6638021, 37.3891716 ], [ 126.6638021, 37.3891718 ], [ 126.6638022, 37.3891719 ], [ 126.6638025, 37.389172 ], [ 126.6638024, 37.3891719 ], [ 126.6638025, 37.389172 ], [ 126.6638025, 37.3891719 ], [ 126.6638025, 37.389172 ], [ 126.6638027, 37.3891721 ], [ 126.6638025, 37.3891719 ], [ 126.6638025, 37.3891719 ], [ 126.6638025, 37.3891718 ], [ 126.6638026, 37.3891718 ], [ 126.6638026, 37.3891718 ], [ 126.6638026, 37.3891717 ], [ 126.6638026, 37.3891717 ], [ 126.6638026, 37.3891717 ], [ 126.6638025, 37.3891717 ], [ 126.6638026, 37.3891717 ], [ 126.6638027, 37.3891717 ], [ 126.6638027, 37.3891718 ], [ 126.6638027, 37.3891719 ], [ 126.6638029, 37.3891722 ], [ 126.6638027, 37.3891719 ], [ 126.6638027, 37.3891718 ], [ 126.6638025, 37.3891718 ], [ 126.6638025, 37.3891718 ], [ 126.6638025, 37.3891718 ], [ 126.6638026, 37.3891718 ], [ 126.6638026, 37.3891718 ], [ 126.6638027, 37.3891719 ], [ 126.6638027, 37.3891719 ] ] } },
{ "type": "Feature", "properties": { "Vehicle_ID": 33, "Vehicle_Class": 0, "Num_Points": 150, "Start_Time": "2022-10-07 17:52:13.500", "End_Time": "2022-10-07 17:52:18.471", "Start_Frame": 0, "End_Frame": 149, "Mean_Speed": 32.6, "Max_Speed": 34.3, "Vehicle_Length": 4.8, "Vehicle_Width": 2.16 }, "geometry": { "type": "LineString", "coordinates": [ [ 126.6631507, 37.3888278 ], [ 126.6631491, 37.3888264 ], [ 126.6631473, 37.3888246 ], [ 126.6631452, 37.3888226 ], [ 126.6631432, 37.3888206 ], [ 126.6631413, 37.3888186 ], [ 126.6631394, 37.3888166 ], [ 126.6631375, 37.3888147 ], [ 126.6631356, 37.3888126 ], [ 126.6631337, 37.3888106 ], [ 126.6631317, 37.3888086 ], [ 126.6631297, 37.3888067 ], [ 126.6631278, 37.3888047 ], [ 126.6631259, 37.3888028 ], [ 126.663124, 37.3888009 ], [ 126.6631221, 37.3887989 ], [ 126.6631202, 37.3887969 ], [ 126.6631182, 37.3887949 ], [ 126.6631163, 37.3887929 ], [ 126.6631143, 37.3887909 ], [ 126.6631124, 37.388789 ], [ 126.6631104, 37.388787 ], [ 126.6631086, 37.388785 ], [ 126.6631066, 37.388783 ], [ 126.6631046, 37.388781 ], [ 126.6631026, 37.3887789 ], [ 126.6631006, 37.3887769 ], [ 126.6630987, 37.3887749 ], [ 126.6630967, 37.3887729 ], [ 126.6630946, 37.3887707 ], [ 126.6630928, 37.3887687 ], [ 126.6630908, 37.3887667 ], [ 126.6630886, 37.3887645 ], [ 126.6630867, 37.3887625 ], [ 126.6630847, 37.3887605 ], [ 126.6630828, 37.3887585 ], [ 126.6630807, 37.3887564 ], [ 126.6630786, 37.3887543 ], [ 126.6630766, 37.3887522 ], [ 126.6630744, 37.3887502 ], [ 126.6630724, 37.3887482 ], [ 126.6630708, 37.388746 ], [ 126.6630686, 37.3887437 ], [ 126.663067, 37.3887419 ], [ 126.6630651, 37.3887399 ], [ 126.6630631, 37.388738 ], [ 126.6630609, 37.3887359 ], [ 126.663059, 37.3887339 ], [ 126.6630568, 37.3887318 ], [ 126.6630547, 37.3887294 ], [ 126.6630527, 37.3887274 ], [ 126.6630506, 37.3887253 ], [ 126.6630488, 37.388723 ], [ 126.663047, 37.3887209 ], [ 126.6630449, 37.3887186 ], [ 126.6630429, 37.3887166 ], [ 126.6630404, 37.3887143 ], [ 126.6630385, 37.3887123 ], [ 126.6630366, 37.3887101 ], [ 126.6630346, 37.3887078 ], [ 126.6630322, 37.3887056 ], [ 126.6630302, 37.3887035 ], [ 126.6630281, 37.3887015 ], [ 126.6630261, 37.3886994 ], [ 126.6630242, 37.3886973 ], [ 126.6630221, 37.3886951 ], [ 126.6630198, 37.3886929 ], [ 126.6630177, 37.388691 ], [ 126.6630156, 37.3886887 ], [ 126.6630134, 37.3886864 ], [ 126.6630114, 37.3886844 ], [ 126.6630093, 37.3886822 ], [ 126.6630071, 37.3886798 ], [ 126.663005, 37.3886777 ], [ 126.6630028, 37.3886754 ], [ 126.6630007, 37.3886732 ], [ 126.6629987, 37.388671 ], [ 126.6629966, 37.3886688 ], [ 126.6629943, 37.3886666 ], [ 126.6629922, 37.3886644 ], [ 126.66299, 37.3886623 ], [ 126.662988, 37.3886601 ], [ 126.6629858, 37.3886577 ], [ 126.6629835, 37.3886552 ], [ 126.6629813, 37.3886529 ], [ 126.6629792, 37.3886507 ], [ 126.6629772, 37.3886488 ], [ 126.6629752, 37.3886467 ], [ 126.6629731, 37.3886444 ], [ 126.6629707, 37.3886421 ], [ 126.6629685, 37.3886399 ], [ 126.6629663, 37.3886376 ], [ 126.6629641, 37.3886353 ], [ 126.6629619, 37.3886331 ], [ 126.6629598, 37.3886308 ], [ 126.6629576, 37.3886285 ], [ 126.6629555, 37.3886264 ], [ 126.6629534, 37.3886242 ], [ 126.6629513, 37.388622 ], [ 126.6629492, 37.3886198 ], [ 126.6629471, 37.3886176 ], [ 126.6629449, 37.3886154 ], [ 126.6629428, 37.3886131 ], [ 126.6629406, 37.3886108 ], [ 126.6629383, 37.3886085 ], [ 126.6629363, 37.3886063 ], [ 126.6629342, 37.3886041 ], [ 126.662932, 37.3886018 ], [ 126.6629298, 37.3885997 ], [ 126.6629278, 37.3885975 ], [ 126.6629256, 37.3885952 ], [ 126.6629234, 37.3885929 ], [ 126.6629212, 37.3885907 ], [ 126.662919, 37.3885884 ], [ 126.6629171, 37.3885862 ], [ 126.662915, 37.388584 ], [ 126.6629127, 37.3885817 ], [ 126.6629105, 37.3885794 ], [ 126.6629084, 37.3885772 ], [ 126.6629062, 37.3885749 ], [ 126.6629041, 37.3885727 ], [ 126.6629021, 37.3885706 ], [ 126.6628998, 37.3885683 ], [ 126.6628976, 37.3885659 ], [ 126.6628955, 37.3885637 ], [ 126.6628933, 37.3885614 ], [ 126.6628913, 37.3885593 ], [ 126.6628891, 37.3885571 ], [ 126.6628869, 37.3885548 ], [ 126.6628847, 37.3885525 ], [ 126.6628825, 37.3885502 ], [ 126.6628805, 37.388548 ], [ 126.6628783, 37.3885457 ], [ 126.662876, 37.3885433 ], [ 126.662874, 37.3885412 ], [ 126.6628719, 37.3885389 ], [ 126.6628696, 37.3885365 ], [ 126.6628675, 37.3885343 ], [ 126.6628653, 37.3885321 ], [ 126.6628631, 37.3885297 ], [ 126.662861, 37.3885274 ], [ 126.6628588, 37.3885252 ], [ 126.6628566, 37.3885229 ], [ 126.6628545, 37.3885206 ], [ 126.6628522, 37.3885184 ], [ 126.6628501, 37.3885161 ], [ 126.6628479, 37.3885138 ], [ 126.6628456, 37.3885116 ], [ 126.6628433, 37.3885091 ], [ 126.6628412, 37.3885068 ] ] } },
{ "type": "Feature", "properties": { "Vehicle_ID": 34, "Vehicle_Class": 0, "Num_Points": 150, "Start_Time": "2022-10-07 17:52:13.500", "End_Time": "2022-10-07 17:52:18.471", "Start_Frame": 0, "End_Frame": 149, "Mean_Speed": 25.7, "Max_Speed": 31.0, "Vehicle_Length": 5.29, "Vehicle_Width": 2.28 }, "geometry": { "type": "LineString", "coordinates": [ [ 126.6626489, 37.3880757 ], [ 126.6626498, 37.3880766 ], [ 126.6626507, 37.3880775 ], [ 126.6626517, 37.3880787 ], [ 126.6626528, 37.38808 ], [ 126.662654, 37.3880812 ], [ 126.662655, 37.3880824 ], [ 126.6626561, 37.3880836 ], [ 126.6626571, 37.3880846 ], [ 126.6626586, 37.388086 ], [ 126.6626597, 37.3880874 ], [ 126.6626608, 37.3880887 ], [ 126.662662, 37.38809 ], [ 126.6626633, 37.3880913 ], [ 126.6626646, 37.3880926 ], [ 126.6626658, 37.3880938 ], [ 126.662667, 37.3880951 ], [ 126.6626682, 37.3880963 ], [ 126.6626694, 37.3880974 ], [ 126.6626708, 37.388099 ], [ 126.662672, 37.3881002 ], [ 126.6626733, 37.3881017 ], [ 126.6626746, 37.388103 ], [ 126.6626759, 37.3881043 ], [ 126.6626773, 37.3881057 ], [ 126.6626786, 37.3881071 ], [ 126.6626799, 37.3881084 ], [ 126.6626812, 37.3881098 ], [ 126.6626826, 37.3881113 ], [ 126.6626839, 37.3881125 ], [ 126.6626852, 37.3881138 ], [ 126.6626864, 37.3881151 ], [ 126.6626876, 37.3881161 ], [ 126.6626891, 37.3881178 ], [ 126.6626905, 37.3881192 ], [ 126.6626919, 37.3881208 ], [ 126.6626934, 37.3881223 ], [ 126.6626949, 37.388124 ], [ 126.6626964, 37.3881254 ], [ 126.6626976, 37.3881268 ], [ 126.6626991, 37.3881284 ], [ 126.6627008, 37.3881295 ], [ 126.6627025, 37.3881308 ], [ 126.6627042, 37.3881325 ], [ 126.6627055, 37.3881339 ], [ 126.6627069, 37.3881353 ], [ 126.6627081, 37.3881369 ], [ 126.6627097, 37.3881383 ], [ 126.6627107, 37.3881394 ], [ 126.6627124, 37.3881413 ], [ 126.6627141, 37.3881426 ], [ 126.6627157, 37.3881447 ], [ 126.662717, 37.3881462 ], [ 126.6627189, 37.3881481 ], [ 126.6627205, 37.3881496 ], [ 126.6627222, 37.3881512 ], [ 126.6627234, 37.388153 ], [ 126.6627247, 37.3881543 ], [ 126.6627269, 37.3881564 ], [ 126.6627283, 37.388158 ], [ 126.6627298, 37.3881597 ], [ 126.6627316, 37.3881613 ], [ 126.6627332, 37.3881632 ], [ 126.6627348, 37.3881649 ], [ 126.6627363, 37.3881661 ], [ 126.6627379, 37.388168 ], [ 126.6627395, 37.3881695 ], [ 126.6627411, 37.3881713 ], [ 126.6627429, 37.3881732 ], [ 126.6627445, 37.3881749 ], [ 126.6627463, 37.3881767 ], [ 126.6627479, 37.3881783 ], [ 126.6627495, 37.3881801 ], [ 126.6627512, 37.3881818 ], [ 126.6627528, 37.3881836 ], [ 126.6627544, 37.3881853 ], [ 126.6627561, 37.388187 ], [ 126.662758, 37.3881889 ], [ 126.6627594, 37.3881906 ], [ 126.6627613, 37.3881924 ], [ 126.6627628, 37.3881942 ], [ 126.6627646, 37.388196 ], [ 126.6627662, 37.3881978 ], [ 126.662768, 37.3881997 ], [ 126.6627697, 37.3882015 ], [ 126.6627713, 37.3882032 ], [ 126.6627731, 37.3882052 ], [ 126.6627748, 37.388207 ], [ 126.6627766, 37.3882087 ], [ 126.6627783, 37.3882107 ], [ 126.6627801, 37.3882125 ], [ 126.6627818, 37.3882142 ], [ 126.6627836, 37.388216 ], [ 126.6627854, 37.3882181 ], [ 126.6627872, 37.3882199 ], [ 126.6627891, 37.3882218 ], [ 126.6627908, 37.3882237 ], [ 126.6627926, 37.3882256 ], [ 126.6627945, 37.3882276 ], [ 126.6627962, 37.3882294 ], [ 126.6627982, 37.3882314 ], [ 126.6627999, 37.3882333 ], [ 126.6628018, 37.3882352 ], [ 126.6628035, 37.388237 ], [ 126.6628051, 37.3882387 ], [ 126.6628072, 37.3882407 ], [ 126.662809, 37.3882427 ], [ 126.6628109, 37.3882447 ], [ 126.6628127, 37.3882466 ], [ 126.6628145, 37.3882485 ], [ 126.6628164, 37.3882504 ], [ 126.6628182, 37.3882524 ], [ 126.6628201, 37.3882543 ], [ 126.662822, 37.3882563 ], [ 126.6628239, 37.3882583 ], [ 126.6628258, 37.3882602 ], [ 126.6628275, 37.388262 ], [ 126.6628294, 37.3882641 ], [ 126.6628315, 37.388266 ], [ 126.6628332, 37.388268 ], [ 126.6628352, 37.38827 ], [ 126.662837, 37.388272 ], [ 126.6628388, 37.3882739 ], [ 126.6628407, 37.3882759 ], [ 126.6628427, 37.3882778 ], [ 126.6628447, 37.3882798 ], [ 126.6628467, 37.3882821 ], [ 126.6628485, 37.388284 ], [ 126.6628504, 37.388286 ], [ 126.6628522, 37.3882881 ], [ 126.6628541, 37.38829 ], [ 126.6628563, 37.3882921 ], [ 126.6628581, 37.388294 ], [ 126.66286, 37.388296 ], [ 126.6628621, 37.3882981 ], [ 126.6628638, 37.3883 ], [ 126.6628658, 37.388302 ], [ 126.6628679, 37.3883041 ], [ 126.6628699, 37.3883062 ], [ 126.6628717, 37.3883082 ], [ 126.6628737, 37.3883101 ], [ 126.6628756, 37.3883121 ], [ 126.6628775, 37.3883142 ], [ 126.6628795, 37.3883162 ], [ 126.6628815, 37.3883182 ], [ 126.6628834, 37.3883204 ], [ 126.6628855, 37.3883225 ], [ 126.6628876, 37.3883246 ], [ 126.6628898, 37.3883268 ], [ 126.6628918, 37.388329 ] ] } },
{ "type": "Feature", "properties": { "Vehicle_ID": 35, "Vehicle_Class": 0, "Num_Points": 150, "Start_Time": "2022-10-07 17:52:13.500", "End_Time": "2022-10-07 17:52:18.471", "Start_Frame": 0, "End_Frame": 149, "Mean_Speed": 19.0, "Max_Speed": 26.3, "Vehicle_Length": 5.02, "Vehicle_Width": 2.2 }, "geometry": { "type": "LineString", "coordinates": [ [ 126.6636958, 37.3895346 ], [ 126.6636951, 37.3895338 ], [ 126.6636944, 37.3895331 ], [ 126.6636935, 37.3895324 ], [ 126.6636929, 37.3895318 ], [ 126.6636922, 37.3895311 ], [ 126.6636912, 37.3895301 ], [ 126.6636905, 37.3895293 ], [ 126.6636896, 37.3895284 ], [ 126.6636889, 37.3895276 ], [ 126.663688, 37.3895268 ], [ 126.6636871, 37.3895259 ], [ 126.6636864, 37.3895252 ], [ 126.6636856, 37.3895244 ], [ 126.6636847, 37.3895234 ], [ 126.663684, 37.3895226 ], [ 126.6636832, 37.3895218 ], [ 126.6636824, 37.3895209 ], [ 126.6636817, 37.3895202 ], [ 126.6636809, 37.3895193 ], [ 126.6636801, 37.3895184 ], [ 126.6636793, 37.3895175 ], [ 126.6636784, 37.3895167 ], [ 126.6636777, 37.3895158 ], [ 126.6636768, 37.3895149 ], [ 126.663676, 37.389514 ], [ 126.6636751, 37.3895131 ], [ 126.6636742, 37.3895123 ], [ 126.6636734, 37.3895114 ], [ 126.6636725, 37.3895104 ], [ 126.6636719, 37.3895098 ], [ 126.6636708, 37.3895086 ], [ 126.6636699, 37.3895078 ], [ 126.663669, 37.3895068 ], [ 126.663668, 37.3895057 ], [ 126.663667, 37.3895048 ], [ 126.6636661, 37.3895038 ], [ 126.6636651, 37.3895028 ], [ 126.6636639, 37.3895017 ], [ 126.6636629, 37.3895007 ], [ 126.663662, 37.3895 ], [ 126.6636618, 37.3894993 ], [ 126.6636603, 37.3894978 ], [ 126.66366, 37.3894969 ], [ 126.663659, 37.389496 ], [ 126.6636581, 37.3894951 ], [ 126.663657, 37.389494 ], [ 126.6636561, 37.3894932 ], [ 126.6636548, 37.389492 ], [ 126.6636537, 37.3894903 ], [ 126.6636523, 37.3894894 ], [ 126.6636517, 37.3894889 ], [ 126.6636513, 37.389488 ], [ 126.66365, 37.3894865 ], [ 126.6636489, 37.3894854 ], [ 126.6636481, 37.3894846 ], [ 126.6636463, 37.3894831 ], [ 126.6636457, 37.389482 ], [ 126.6636444, 37.3894807 ], [ 126.6636433, 37.389479 ], [ 126.6636416, 37.3894777 ], [ 126.663641, 37.3894772 ], [ 126.6636394, 37.3894758 ], [ 126.6636386, 37.3894748 ], [ 126.6636375, 37.3894735 ], [ 126.663636, 37.3894716 ], [ 126.6636352, 37.3894712 ], [ 126.6636344, 37.3894703 ], [ 126.6636331, 37.3894689 ], [ 126.663632, 37.3894677 ], [ 126.6636308, 37.3894666 ], [ 126.6636296, 37.3894652 ], [ 126.6636283, 37.389464 ], [ 126.6636271, 37.389463 ], [ 126.663626, 37.3894618 ], [ 126.6636248, 37.3894605 ], [ 126.6636235, 37.3894591 ], [ 126.6636223, 37.3894578 ], [ 126.663621, 37.3894567 ], [ 126.6636199, 37.3894556 ], [ 126.6636187, 37.3894543 ], [ 126.6636178, 37.3894532 ], [ 126.6636166, 37.389452 ], [ 126.6636157, 37.3894512 ], [ 126.6636149, 37.3894504 ], [ 126.663614, 37.3894495 ], [ 126.6636128, 37.3894484 ], [ 126.6636112, 37.3894468 ], [ 126.6636096, 37.3894452 ], [ 126.6636082, 37.3894435 ], [ 126.6636064, 37.3894418 ], [ 126.6636046, 37.3894399 ], [ 126.6636029, 37.3894381 ], [ 126.6636015, 37.3894366 ], [ 126.6636005, 37.3894352 ], [ 126.6635992, 37.3894337 ], [ 126.6635979, 37.3894325 ], [ 126.6635964, 37.389431 ], [ 126.6635949, 37.3894296 ], [ 126.6635933, 37.3894281 ], [ 126.6635918, 37.3894265 ], [ 126.6635902, 37.3894248 ], [ 126.6635886, 37.3894232 ], [ 126.663587, 37.3894215 ], [ 126.6635855, 37.3894199 ], [ 126.6635829, 37.3894177 ], [ 126.6635804, 37.3894151 ], [ 126.6635786, 37.3894132 ], [ 126.6635776, 37.3894121 ], [ 126.6635769, 37.3894115 ], [ 126.6635758, 37.3894101 ], [ 126.6635752, 37.3894092 ], [ 126.6635743, 37.389408 ], [ 126.6635732, 37.3894068 ], [ 126.6635723, 37.3894058 ], [ 126.6635708, 37.3894041 ], [ 126.6635692, 37.3894025 ], [ 126.6635675, 37.3894007 ], [ 126.6635659, 37.3893991 ], [ 126.6635644, 37.3893976 ], [ 126.6635628, 37.3893961 ], [ 126.6635616, 37.3893947 ], [ 126.6635599, 37.3893931 ], [ 126.6635584, 37.3893915 ], [ 126.6635568, 37.3893899 ], [ 126.6635553, 37.3893883 ], [ 126.6635539, 37.3893868 ], [ 126.6635523, 37.3893851 ], [ 126.6635508, 37.3893835 ], [ 126.6635493, 37.3893819 ], [ 126.6635478, 37.3893803 ], [ 126.6635464, 37.3893788 ], [ 126.6635449, 37.3893772 ], [ 126.6635434, 37.3893756 ], [ 126.6635418, 37.3893739 ], [ 126.6635402, 37.3893723 ], [ 126.6635386, 37.3893706 ], [ 126.663537, 37.3893689 ], [ 126.6635353, 37.3893673 ], [ 126.6635335, 37.3893655 ], [ 126.6635318, 37.389364 ], [ 126.6635298, 37.3893619 ], [ 126.6635281, 37.38936 ], [ 126.6635262, 37.389358 ], [ 126.6635244, 37.3893562 ], [ 126.6635227, 37.3893545 ], [ 126.6635209, 37.3893526 ], [ 126.6635191, 37.3893507 ], [ 126.6635173, 37.3893489 ], [ 126.6635155, 37.3893471 ] ] } },
{ "type": "Feature", "properties": { "Vehicle_ID": 36, "Vehicle_Class": 0, "Num_Points": 115, "Start_Time": "2022-10-07 17:52:13.500", "End_Time": "2022-10-07 17:52:17.303", "Start_Frame": 0, "End_Frame": 114, "Mean_Speed": 56.0, "Max_Speed": 66.0, "Vehicle_Length": 4.91, "Vehicle_Width": 2.15 }, "geometry": { "type": "LineString", "coordinates": [ [ 126.6627294, 37.3884302 ], [ 126.6627271, 37.3884278 ], [ 126.6627242, 37.3884251 ], [ 126.662721, 37.3884221 ], [ 126.6627178, 37.388419 ], [ 126.6627144, 37.3884156 ], [ 126.6627112, 37.3884124 ], [ 126.6627083, 37.3884097 ], [ 126.6627053, 37.3884067 ], [ 126.6627025, 37.3884036 ], [ 126.6626993, 37.3884006 ], [ 126.6626962, 37.3883976 ], [ 126.6626933, 37.3883946 ], [ 126.6626903, 37.3883917 ], [ 126.6626873, 37.3883886 ], [ 126.6626842, 37.3883856 ], [ 126.6626811, 37.3883825 ], [ 126.6626778, 37.3883794 ], [ 126.6626746, 37.3883762 ], [ 126.6626711, 37.3883731 ], [ 126.6626679, 37.38837 ], [ 126.6626647, 37.388367 ], [ 126.6626614, 37.3883639 ], [ 126.6626581, 37.3883608 ], [ 126.6626549, 37.3883577 ], [ 126.6626516, 37.3883547 ], [ 126.6626483, 37.3883515 ], [ 126.6626449, 37.3883485 ], [ 126.6626414, 37.3883453 ], [ 126.6626381, 37.3883421 ], [ 126.6626347, 37.388339 ], [ 126.6626312, 37.3883358 ], [ 126.6626273, 37.3883322 ], [ 126.6626239, 37.3883291 ], [ 126.6626206, 37.388326 ], [ 126.6626172, 37.3883229 ], [ 126.6626135, 37.3883195 ], [ 126.6626099, 37.3883163 ], [ 126.6626062, 37.3883129 ], [ 126.6626023, 37.3883092 ], [ 126.6625983, 37.3883055 ], [ 126.6625955, 37.3883024 ], [ 126.6625922, 37.3882992 ], [ 126.662589, 37.3882962 ], [ 126.6625855, 37.3882932 ], [ 126.6625816, 37.3882899 ], [ 126.662577, 37.3882865 ], [ 126.6625732, 37.388283 ], [ 126.662569, 37.3882793 ], [ 126.6625654, 37.3882761 ], [ 126.6625615, 37.3882724 ], [ 126.6625579, 37.3882693 ], [ 126.6625538, 37.3882656 ], [ 126.6625502, 37.3882624 ], [ 126.6625462, 37.3882588 ], [ 126.6625423, 37.3882552 ], [ 126.6625381, 37.3882517 ], [ 126.6625339, 37.3882481 ], [ 126.6625305, 37.3882447 ], [ 126.6625264, 37.3882413 ], [ 126.6625223, 37.3882378 ], [ 126.6625185, 37.3882341 ], [ 126.6625142, 37.3882305 ], [ 126.6625103, 37.3882269 ], [ 126.662506, 37.3882232 ], [ 126.6625022, 37.3882198 ], [ 126.662498, 37.3882159 ], [ 126.6624936, 37.3882121 ], [ 126.6624898, 37.3882086 ], [ 126.6624857, 37.388205 ], [ 126.6624816, 37.3882014 ], [ 126.6624776, 37.3881976 ], [ 126.6624733, 37.3881938 ], [ 126.6624691, 37.3881901 ], [ 126.6624649, 37.3881865 ], [ 126.6624607, 37.3881826 ], [ 126.6624564, 37.3881787 ], [ 126.6624523, 37.3881749 ], [ 126.6624478, 37.3881711 ], [ 126.6624437, 37.3881673 ], [ 126.6624392, 37.3881634 ], [ 126.6624348, 37.3881593 ], [ 126.6624304, 37.3881555 ], [ 126.6624263, 37.3881518 ], [ 126.6624219, 37.3881478 ], [ 126.6624175, 37.3881437 ], [ 126.6624129, 37.3881396 ], [ 126.6624087, 37.3881356 ], [ 126.6624042, 37.3881314 ], [ 126.6623997, 37.3881273 ], [ 126.6623953, 37.3881231 ], [ 126.6623908, 37.388119 ], [ 126.6623864, 37.3881149 ], [ 126.6623821, 37.388111 ], [ 126.6623773, 37.3881065 ], [ 126.6623729, 37.3881023 ], [ 126.6623685, 37.3880982 ], [ 126.6623641, 37.3880939 ], [ 126.6623596, 37.3880896 ], [ 126.6623551, 37.3880853 ], [ 126.6623508, 37.3880809 ], [ 126.6623464, 37.3880767 ], [ 126.6623417, 37.3880722 ], [ 126.6623372, 37.3880678 ], [ 126.6623323, 37.3880633 ], [ 126.6623279, 37.388059 ], [ 126.6623235, 37.3880549 ], [ 126.6623192, 37.3880505 ], [ 126.662317, 37.3880485 ], [ 126.6623147, 37.3880463 ], [ 126.6623125, 37.388044 ], [ 126.6623103, 37.388042 ], [ 126.6623079, 37.3880399 ], [ 126.6623057, 37.3880379 ], [ 126.6623039, 37.3880362 ] ] } },
{ "type": "Feature", "properties": { "Vehicle_ID": 37, "Vehicle_Class": 0, "Num_Points": 150, "Start_Time": "2022-10-07 17:52:13.500", "End_Time": "2022-10-07 17:52:18.471", "Start_Frame": 0, "End_Frame": 149, "Mean_Speed": 29.2, "Max_Speed": 37.0, "Vehicle_Length": 4.95, "Vehicle_Width": 2.22 }, "geometry": { "type": "LineString", "coordinates": [ [ 126.6636065, 37.3892466 ], [ 126.663605, 37.3892453 ], [ 126.6636036, 37.3892439 ], [ 126.6636022, 37.3892427 ], [ 126.663601, 37.3892414 ], [ 126.6635996, 37.3892401 ], [ 126.6635982, 37.3892387 ], [ 126.6635969, 37.3892373 ], [ 126.6635954, 37.3892358 ], [ 126.6635941, 37.3892343 ], [ 126.6635925, 37.389233 ], [ 126.6635909, 37.3892314 ], [ 126.6635896, 37.3892301 ], [ 126.6635881, 37.3892287 ], [ 126.6635866, 37.3892273 ], [ 126.6635853, 37.3892259 ], [ 126.663584, 37.3892245 ], [ 126.6635824, 37.389223 ], [ 126.6635811, 37.3892216 ], [ 126.6635795, 37.3892199 ], [ 126.6635781, 37.3892182 ], [ 126.6635765, 37.3892167 ], [ 126.6635752, 37.3892152 ], [ 126.6635738, 37.3892137 ], [ 126.6635724, 37.3892122 ], [ 126.663571, 37.3892107 ], [ 126.6635695, 37.389209 ], [ 126.663568, 37.3892075 ], [ 126.6635664, 37.3892059 ], [ 126.663565, 37.3892045 ], [ 126.6635635, 37.389203 ], [ 126.6635619, 37.3892013 ], [ 126.6635604, 37.3891997 ], [ 126.6635588, 37.389198 ], [ 126.663557, 37.3891963 ], [ 126.6635554, 37.3891947 ], [ 126.6635538, 37.389193 ], [ 126.6635523, 37.3891916 ], [ 126.6635505, 37.3891899 ], [ 126.6635488, 37.3891882 ], [ 126.6635472, 37.3891867 ], [ 126.663546, 37.3891851 ], [ 126.663544, 37.389183 ], [ 126.6635429, 37.3891816 ], [ 126.6635412, 37.3891799 ], [ 126.6635395, 37.3891783 ], [ 126.6635376, 37.3891765 ], [ 126.6635357, 37.3891748 ], [ 126.6635338, 37.3891731 ], [ 126.663532, 37.3891708 ], [ 126.66353, 37.3891693 ], [ 126.6635284, 37.3891679 ], [ 126.663527, 37.3891662 ], [ 126.663525, 37.3891643 ], [ 126.6635235, 37.3891626 ], [ 126.6635221, 37.389161 ], [ 126.6635197, 37.3891589 ], [ 126.6635185, 37.3891571 ], [ 126.6635167, 37.3891552 ], [ 126.6635148, 37.3891531 ], [ 126.6635126, 37.3891511 ], [ 126.6635112, 37.3891497 ], [ 126.6635091, 37.389148 ], [ 126.6635077, 37.3891464 ], [ 126.6635059, 37.3891444 ], [ 126.6635037, 37.389142 ], [ 126.6635021, 37.3891407 ], [ 126.6635006, 37.3891392 ], [ 126.6634988, 37.3891372 ], [ 126.6634966, 37.3891352 ], [ 126.6634946, 37.3891331 ], [ 126.6634924, 37.3891307 ], [ 126.6634901, 37.3891285 ], [ 126.6634882, 37.3891266 ], [ 126.6634861, 37.3891246 ], [ 126.6634841, 37.3891226 ], [ 126.663482, 37.3891204 ], [ 126.6634801, 37.3891184 ], [ 126.6634784, 37.3891169 ], [ 126.6634768, 37.3891153 ], [ 126.6634749, 37.3891133 ], [ 126.6634733, 37.3891117 ], [ 126.6634716, 37.3891101 ], [ 126.6634701, 37.3891084 ], [ 126.6634683, 37.3891067 ], [ 126.6634667, 37.3891053 ], [ 126.6634651, 37.3891035 ], [ 126.663463, 37.3891011 ], [ 126.6634608, 37.3890991 ], [ 126.6634587, 37.3890968 ], [ 126.6634568, 37.3890948 ], [ 126.6634549, 37.3890929 ], [ 126.6634526, 37.3890905 ], [ 126.6634504, 37.3890882 ], [ 126.6634485, 37.3890862 ], [ 126.6634463, 37.3890839 ], [ 126.6634442, 37.3890818 ], [ 126.6634421, 37.3890795 ], [ 126.6634399, 37.3890773 ], [ 126.6634378, 37.3890753 ], [ 126.6634358, 37.3890732 ], [ 126.6634336, 37.3890709 ], [ 126.6634316, 37.3890688 ], [ 126.6634296, 37.3890666 ], [ 126.6634275, 37.3890645 ], [ 126.6634256, 37.3890626 ], [ 126.6634235, 37.3890604 ], [ 126.6634214, 37.3890582 ], [ 126.6634193, 37.3890562 ], [ 126.6634173, 37.3890543 ], [ 126.6634151, 37.389052 ], [ 126.6634132, 37.3890499 ], [ 126.6634109, 37.3890476 ], [ 126.6634088, 37.3890454 ], [ 126.6634072, 37.3890435 ], [ 126.6634051, 37.3890412 ], [ 126.6634028, 37.3890389 ], [ 126.6634006, 37.3890367 ], [ 126.6633986, 37.3890346 ], [ 126.6633964, 37.3890323 ], [ 126.6633943, 37.38903 ], [ 126.6633924, 37.3890279 ], [ 126.6633898, 37.3890255 ], [ 126.6633876, 37.3890232 ], [ 126.6633853, 37.3890208 ], [ 126.663383, 37.3890185 ], [ 126.663381, 37.3890163 ], [ 126.6633785, 37.3890138 ], [ 126.6633764, 37.3890115 ], [ 126.663374, 37.3890092 ], [ 126.6633717, 37.3890068 ], [ 126.6633695, 37.3890043 ], [ 126.6633672, 37.389002 ], [ 126.6633648, 37.3889996 ], [ 126.6633626, 37.3889973 ], [ 126.66336, 37.3889949 ], [ 126.6633578, 37.3889925 ], [ 126.6633553, 37.38899 ], [ 126.6633529, 37.3889876 ], [ 126.6633506, 37.3889853 ], [ 126.6633483, 37.388983 ], [ 126.6633459, 37.3889805 ], [ 126.6633435, 37.3889779 ], [ 126.6633408, 37.3889753 ], [ 126.6633385, 37.3889729 ], [ 126.663336, 37.3889704 ], [ 126.6633336, 37.3889679 ], [ 126.6633312, 37.3889652 ], [ 126.6633285, 37.3889627 ], [ 126.6633263, 37.3889603 ] ] } },
{ "type": "Feature", "properties": { "Vehicle_ID": 38, "Vehicle_Class": 2, "Num_Points": 31, "Start_Time": "2022-10-07 17:52:13.500", "End_Time": "2022-10-07 17:52:14.501", "Start_Frame": 0, "End_Frame": 30, "Mean_Speed": 43.3, "Max_Speed": 43.4, "Vehicle_Length": 5.54, "Vehicle_Width": 2.27 }, "geometry": { "type": "LineString", "coordinates": [ [ 126.6624253, 37.3880732 ], [ 126.6624231, 37.3880707 ], [ 126.6624204, 37.388068 ], [ 126.6624175, 37.3880651 ], [ 126.6624146, 37.3880622 ], [ 126.6624118, 37.3880593 ], [ 126.6624091, 37.3880565 ], [ 126.6624063, 37.3880536 ], [ 126.6624036, 37.3880508 ], [ 126.6624009, 37.3880477 ], [ 126.6623978, 37.3880449 ], [ 126.6623949, 37.388042 ], [ 126.6623921, 37.3880391 ], [ 126.6623891, 37.3880361 ], [ 126.6623863, 37.3880331 ], [ 126.6623837, 37.3880303 ], [ 126.6623809, 37.3880275 ], [ 126.662378, 37.3880246 ], [ 126.6623751, 37.3880215 ], [ 126.6623727, 37.3880192 ], [ 126.6623714, 37.3880176 ], [ 126.66237, 37.388016 ], [ 126.6623687, 37.3880144 ], [ 126.6623675, 37.3880129 ], [ 126.6623663, 37.3880116 ], [ 126.662365, 37.3880101 ], [ 126.6623635, 37.3880088 ], [ 126.6623622, 37.3880072 ], [ 126.6623609, 37.3880056 ], [ 126.6623593, 37.3880043 ], [ 126.6623576, 37.3880032 ] ] } },
{ "type": "Feature", "properties": { "Vehicle_ID": 39, "Vehicle_Class": 0, "Num_Points": 150, "Start_Time": "2022-10-07 17:52:13.500", "End_Time": "2022-10-07 17:52:18.471", "Start_Frame": 0, "End_Frame": 149, "Mean_Speed": 27.7, "Max_Speed": 29.6, "Vehicle_Length": 4.28, "Vehicle_Width": 1.95 }, "geometry": { "type": "LineString", "coordinates": [ [ 126.6619162, 37.3886466 ], [ 126.6619178, 37.3886482 ], [ 126.6619196, 37.3886501 ], [ 126.6619213, 37.388652 ], [ 126.6619232, 37.3886541 ], [ 126.661925, 37.388656 ], [ 126.6619269, 37.388658 ], [ 126.6619288, 37.3886602 ], [ 126.6619305, 37.3886619 ], [ 126.6619324, 37.388664 ], [ 126.661934, 37.3886659 ], [ 126.6619358, 37.3886678 ], [ 126.6619377, 37.3886697 ], [ 126.6619395, 37.3886717 ], [ 126.6619414, 37.3886738 ], [ 126.6619433, 37.3886757 ], [ 126.661945, 37.3886775 ], [ 126.6619465, 37.3886794 ], [ 126.6619481, 37.3886811 ], [ 126.6619497, 37.3886829 ], [ 126.6619517, 37.388685 ], [ 126.6619536, 37.388687 ], [ 126.6619552, 37.3886888 ], [ 126.6619571, 37.3886905 ], [ 126.661959, 37.3886926 ], [ 126.6619607, 37.3886944 ], [ 126.6619624, 37.3886963 ], [ 126.6619643, 37.3886984 ], [ 126.6619661, 37.3887003 ], [ 126.6619678, 37.3887021 ], [ 126.6619695, 37.388704 ], [ 126.6619718, 37.3887062 ], [ 126.6619737, 37.3887083 ], [ 126.6619758, 37.3887102 ], [ 126.6619772, 37.3887119 ], [ 126.6619785, 37.3887134 ], [ 126.6619802, 37.3887152 ], [ 126.6619824, 37.3887176 ], [ 126.6619845, 37.3887198 ], [ 126.6619867, 37.3887222 ], [ 126.6619881, 37.3887242 ], [ 126.6619909, 37.3887258 ], [ 126.6619931, 37.3887284 ], [ 126.6619952, 37.3887301 ], [ 126.6619972, 37.3887322 ], [ 126.6619992, 37.3887341 ], [ 126.662001, 37.3887356 ], [ 126.6620026, 37.3887374 ], [ 126.6620043, 37.3887394 ], [ 126.6620065, 37.3887419 ], [ 126.6620086, 37.3887438 ], [ 126.6620106, 37.3887453 ], [ 126.6620122, 37.3887476 ], [ 126.6620143, 37.3887496 ], [ 126.6620161, 37.3887517 ], [ 126.6620178, 37.3887536 ], [ 126.662019, 37.388755 ], [ 126.6620208, 37.3887567 ], [ 126.6620231, 37.3887588 ], [ 126.6620248, 37.3887612 ], [ 126.6620265, 37.3887634 ], [ 126.6620284, 37.3887648 ], [ 126.6620299, 37.3887666 ], [ 126.6620319, 37.3887687 ], [ 126.6620334, 37.388771 ], [ 126.6620352, 37.3887728 ], [ 126.6620374, 37.3887746 ], [ 126.6620392, 37.3887768 ], [ 126.6620412, 37.3887786 ], [ 126.6620431, 37.3887805 ], [ 126.662045, 37.3887825 ], [ 126.6620468, 37.3887843 ], [ 126.6620486, 37.3887862 ], [ 126.6620505, 37.3887881 ], [ 126.6620523, 37.3887902 ], [ 126.662054, 37.388792 ], [ 126.6620558, 37.3887939 ], [ 126.6620577, 37.3887959 ], [ 126.6620594, 37.3887977 ], [ 126.6620613, 37.3887997 ], [ 126.6620631, 37.3888016 ], [ 126.6620649, 37.3888036 ], [ 126.6620666, 37.3888054 ], [ 126.6620685, 37.3888073 ], [ 126.6620702, 37.3888093 ], [ 126.6620721, 37.3888109 ], [ 126.6620739, 37.388813 ], [ 126.6620757, 37.3888149 ], [ 126.6620775, 37.3888167 ], [ 126.6620792, 37.3888185 ], [ 126.662081, 37.3888205 ], [ 126.6620829, 37.3888224 ], [ 126.6620846, 37.3888241 ], [ 126.6620865, 37.3888261 ], [ 126.6620881, 37.388828 ], [ 126.6620901, 37.3888301 ], [ 126.6620919, 37.3888323 ], [ 126.6620936, 37.388834 ], [ 126.6620958, 37.388836 ], [ 126.6620979, 37.3888381 ], [ 126.6620995, 37.38884 ], [ 126.6621011, 37.3888417 ], [ 126.662103, 37.3888434 ], [ 126.6621045, 37.3888451 ], [ 126.6621058, 37.3888466 ], [ 126.6621074, 37.3888483 ], [ 126.6621093, 37.3888497 ], [ 126.6621109, 37.3888514 ], [ 126.6621127, 37.3888532 ], [ 126.6621144, 37.3888552 ], [ 126.6621161, 37.3888567 ], [ 126.6621179, 37.3888585 ], [ 126.6621196, 37.3888603 ], [ 126.6621213, 37.3888619 ], [ 126.6621226, 37.3888636 ], [ 126.6621241, 37.3888649 ], [ 126.6621256, 37.3888665 ], [ 126.6621271, 37.3888677 ], [ 126.6621284, 37.3888694 ], [ 126.66213, 37.3888713 ], [ 126.6621316, 37.3888729 ], [ 126.6621336, 37.3888753 ], [ 126.662135, 37.388877 ], [ 126.6621367, 37.3888787 ], [ 126.6621381, 37.3888803 ], [ 126.6621395, 37.3888817 ], [ 126.6621411, 37.3888837 ], [ 126.6621428, 37.3888855 ], [ 126.6621446, 37.3888871 ], [ 126.662146, 37.3888888 ], [ 126.6621478, 37.3888907 ], [ 126.6621496, 37.3888926 ], [ 126.6621513, 37.3888944 ], [ 126.6621526, 37.388896 ], [ 126.6621541, 37.3888976 ], [ 126.6621552, 37.3888988 ], [ 126.6621569, 37.3889004 ], [ 126.6621584, 37.3889019 ], [ 126.6621604, 37.3889038 ], [ 126.6621619, 37.3889052 ], [ 126.6621633, 37.3889067 ], [ 126.6621648, 37.3889079 ], [ 126.6621661, 37.3889093 ], [ 126.6621677, 37.3889107 ], [ 126.662169, 37.3889119 ], [ 126.6621705, 37.3889133 ], [ 126.6621721, 37.3889149 ], [ 126.6621736, 37.3889166 ], [ 126.6621754, 37.3889182 ], [ 126.6621773, 37.3889196 ] ] } },
{ "type": "Feature", "properties": { "Vehicle_ID": 40, "Vehicle_Class": 0, "Num_Points": 150, "Start_Time": "2022-10-07 17:52:13.500", "End_Time": "2022-10-07 17:52:18.471", "Start_Frame": 0, "End_Frame": 149, "Mean_Speed": 16.6, "Max_Speed": 17.7, "Vehicle_Length": 5.18, "Vehicle_Width": 2.29 }, "geometry": { "type": "LineString", "coordinates": [ [ 126.6627603, 37.3880986 ], [ 126.6627613, 37.3880996 ], [ 126.6627621, 37.3881005 ], [ 126.6627631, 37.3881016 ], [ 126.6627641, 37.3881027 ], [ 126.6627651, 37.3881037 ], [ 126.6627661, 37.3881047 ], [ 126.662767, 37.3881057 ], [ 126.6627678, 37.3881066 ], [ 126.6627691, 37.3881076 ], [ 126.6627699, 37.3881087 ], [ 126.6627709, 37.3881097 ], [ 126.6627719, 37.3881107 ], [ 126.6627729, 37.3881116 ], [ 126.6627738, 37.3881126 ], [ 126.6627749, 37.3881138 ], [ 126.6627759, 37.3881148 ], [ 126.6627769, 37.3881157 ], [ 126.6627779, 37.3881168 ], [ 126.6627788, 37.3881178 ], [ 126.6627798, 37.3881187 ], [ 126.6627809, 37.3881199 ], [ 126.6627819, 37.3881209 ], [ 126.662783, 37.388122 ], [ 126.6627842, 37.3881232 ], [ 126.6627852, 37.3881243 ], [ 126.6627862, 37.3881254 ], [ 126.6627874, 37.3881266 ], [ 126.6627884, 37.3881276 ], [ 126.6627896, 37.3881287 ], [ 126.6627907, 37.3881298 ], [ 126.6627916, 37.3881308 ], [ 126.6627925, 37.3881315 ], [ 126.6627936, 37.3881327 ], [ 126.6627947, 37.3881338 ], [ 126.6627958, 37.3881349 ], [ 126.6627969, 37.3881361 ], [ 126.6627979, 37.3881372 ], [ 126.6627989, 37.3881383 ], [ 126.6627999, 37.3881394 ], [ 126.6628011, 37.3881406 ], [ 126.6628024, 37.3881415 ], [ 126.6628037, 37.3881423 ], [ 126.662805, 37.3881437 ], [ 126.6628062, 37.3881448 ], [ 126.6628073, 37.3881459 ], [ 126.6628082, 37.3881471 ], [ 126.6628095, 37.3881481 ], [ 126.6628101, 37.3881488 ], [ 126.6628115, 37.3881502 ], [ 126.6628128, 37.3881511 ], [ 126.6628139, 37.3881526 ], [ 126.6628148, 37.3881534 ], [ 126.6628162, 37.3881549 ], [ 126.6628173, 37.3881559 ], [ 126.6628185, 37.3881569 ], [ 126.6628193, 37.3881582 ], [ 126.6628203, 37.388159 ], [ 126.6628219, 37.3881603 ], [ 126.6628228, 37.3881614 ], [ 126.6628238, 37.3881624 ], [ 126.662825, 37.3881636 ], [ 126.6628261, 37.388165 ], [ 126.6628272, 37.388166 ], [ 126.6628284, 37.3881667 ], [ 126.6628295, 37.3881683 ], [ 126.6628304, 37.3881691 ], [ 126.6628315, 37.3881702 ], [ 126.6628328, 37.3881715 ], [ 126.6628339, 37.3881725 ], [ 126.6628351, 37.3881738 ], [ 126.6628362, 37.3881749 ], [ 126.6628371, 37.3881759 ], [ 126.6628382, 37.388177 ], [ 126.6628393, 37.3881782 ], [ 126.6628405, 37.3881792 ], [ 126.6628416, 37.3881803 ], [ 126.6628427, 37.3881816 ], [ 126.6628436, 37.3881825 ], [ 126.6628449, 37.3881836 ], [ 126.6628459, 37.3881847 ], [ 126.6628471, 37.3881857 ], [ 126.6628481, 37.3881868 ], [ 126.6628492, 37.388188 ], [ 126.6628502, 37.3881889 ], [ 126.6628512, 37.38819 ], [ 126.6628523, 37.3881911 ], [ 126.6628533, 37.3881921 ], [ 126.6628544, 37.3881931 ], [ 126.6628554, 37.3881942 ], [ 126.6628565, 37.3881953 ], [ 126.6628575, 37.3881963 ], [ 126.6628586, 37.3881973 ], [ 126.6628597, 37.3881984 ], [ 126.6628608, 37.3881994 ], [ 126.6628619, 37.3882005 ], [ 126.6628629, 37.3882016 ], [ 126.6628639, 37.3882027 ], [ 126.662865, 37.3882037 ], [ 126.662866, 37.3882048 ], [ 126.6628671, 37.3882059 ], [ 126.6628681, 37.3882069 ], [ 126.6628692, 37.3882079 ], [ 126.6628703, 37.3882089 ], [ 126.6628711, 37.3882097 ], [ 126.6628725, 37.3882109 ], [ 126.6628736, 37.388212 ], [ 126.6628746, 37.388213 ], [ 126.6628755, 37.3882139 ], [ 126.6628766, 37.388215 ], [ 126.6628778, 37.388216 ], [ 126.6628787, 37.388217 ], [ 126.6628798, 37.3882181 ], [ 126.6628809, 37.3882191 ], [ 126.6628821, 37.38822 ], [ 126.6628831, 37.388221 ], [ 126.6628841, 37.388222 ], [ 126.6628852, 37.3882232 ], [ 126.6628863, 37.3882242 ], [ 126.6628873, 37.3882253 ], [ 126.6628885, 37.3882264 ], [ 126.6628897, 37.3882274 ], [ 126.6628907, 37.3882285 ], [ 126.6628917, 37.3882294 ], [ 126.6628929, 37.3882306 ], [ 126.6628939, 37.3882315 ], [ 126.6628951, 37.3882327 ], [ 126.6628961, 37.3882337 ], [ 126.6628972, 37.3882348 ], [ 126.6628982, 37.3882359 ], [ 126.6628995, 37.3882369 ], [ 126.6629008, 37.388238 ], [ 126.6629018, 37.388239 ], [ 126.662903, 37.3882402 ], [ 126.6629043, 37.3882413 ], [ 126.6629053, 37.3882424 ], [ 126.6629065, 37.3882434 ], [ 126.6629077, 37.3882445 ], [ 126.6629089, 37.3882457 ], [ 126.6629102, 37.3882469 ], [ 126.6629114, 37.3882479 ], [ 126.6629127, 37.3882491 ], [ 126.662914, 37.3882502 ], [ 126.6629152, 37.3882514 ], [ 126.6629166, 37.3882525 ], [ 126.6629178, 37.3882537 ], [ 126.6629191, 37.3882548 ], [ 126.6629204, 37.3882559 ], [ 126.6629216, 37.3882569 ], [ 126.662923, 37.388258 ] ] } },
{ "type": "Feature", "properties": { "Vehicle_ID": 41, "Vehicle_Class": 0, "Num_Points": 49, "Start_Time": "2022-10-07 17:52:13.500", "End_Time": "2022-10-07 17:52:15.101", "Start_Frame": 0, "End_Frame": 48, "Mean_Speed": 46.2, "Max_Speed": 46.5, "Vehicle_Length": 4.7, "Vehicle_Width": 2.08 }, "geometry": { "type": "LineString", "coordinates": [ [ 126.6623991, 37.3881862 ], [ 126.6623967, 37.3881836 ], [ 126.6623938, 37.3881808 ], [ 126.6623905, 37.3881775 ], [ 126.6623876, 37.3881747 ], [ 126.6623847, 37.3881718 ], [ 126.6623816, 37.3881686 ], [ 126.6623786, 37.3881656 ], [ 126.6623755, 37.3881624 ], [ 126.6623729, 37.3881594 ], [ 126.6623697, 37.3881563 ], [ 126.6623669, 37.3881533 ], [ 126.6623638, 37.3881502 ], [ 126.6623609, 37.3881471 ], [ 126.6623578, 37.3881442 ], [ 126.6623549, 37.3881412 ], [ 126.6623518, 37.3881383 ], [ 126.6623487, 37.3881352 ], [ 126.6623456, 37.3881321 ], [ 126.6623426, 37.3881291 ], [ 126.6623395, 37.3881261 ], [ 126.6623365, 37.3881231 ], [ 126.6623336, 37.38812 ], [ 126.6623305, 37.3881169 ], [ 126.6623277, 37.3881139 ], [ 126.6623248, 37.3881109 ], [ 126.662322, 37.3881079 ], [ 126.6623191, 37.3881048 ], [ 126.6623163, 37.3881017 ], [ 126.6623133, 37.3880985 ], [ 126.6623104, 37.3880954 ], [ 126.6623074, 37.3880922 ], [ 126.6623041, 37.388089 ], [ 126.6623012, 37.3880862 ], [ 126.662298, 37.3880831 ], [ 126.6622948, 37.38808 ], [ 126.6622918, 37.388077 ], [ 126.6622887, 37.3880739 ], [ 126.6622856, 37.3880708 ], [ 126.6622833, 37.3880684 ], [ 126.6622819, 37.3880672 ], [ 126.6622809, 37.3880657 ], [ 126.6622797, 37.3880642 ], [ 126.6622783, 37.3880627 ], [ 126.662277, 37.3880614 ], [ 126.6622753, 37.3880599 ], [ 126.6622737, 37.3880588 ], [ 126.6622727, 37.3880575 ], [ 126.6622703, 37.3880551 ] ] } },
{ "type": "Feature", "properties": { "Vehicle_ID": 42, "Vehicle_Class": 0, "Num_Points": 150, "Start_Time": "2022-10-07 17:52:13.500", "End_Time": "2022-10-07 17:52:18.471", "Start_Frame": 0, "End_Frame": 149, "Mean_Speed": 24.6, "Max_Speed": 28.3, "Vehicle_Length": 5.02, "Vehicle_Width": 2.21 }, "geometry": { "type": "LineString", "coordinates": [ [ 126.6633187, 37.3890903 ], [ 126.6633172, 37.3890887 ], [ 126.6633155, 37.3890871 ], [ 126.663314, 37.3890857 ], [ 126.6633127, 37.3890843 ], [ 126.6633111, 37.3890827 ], [ 126.6633094, 37.3890811 ], [ 126.6633079, 37.3890797 ], [ 126.6633064, 37.3890781 ], [ 126.6633049, 37.3890764 ], [ 126.6633031, 37.3890748 ], [ 126.6633016, 37.3890733 ], [ 126.6633002, 37.3890718 ], [ 126.6632987, 37.3890702 ], [ 126.6632971, 37.3890687 ], [ 126.6632956, 37.3890671 ], [ 126.6632942, 37.3890657 ], [ 126.6632926, 37.389064 ], [ 126.663291, 37.3890625 ], [ 126.6632895, 37.3890609 ], [ 126.6632881, 37.3890594 ], [ 126.6632867, 37.3890578 ], [ 126.663285, 37.3890561 ], [ 126.6632835, 37.3890546 ], [ 126.663282, 37.3890532 ], [ 126.6632806, 37.3890516 ], [ 126.663279, 37.38905 ], [ 126.6632776, 37.3890485 ], [ 126.6632763, 37.3890472 ], [ 126.6632748, 37.3890456 ], [ 126.6632733, 37.3890441 ], [ 126.6632716, 37.3890424 ], [ 126.6632701, 37.389041 ], [ 126.6632686, 37.3890394 ], [ 126.6632671, 37.3890378 ], [ 126.6632655, 37.3890363 ], [ 126.6632641, 37.3890349 ], [ 126.6632629, 37.3890336 ], [ 126.6632612, 37.3890318 ], [ 126.6632596, 37.3890303 ], [ 126.6632582, 37.389029 ], [ 126.6632572, 37.3890275 ], [ 126.6632554, 37.3890256 ], [ 126.6632544, 37.3890242 ], [ 126.663253, 37.3890228 ], [ 126.6632516, 37.3890214 ], [ 126.6632499, 37.3890198 ], [ 126.6632483, 37.3890181 ], [ 126.6632467, 37.3890167 ], [ 126.6632454, 37.3890151 ], [ 126.6632438, 37.3890137 ], [ 126.6632423, 37.3890123 ], [ 126.6632412, 37.3890108 ], [ 126.6632398, 37.3890093 ], [ 126.6632384, 37.3890078 ], [ 126.6632372, 37.3890065 ], [ 126.6632349, 37.3890046 ], [ 126.6632338, 37.3890032 ], [ 126.6632325, 37.3890018 ], [ 126.6632309, 37.3889999 ], [ 126.663229, 37.3889984 ], [ 126.6632279, 37.3889971 ], [ 126.6632262, 37.3889956 ], [ 126.6632248, 37.3889941 ], [ 126.6632233, 37.3889926 ], [ 126.6632216, 37.3889906 ], [ 126.6632202, 37.3889894 ], [ 126.6632188, 37.3889881 ], [ 126.6632171, 37.3889864 ], [ 126.6632157, 37.3889848 ], [ 126.6632143, 37.3889833 ], [ 126.6632126, 37.3889816 ], [ 126.6632109, 37.38898 ], [ 126.6632093, 37.3889784 ], [ 126.663208, 37.388977 ], [ 126.6632064, 37.3889754 ], [ 126.6632048, 37.3889738 ], [ 126.6632034, 37.3889722 ], [ 126.6632017, 37.3889707 ], [ 126.6632003, 37.3889691 ], [ 126.6631986, 37.3889676 ], [ 126.6631972, 37.3889661 ], [ 126.6631957, 37.3889647 ], [ 126.6631942, 37.3889631 ], [ 126.6631925, 37.3889615 ], [ 126.6631911, 37.38896 ], [ 126.6631896, 37.3889585 ], [ 126.6631879, 37.3889569 ], [ 126.6631862, 37.3889553 ], [ 126.6631847, 37.3889538 ], [ 126.6631832, 37.3889524 ], [ 126.6631816, 37.3889507 ], [ 126.6631797, 37.3889489 ], [ 126.6631782, 37.3889473 ], [ 126.6631767, 37.3889458 ], [ 126.6631751, 37.3889442 ], [ 126.6631733, 37.3889427 ], [ 126.6631718, 37.3889411 ], [ 126.6631702, 37.3889397 ], [ 126.6631686, 37.3889381 ], [ 126.6631669, 37.3889364 ], [ 126.6631652, 37.3889347 ], [ 126.6631637, 37.3889331 ], [ 126.6631618, 37.3889314 ], [ 126.6631599, 37.3889295 ], [ 126.6631585, 37.388928 ], [ 126.6631569, 37.3889264 ], [ 126.6631551, 37.3889246 ], [ 126.6631535, 37.388923 ], [ 126.663152, 37.3889216 ], [ 126.6631501, 37.3889198 ], [ 126.6631485, 37.3889181 ], [ 126.6631468, 37.3889164 ], [ 126.6631451, 37.3889149 ], [ 126.6631435, 37.3889133 ], [ 126.6631418, 37.3889116 ], [ 126.6631401, 37.3889098 ], [ 126.6631383, 37.3889082 ], [ 126.6631369, 37.3889068 ], [ 126.6631354, 37.3889056 ], [ 126.6631343, 37.3889043 ], [ 126.6631327, 37.3889028 ], [ 126.6631311, 37.3889013 ], [ 126.6631292, 37.3888995 ], [ 126.6631272, 37.3888976 ], [ 126.6631249, 37.3888954 ], [ 126.6631226, 37.3888933 ], [ 126.6631207, 37.3888915 ], [ 126.6631186, 37.3888896 ], [ 126.6631166, 37.3888878 ], [ 126.6631154, 37.3888865 ], [ 126.6631142, 37.3888854 ], [ 126.6631128, 37.3888842 ], [ 126.6631111, 37.3888825 ], [ 126.6631093, 37.3888809 ], [ 126.6631068, 37.388879 ], [ 126.6631045, 37.3888769 ], [ 126.6631019, 37.3888744 ], [ 126.6630999, 37.3888724 ], [ 126.6630978, 37.3888705 ], [ 126.6630956, 37.3888686 ], [ 126.6630936, 37.3888668 ], [ 126.6630918, 37.3888653 ], [ 126.6630899, 37.3888634 ], [ 126.6630877, 37.3888614 ], [ 126.6630857, 37.3888595 ], [ 126.663084, 37.3888578 ], [ 126.663082, 37.3888559 ], [ 126.6630801, 37.3888542 ], [ 126.6630783, 37.3888527 ] ] } },
{ "type": "Feature", "properties": { "Vehicle_ID": 43, "Vehicle_Class": 0, "Num_Points": 150, "Start_Time": "2022-10-07 17:52:13.500", "End_Time": "2022-10-07 17:52:18.471", "Start_Frame": 0, "End_Frame": 149, "Mean_Speed": 1.5, "Max_Speed": 2.9, "Vehicle_Length": 4.92, "Vehicle_Width": 2.16 }, "geometry": { "type": "LineString", "coordinates": [ [ 126.663573, 37.3889821 ], [ 126.6635729, 37.3889821 ], [ 126.6635728, 37.3889821 ], [ 126.6635727, 37.3889821 ], [ 126.6635727, 37.3889821 ], [ 126.6635727, 37.3889821 ], [ 126.6635727, 37.3889821 ], [ 126.6635726, 37.3889821 ], [ 126.6635726, 37.3889821 ], [ 126.6635727, 37.388982 ], [ 126.6635726, 37.3889822 ], [ 126.6635725, 37.3889821 ], [ 126.6635726, 37.3889821 ], [ 126.6635726, 37.3889821 ], [ 126.6635725, 37.3889821 ], [ 126.6635725, 37.3889821 ], [ 126.6635726, 37.3889822 ], [ 126.6635725, 37.3889821 ], [ 126.6635726, 37.3889822 ], [ 126.6635725, 37.3889821 ], [ 126.6635725, 37.3889821 ], [ 126.6635724, 37.3889821 ], [ 126.6635724, 37.3889821 ], [ 126.6635725, 37.3889821 ], [ 126.6635725, 37.3889821 ], [ 126.6635725, 37.3889821 ], [ 126.6635725, 37.3889821 ], [ 126.6635725, 37.3889821 ], [ 126.6635725, 37.3889821 ], [ 126.6635725, 37.3889821 ], [ 126.6635726, 37.3889822 ], [ 126.6635725, 37.3889821 ], [ 126.6635726, 37.3889821 ], [ 126.6635725, 37.3889821 ], [ 126.6635724, 37.388982 ], [ 126.6635723, 37.388982 ], [ 126.6635724, 37.388982 ], [ 126.6635724, 37.3889821 ], [ 126.6635723, 37.388982 ], [ 126.6635722, 37.388982 ], [ 126.6635723, 37.3889822 ], [ 126.6635728, 37.3889821 ], [ 126.6635725, 37.3889816 ], [ 126.6635731, 37.388982 ], [ 126.6635731, 37.388982 ], [ 126.6635731, 37.388982 ], [ 126.6635731, 37.3889821 ], [ 126.6635731, 37.388982 ], [ 126.6635728, 37.388982 ], [ 126.6635727, 37.3889816 ], [ 126.6635728, 37.3889819 ], [ 126.6635728, 37.3889821 ], [ 126.6635732, 37.388982 ], [ 126.6635729, 37.388982 ], [ 126.663573, 37.388982 ], [ 126.6635733, 37.3889822 ], [ 126.6635725, 37.3889819 ], [ 126.6635732, 37.388982 ], [ 126.6635731, 37.3889819 ], [ 126.663573, 37.3889816 ], [ 126.6635726, 37.3889815 ], [ 126.663573, 37.3889818 ], [ 126.6635727, 37.3889818 ], [ 126.663573, 37.3889818 ], [ 126.6635733, 37.3889819 ], [ 126.6635728, 37.3889814 ], [ 126.6635731, 37.3889819 ], [ 126.6635734, 37.3889821 ], [ 126.6635732, 37.3889819 ], [ 126.6635731, 37.3889819 ], [ 126.6635732, 37.388982 ], [ 126.6635732, 37.388982 ], [ 126.6635731, 37.3889819 ], [ 126.6635731, 37.388982 ], [ 126.6635732, 37.388982 ], [ 126.6635731, 37.388982 ], [ 126.6635732, 37.3889819 ], [ 126.6635732, 37.3889819 ], [ 126.6635731, 37.3889819 ], [ 126.6635733, 37.388982 ], [ 126.6635731, 37.3889819 ], [ 126.6635733, 37.3889819 ], [ 126.6635733, 37.3889819 ], [ 126.6635733, 37.3889819 ], [ 126.6635732, 37.3889819 ], [ 126.6635732, 37.3889819 ], [ 126.6635732, 37.388982 ], [ 126.6635732, 37.3889819 ], [ 126.6635732, 37.3889819 ], [ 126.6635732, 37.3889819 ], [ 126.6635732, 37.388982 ], [ 126.6635731, 37.3889819 ], [ 126.6635731, 37.3889819 ], [ 126.6635732, 37.3889819 ], [ 126.6635733, 37.388982 ], [ 126.6635733, 37.3889819 ], [ 126.6635733, 37.388982 ], [ 126.6635732, 37.3889819 ], [ 126.6635732, 37.388982 ], [ 126.6635732, 37.388982 ], [ 126.6635733, 37.388982 ], [ 126.6635731, 37.3889819 ], [ 126.6635732, 37.3889819 ], [ 126.6635731, 37.3889818 ], [ 126.6635731, 37.3889817 ], [ 126.6635731, 37.3889819 ], [ 126.6635732, 37.3889818 ], [ 126.6635732, 37.3889819 ], [ 126.6635731, 37.3889819 ], [ 126.6635733, 37.3889821 ], [ 126.6635731, 37.3889819 ], [ 126.6635732, 37.3889819 ], [ 126.6635732, 37.3889819 ], [ 126.6635731, 37.3889819 ], [ 126.6635735, 37.388982 ], [ 126.6635733, 37.3889819 ], [ 126.6635733, 37.3889818 ], [ 126.6635732, 37.3889819 ], [ 126.6635732, 37.3889819 ], [ 126.6635732, 37.3889819 ], [ 126.6635732, 37.3889819 ], [ 126.6635733, 37.3889819 ], [ 126.6635731, 37.3889818 ], [ 126.6635731, 37.3889817 ], [ 126.6635731, 37.3889817 ], [ 126.6635731, 37.3889817 ], [ 126.6635732, 37.3889817 ], [ 126.663573, 37.3889815 ], [ 126.6635729, 37.3889814 ], [ 126.6635727, 37.3889813 ], [ 126.6635728, 37.3889813 ], [ 126.6635728, 37.3889814 ], [ 126.6635728, 37.3889814 ], [ 126.6635729, 37.3889815 ], [ 126.6635729, 37.3889816 ], [ 126.6635729, 37.3889817 ], [ 126.663573, 37.3889818 ], [ 126.663573, 37.3889818 ], [ 126.6635731, 37.3889819 ], [ 126.6635731, 37.3889818 ], [ 126.6635733, 37.388982 ], [ 126.6635732, 37.3889818 ], [ 126.6635731, 37.3889817 ], [ 126.663573, 37.3889816 ], [ 126.663573, 37.3889816 ], [ 126.663573, 37.3889817 ], [ 126.6635731, 37.3889817 ], [ 126.663573, 37.3889817 ], [ 126.6635732, 37.3889818 ], [ 126.6635731, 37.3889818 ] ] } },
{ "type": "Feature", "properties": { "Vehicle_ID": 44, "Vehicle_Class": 0, "Num_Points": 150, "Start_Time": "2022-10-07 17:52:13.500", "End_Time": "2022-10-07 17:52:18.471", "Start_Frame": 0, "End_Frame": 149, "Mean_Speed": 26.4, "Max_Speed": 28.9, "Vehicle_Length": 5.29, "Vehicle_Width": 2.29 }, "geometry": { "type": "LineString", "coordinates": [ [ 126.6634229, 37.3892509 ], [ 126.6634212, 37.3892493 ], [ 126.6634197, 37.3892478 ], [ 126.6634177, 37.3892462 ], [ 126.663416, 37.3892445 ], [ 126.6634142, 37.3892428 ], [ 126.6634126, 37.389241 ], [ 126.663411, 37.3892394 ], [ 126.6634092, 37.3892377 ], [ 126.6634076, 37.389236 ], [ 126.663406, 37.3892345 ], [ 126.6634044, 37.3892328 ], [ 126.6634028, 37.3892312 ], [ 126.6634012, 37.3892295 ], [ 126.6633997, 37.3892279 ], [ 126.663398, 37.3892264 ], [ 126.6633966, 37.3892249 ], [ 126.6633948, 37.3892231 ], [ 126.6633935, 37.3892218 ], [ 126.663392, 37.3892203 ], [ 126.6633904, 37.3892188 ], [ 126.6633889, 37.3892172 ], [ 126.6633876, 37.3892156 ], [ 126.663386, 37.3892141 ], [ 126.6633845, 37.3892125 ], [ 126.6633829, 37.3892109 ], [ 126.6633812, 37.389209 ], [ 126.6633796, 37.3892073 ], [ 126.6633778, 37.3892056 ], [ 126.663376, 37.3892038 ], [ 126.6633744, 37.3892021 ], [ 126.6633726, 37.3892004 ], [ 126.6633706, 37.3891984 ], [ 126.6633687, 37.3891964 ], [ 126.6633668, 37.3891945 ], [ 126.663365, 37.3891928 ], [ 126.6633632, 37.389191 ], [ 126.6633616, 37.3891894 ], [ 126.6633597, 37.3891875 ], [ 126.6633578, 37.3891858 ], [ 126.6633563, 37.3891842 ], [ 126.663355, 37.3891823 ], [ 126.6633534, 37.3891806 ], [ 126.6633525, 37.3891793 ], [ 126.6633511, 37.3891777 ], [ 126.6633494, 37.389176 ], [ 126.6633478, 37.3891742 ], [ 126.6633463, 37.3891727 ], [ 126.6633446, 37.3891712 ], [ 126.6633427, 37.3891688 ], [ 126.6633405, 37.389167 ], [ 126.6633389, 37.3891652 ], [ 126.6633378, 37.3891638 ], [ 126.6633357, 37.3891617 ], [ 126.6633338, 37.3891597 ], [ 126.6633323, 37.3891583 ], [ 126.6633299, 37.3891563 ], [ 126.6633284, 37.3891545 ], [ 126.6633267, 37.3891527 ], [ 126.663325, 37.3891507 ], [ 126.6633231, 37.389149 ], [ 126.6633217, 37.3891476 ], [ 126.6633198, 37.3891459 ], [ 126.6633185, 37.3891444 ], [ 126.663317, 37.3891427 ], [ 126.6633152, 37.3891406 ], [ 126.6633137, 37.3891394 ], [ 126.6633124, 37.3891381 ], [ 126.6633107, 37.3891363 ], [ 126.6633091, 37.3891347 ], [ 126.6633074, 37.3891332 ], [ 126.6633059, 37.3891314 ], [ 126.6633041, 37.3891296 ], [ 126.6633025, 37.389128 ], [ 126.6633009, 37.3891265 ], [ 126.6632992, 37.3891247 ], [ 126.6632974, 37.3891229 ], [ 126.6632957, 37.3891211 ], [ 126.6632939, 37.3891194 ], [ 126.6632923, 37.3891177 ], [ 126.6632905, 37.3891159 ], [ 126.6632889, 37.3891142 ], [ 126.6632872, 37.3891126 ], [ 126.6632856, 37.3891109 ], [ 126.663284, 37.3891092 ], [ 126.6632824, 37.3891076 ], [ 126.6632808, 37.3891061 ], [ 126.6632791, 37.3891043 ], [ 126.6632775, 37.3891027 ], [ 126.6632758, 37.3891011 ], [ 126.6632742, 37.3890995 ], [ 126.6632726, 37.3890978 ], [ 126.6632706, 37.3890958 ], [ 126.663269, 37.3890942 ], [ 126.6632674, 37.3890925 ], [ 126.6632658, 37.3890908 ], [ 126.6632641, 37.3890891 ], [ 126.6632624, 37.3890873 ], [ 126.6632607, 37.3890856 ], [ 126.6632591, 37.3890839 ], [ 126.6632575, 37.3890823 ], [ 126.6632557, 37.3890804 ], [ 126.6632541, 37.3890787 ], [ 126.6632522, 37.3890768 ], [ 126.6632504, 37.389075 ], [ 126.6632486, 37.3890734 ], [ 126.6632471, 37.3890716 ], [ 126.6632451, 37.3890698 ], [ 126.6632433, 37.3890679 ], [ 126.6632417, 37.3890664 ], [ 126.6632398, 37.3890643 ], [ 126.6632381, 37.3890626 ], [ 126.6632364, 37.3890608 ], [ 126.6632347, 37.3890592 ], [ 126.6632331, 37.3890576 ], [ 126.6632313, 37.3890557 ], [ 126.6632295, 37.3890538 ], [ 126.6632277, 37.389052 ], [ 126.663226, 37.3890503 ], [ 126.6632243, 37.3890485 ], [ 126.6632226, 37.3890468 ], [ 126.6632209, 37.3890451 ], [ 126.6632191, 37.3890432 ], [ 126.6632173, 37.3890413 ], [ 126.6632154, 37.3890393 ], [ 126.6632136, 37.3890375 ], [ 126.663212, 37.3890358 ], [ 126.6632102, 37.3890339 ], [ 126.6632084, 37.389032 ], [ 126.6632065, 37.3890302 ], [ 126.6632048, 37.3890284 ], [ 126.663203, 37.3890265 ], [ 126.6632011, 37.3890246 ], [ 126.6631992, 37.3890227 ], [ 126.6631974, 37.3890208 ], [ 126.6631954, 37.3890189 ], [ 126.6631936, 37.389017 ], [ 126.6631918, 37.3890151 ], [ 126.6631898, 37.3890131 ], [ 126.6631879, 37.3890112 ], [ 126.6631862, 37.3890096 ], [ 126.6631842, 37.3890075 ], [ 126.6631824, 37.3890057 ], [ 126.6631804, 37.3890037 ], [ 126.6631785, 37.3890016 ], [ 126.6631765, 37.3889997 ], [ 126.6631746, 37.3889977 ], [ 126.6631729, 37.3889959 ], [ 126.6631709, 37.3889939 ], [ 126.6631691, 37.388992 ] ] } },
{ "type": "Feature", "properties": { "Vehicle_ID": 45, "Vehicle_Class": 0, "Num_Points": 150, "Start_Time": "2022-10-07 17:52:13.500", "End_Time": "2022-10-07 17:52:18.471", "Start_Frame": 0, "End_Frame": 149, "Mean_Speed": 1.1, "Max_Speed": 1.9, "Vehicle_Length": 4.7, "Vehicle_Width": 2.16 }, "geometry": { "type": "LineString", "coordinates": [ [ 126.6627751, 37.3882961 ], [ 126.6627752, 37.3882962 ], [ 126.6627751, 37.3882962 ], [ 126.662775, 37.3882962 ], [ 126.662775, 37.3882962 ], [ 126.6627749, 37.3882962 ], [ 126.6627749, 37.3882962 ], [ 126.6627748, 37.3882962 ], [ 126.6627747, 37.3882962 ], [ 126.6627749, 37.3882961 ], [ 126.6627747, 37.3882962 ], [ 126.6627747, 37.3882962 ], [ 126.6627747, 37.3882962 ], [ 126.6627747, 37.3882962 ], [ 126.6627746, 37.3882962 ], [ 126.6627746, 37.3882962 ], [ 126.6627747, 37.3882963 ], [ 126.6627746, 37.3882962 ], [ 126.6627746, 37.3882962 ], [ 126.6627746, 37.3882962 ], [ 126.6627745, 37.3882962 ], [ 126.6627745, 37.3882962 ], [ 126.6627745, 37.3882962 ], [ 126.6627745, 37.3882961 ], [ 126.6627745, 37.3882961 ], [ 126.6627745, 37.3882961 ], [ 126.6627745, 37.3882961 ], [ 126.6627745, 37.3882961 ], [ 126.6627745, 37.3882961 ], [ 126.6627745, 37.3882961 ], [ 126.6627746, 37.3882962 ], [ 126.6627745, 37.3882962 ], [ 126.6627743, 37.3882959 ], [ 126.6627744, 37.3882961 ], [ 126.6627744, 37.3882961 ], [ 126.6627744, 37.3882961 ], [ 126.6627744, 37.3882961 ], [ 126.6627744, 37.3882962 ], [ 126.6627743, 37.3882962 ], [ 126.6627743, 37.3882962 ], [ 126.6627743, 37.3882962 ], [ 126.6627746, 37.388296 ], [ 126.6627747, 37.3882958 ], [ 126.6627751, 37.388296 ], [ 126.6627751, 37.388296 ], [ 126.6627751, 37.388296 ], [ 126.6627749, 37.3882961 ], [ 126.662775, 37.388296 ], [ 126.6627746, 37.3882956 ], [ 126.6627749, 37.3882958 ], [ 126.662775, 37.3882957 ], [ 126.662775, 37.3882959 ], [ 126.6627749, 37.3882957 ], [ 126.6627752, 37.3882959 ], [ 126.6627752, 37.3882959 ], [ 126.6627752, 37.3882958 ], [ 126.6627749, 37.3882958 ], [ 126.6627748, 37.3882957 ], [ 126.6627752, 37.3882959 ], [ 126.6627751, 37.3882958 ], [ 126.6627749, 37.3882957 ], [ 126.662775, 37.3882957 ], [ 126.6627749, 37.3882957 ], [ 126.6627749, 37.3882957 ], [ 126.662775, 37.3882955 ], [ 126.6627749, 37.3882956 ], [ 126.6627748, 37.3882955 ], [ 126.6627747, 37.3882956 ], [ 126.6627748, 37.3882957 ], [ 126.6627749, 37.3882957 ], [ 126.662775, 37.3882959 ], [ 126.6627751, 37.3882959 ], [ 126.6627751, 37.388296 ], [ 126.6627752, 37.3882962 ], [ 126.6627753, 37.3882963 ], [ 126.6627753, 37.3882962 ], [ 126.6627753, 37.3882961 ], [ 126.6627753, 37.3882961 ], [ 126.6627752, 37.388296 ], [ 126.6627753, 37.3882959 ], [ 126.6627752, 37.3882959 ], [ 126.6627753, 37.3882959 ], [ 126.6627753, 37.3882959 ], [ 126.6627753, 37.388296 ], [ 126.6627753, 37.388296 ], [ 126.6627752, 37.388296 ], [ 126.6627752, 37.388296 ], [ 126.6627752, 37.388296 ], [ 126.6627752, 37.3882959 ], [ 126.6627752, 37.388296 ], [ 126.6627752, 37.388296 ], [ 126.6627752, 37.388296 ], [ 126.6627752, 37.388296 ], [ 126.6627753, 37.3882961 ], [ 126.6627752, 37.388296 ], [ 126.6627753, 37.388296 ], [ 126.6627753, 37.3882961 ], [ 126.6627753, 37.3882961 ], [ 126.6627753, 37.3882961 ], [ 126.6627753, 37.3882961 ], [ 126.6627754, 37.3882961 ], [ 126.6627753, 37.3882961 ], [ 126.6627754, 37.3882962 ], [ 126.6627754, 37.3882961 ], [ 126.6627751, 37.3882959 ], [ 126.6627753, 37.388296 ], [ 126.6627753, 37.388296 ], [ 126.6627753, 37.388296 ], [ 126.6627752, 37.388296 ], [ 126.6627753, 37.388296 ], [ 126.6627754, 37.3882959 ], [ 126.6627753, 37.3882959 ], [ 126.6627752, 37.3882959 ], [ 126.6627753, 37.3882959 ], [ 126.6627754, 37.3882958 ], [ 126.6627753, 37.3882958 ], [ 126.6627752, 37.3882958 ], [ 126.6627752, 37.3882959 ], [ 126.6627752, 37.3882958 ], [ 126.6627751, 37.3882958 ], [ 126.6627751, 37.3882958 ], [ 126.6627751, 37.3882959 ], [ 126.662775, 37.3882959 ], [ 126.6627749, 37.3882958 ], [ 126.6627751, 37.388296 ], [ 126.6627751, 37.388296 ], [ 126.6627752, 37.3882961 ], [ 126.6627751, 37.3882961 ], [ 126.662775, 37.388296 ], [ 126.662775, 37.388296 ], [ 126.6627751, 37.388296 ], [ 126.6627752, 37.388296 ], [ 126.6627752, 37.3882961 ], [ 126.6627751, 37.3882961 ], [ 126.6627753, 37.388296 ], [ 126.6627752, 37.3882959 ], [ 126.6627751, 37.3882959 ], [ 126.6627752, 37.3882959 ], [ 126.6627753, 37.3882959 ], [ 126.6627752, 37.3882959 ], [ 126.6627753, 37.3882959 ], [ 126.6627753, 37.388296 ], [ 126.6627753, 37.388296 ], [ 126.6627753, 37.388296 ], [ 126.6627753, 37.388296 ], [ 126.6627753, 37.388296 ], [ 126.6627753, 37.388296 ], [ 126.6627754, 37.388296 ], [ 126.6627754, 37.3882959 ], [ 126.6627754, 37.388296 ] ] } },
{ "type": "Feature", "properties": { "Vehicle_ID": 46, "Vehicle_Class": 0, "Num_Points": 76, "Start_Time": "2022-10-07 17:52:13.500", "End_Time": "2022-10-07 17:52:16.002", "Start_Frame": 0, "End_Frame": 75, "Mean_Speed": 44.7, "Max_Speed": 45.2, "Vehicle_Length": 4.7, "Vehicle_Width": 2.12 }, "geometry": { "type": "LineString", "coordinates": [ [ 126.6625544, 37.3882061 ], [ 126.6625517, 37.3882035 ], [ 126.6625489, 37.3882007 ], [ 126.6625457, 37.3881975 ], [ 126.6625428, 37.3881946 ], [ 126.6625397, 37.3881915 ], [ 126.6625367, 37.3881885 ], [ 126.6625338, 37.3881855 ], [ 126.6625307, 37.3881824 ], [ 126.6625279, 37.3881793 ], [ 126.6625248, 37.3881764 ], [ 126.6625219, 37.3881734 ], [ 126.6625191, 37.3881705 ], [ 126.6625162, 37.3881676 ], [ 126.6625133, 37.3881646 ], [ 126.6625104, 37.3881617 ], [ 126.6625075, 37.3881588 ], [ 126.6625045, 37.3881556 ], [ 126.6625015, 37.3881526 ], [ 126.6624986, 37.3881496 ], [ 126.6624957, 37.3881466 ], [ 126.6624928, 37.3881437 ], [ 126.6624898, 37.3881407 ], [ 126.6624868, 37.3881376 ], [ 126.6624839, 37.3881346 ], [ 126.6624811, 37.3881318 ], [ 126.6624783, 37.3881289 ], [ 126.6624755, 37.388126 ], [ 126.6624726, 37.3881231 ], [ 126.6624697, 37.3881201 ], [ 126.6624669, 37.3881172 ], [ 126.662464, 37.3881142 ], [ 126.6624609, 37.388111 ], [ 126.6624582, 37.3881082 ], [ 126.6624554, 37.3881053 ], [ 126.6624525, 37.3881024 ], [ 126.6624496, 37.3880994 ], [ 126.6624466, 37.3880964 ], [ 126.6624438, 37.3880934 ], [ 126.6624409, 37.3880905 ], [ 126.662438, 37.3880876 ], [ 126.6624356, 37.3880845 ], [ 126.6624328, 37.3880813 ], [ 126.6624303, 37.3880788 ], [ 126.6624275, 37.3880758 ], [ 126.6624247, 37.3880729 ], [ 126.6624214, 37.3880701 ], [ 126.6624189, 37.3880671 ], [ 126.6624154, 37.3880634 ], [ 126.662413, 37.388061 ], [ 126.6624102, 37.3880576 ], [ 126.6624078, 37.3880553 ], [ 126.6624044, 37.388052 ], [ 126.6624023, 37.3880495 ], [ 126.6623994, 37.3880465 ], [ 126.6623965, 37.3880435 ], [ 126.6623935, 37.3880407 ], [ 126.6623904, 37.3880374 ], [ 126.6623883, 37.3880347 ], [ 126.662385, 37.3880317 ], [ 126.6623821, 37.3880288 ], [ 126.6623795, 37.3880258 ], [ 126.6623766, 37.3880229 ], [ 126.6623738, 37.3880201 ], [ 126.6623708, 37.3880169 ], [ 126.6623694, 37.3880156 ], [ 126.662368, 37.3880141 ], [ 126.6623665, 37.3880127 ], [ 126.6623652, 37.3880113 ], [ 126.6623639, 37.3880099 ], [ 126.6623626, 37.3880085 ], [ 126.6623615, 37.3880073 ], [ 126.6623601, 37.388006 ], [ 126.6623586, 37.3880047 ], [ 126.6623572, 37.3880037 ], [ 126.6623566, 37.3880032 ] ] } },
{ "type": "Feature", "properties": { "Vehicle_ID": 47, "Vehicle_Class": 0, "Num_Points": 150, "Start_Time": "2022-10-07 17:52:13.500", "End_Time": "2022-10-07 17:52:18.471", "Start_Frame": 0, "End_Frame": 149, "Mean_Speed": 0.9, "Max_Speed": 1.5, "Vehicle_Length": null, "Vehicle_Width": null }, "geometry": { "type": "LineString", "coordinates": [ [ 126.6629304, 37.3888448 ], [ 126.6629303, 37.3888448 ], [ 126.6629302, 37.3888448 ], [ 126.6629301, 37.3888448 ], [ 126.6629301, 37.3888448 ], [ 126.66293, 37.3888448 ], [ 126.66293, 37.3888448 ], [ 126.6629299, 37.3888448 ], [ 126.6629299, 37.3888448 ], [ 126.66293, 37.3888448 ], [ 126.6629298, 37.3888449 ], [ 126.6629298, 37.3888449 ], [ 126.6629298, 37.3888449 ], [ 126.6629298, 37.3888449 ], [ 126.6629298, 37.3888449 ], [ 126.6629298, 37.3888449 ], [ 126.6629299, 37.388845 ], [ 126.6629298, 37.3888449 ], [ 126.6629299, 37.388845 ], [ 126.6629298, 37.3888449 ], [ 126.6629298, 37.3888449 ], [ 126.6629298, 37.3888449 ], [ 126.6629298, 37.3888449 ], [ 126.6629298, 37.3888449 ], [ 126.6629298, 37.3888449 ], [ 126.6629298, 37.3888449 ], [ 126.6629298, 37.3888449 ], [ 126.6629298, 37.3888449 ], [ 126.6629298, 37.3888449 ], [ 126.6629298, 37.3888449 ], [ 126.6629299, 37.388845 ], [ 126.6629298, 37.3888449 ], [ 126.6629297, 37.3888449 ], [ 126.6629297, 37.3888449 ], [ 126.6629297, 37.3888449 ], [ 126.6629297, 37.3888449 ], [ 126.6629297, 37.3888449 ], [ 126.6629297, 37.388845 ], [ 126.6629297, 37.3888449 ], [ 126.6629296, 37.3888449 ], [ 126.6629297, 37.3888451 ], [ 126.66293, 37.3888448 ], [ 126.6629298, 37.3888447 ], [ 126.6629303, 37.3888448 ], [ 126.6629303, 37.3888448 ], [ 126.6629303, 37.3888448 ], [ 126.6629301, 37.3888448 ], [ 126.6629301, 37.3888448 ], [ 126.66293, 37.3888449 ], [ 126.6629301, 37.3888447 ], [ 126.66293, 37.3888449 ], [ 126.66293, 37.3888448 ], [ 126.6629302, 37.3888449 ], [ 126.6629303, 37.3888448 ], [ 126.6629303, 37.3888449 ], [ 126.6629304, 37.388845 ], [ 126.66293, 37.3888448 ], [ 126.6629301, 37.3888448 ], [ 126.6629304, 37.3888449 ], [ 126.6629303, 37.3888447 ], [ 126.6629301, 37.3888447 ], [ 126.6629303, 37.3888448 ], [ 126.6629302, 37.3888448 ], [ 126.6629303, 37.3888448 ], [ 126.6629303, 37.3888449 ], [ 126.6629302, 37.3888446 ], [ 126.6629302, 37.3888447 ], [ 126.6629303, 37.388845 ], [ 126.6629303, 37.3888449 ], [ 126.6629303, 37.3888448 ], [ 126.6629303, 37.3888449 ], [ 126.6629303, 37.3888448 ], [ 126.6629302, 37.3888448 ], [ 126.6629302, 37.3888448 ], [ 126.6629302, 37.3888449 ], [ 126.6629302, 37.3888448 ], [ 126.6629302, 37.3888448 ], [ 126.6629303, 37.3888448 ], [ 126.6629302, 37.3888448 ], [ 126.6629303, 37.3888449 ], [ 126.6629302, 37.3888448 ], [ 126.6629303, 37.3888449 ], [ 126.6629302, 37.3888449 ], [ 126.6629303, 37.3888449 ], [ 126.6629302, 37.3888448 ], [ 126.6629302, 37.3888448 ], [ 126.6629302, 37.3888449 ], [ 126.6629302, 37.3888448 ], [ 126.6629302, 37.3888448 ], [ 126.6629302, 37.3888449 ], [ 126.6629302, 37.3888449 ], [ 126.6629302, 37.3888449 ], [ 126.6629302, 37.3888448 ], [ 126.6629303, 37.3888448 ], [ 126.6629303, 37.3888449 ], [ 126.6629303, 37.3888449 ], [ 126.6629303, 37.388845 ], [ 126.6629302, 37.3888449 ], [ 126.6629302, 37.3888449 ], [ 126.6629303, 37.3888449 ], [ 126.6629304, 37.388845 ], [ 126.6629303, 37.3888449 ], [ 126.6629304, 37.3888449 ], [ 126.6629303, 37.3888449 ], [ 126.6629301, 37.3888447 ], [ 126.6629303, 37.3888448 ], [ 126.6629304, 37.3888448 ], [ 126.6629304, 37.3888449 ], [ 126.6629303, 37.3888448 ], [ 126.6629304, 37.388845 ], [ 126.6629304, 37.3888449 ], [ 126.6629304, 37.3888449 ], [ 126.6629304, 37.3888449 ], [ 126.6629304, 37.3888449 ], [ 126.6629305, 37.388845 ], [ 126.6629305, 37.388845 ], [ 126.6629304, 37.3888449 ], [ 126.6629304, 37.3888449 ], [ 126.6629304, 37.3888449 ], [ 126.6629303, 37.3888449 ], [ 126.6629303, 37.3888449 ], [ 126.6629304, 37.388845 ], [ 126.6629303, 37.3888449 ], [ 126.6629303, 37.3888448 ], [ 126.6629303, 37.3888448 ], [ 126.6629302, 37.3888448 ], [ 126.6629303, 37.3888449 ], [ 126.6629302, 37.3888448 ], [ 126.6629302, 37.3888448 ], [ 126.6629302, 37.3888448 ], [ 126.6629302, 37.3888448 ], [ 126.6629302, 37.3888448 ], [ 126.6629302, 37.3888448 ], [ 126.6629302, 37.3888448 ], [ 126.6629302, 37.3888448 ], [ 126.6629302, 37.3888448 ], [ 126.6629301, 37.3888448 ], [ 126.6629302, 37.3888448 ], [ 126.6629302, 37.3888448 ], [ 126.6629301, 37.3888449 ], [ 126.6629302, 37.388845 ], [ 126.6629302, 37.3888449 ], [ 126.6629302, 37.3888449 ], [ 126.6629302, 37.3888449 ], [ 126.6629302, 37.3888449 ], [ 126.6629302, 37.3888449 ], [ 126.6629303, 37.3888449 ], [ 126.6629303, 37.3888449 ], [ 126.6629303, 37.3888449 ], [ 126.6629303, 37.3888449 ] ] } },
{ "type": "Feature", "properties": { "Vehicle_ID": 48, "Vehicle_Class": 0, "Num_Points": 150, "Start_Time": "2022-10-07 17:52:13.500", "End_Time": "2022-10-07 17:52:18.471", "Start_Frame": 0, "End_Frame": 149, "Mean_Speed": 18.1, "Max_Speed": 21.0, "Vehicle_Length": 4.97, "Vehicle_Width": 2.25 }, "geometry": { "type": "LineString", "coordinates": [ [ 126.6626554, 37.3879844 ], [ 126.6626563, 37.3879852 ], [ 126.6626571, 37.3879862 ], [ 126.6626579, 37.3879873 ], [ 126.6626587, 37.3879881 ], [ 126.6626595, 37.387989 ], [ 126.6626605, 37.38799 ], [ 126.6626613, 37.3879911 ], [ 126.6626622, 37.387992 ], [ 126.6626634, 37.387993 ], [ 126.6626641, 37.387994 ], [ 126.6626648, 37.387995 ], [ 126.6626657, 37.3879958 ], [ 126.6626666, 37.3879968 ], [ 126.6626675, 37.3879978 ], [ 126.6626684, 37.3879987 ], [ 126.6626694, 37.3879998 ], [ 126.6626702, 37.3880006 ], [ 126.662671, 37.3880015 ], [ 126.662672, 37.3880025 ], [ 126.662673, 37.3880035 ], [ 126.662674, 37.3880045 ], [ 126.662675, 37.3880056 ], [ 126.662676, 37.3880067 ], [ 126.6626769, 37.3880076 ], [ 126.6626778, 37.3880086 ], [ 126.6626788, 37.3880097 ], [ 126.6626799, 37.3880107 ], [ 126.6626808, 37.3880117 ], [ 126.6626818, 37.3880126 ], [ 126.6626827, 37.3880136 ], [ 126.6626837, 37.3880146 ], [ 126.6626845, 37.3880154 ], [ 126.6626857, 37.3880167 ], [ 126.6626867, 37.3880178 ], [ 126.6626877, 37.3880188 ], [ 126.6626886, 37.3880198 ], [ 126.6626897, 37.388021 ], [ 126.6626907, 37.388022 ], [ 126.6626917, 37.388023 ], [ 126.6626927, 37.3880242 ], [ 126.662694, 37.3880252 ], [ 126.6626952, 37.388026 ], [ 126.6626966, 37.3880275 ], [ 126.6626977, 37.3880287 ], [ 126.6626986, 37.3880296 ], [ 126.6626994, 37.3880308 ], [ 126.6627007, 37.3880319 ], [ 126.6627011, 37.3880322 ], [ 126.6627025, 37.3880338 ], [ 126.6627038, 37.3880344 ], [ 126.6627049, 37.3880362 ], [ 126.6627057, 37.3880369 ], [ 126.6627072, 37.3880385 ], [ 126.6627083, 37.3880395 ], [ 126.6627094, 37.3880405 ], [ 126.6627103, 37.3880419 ], [ 126.6627111, 37.3880426 ], [ 126.6627128, 37.3880441 ], [ 126.6627137, 37.388045 ], [ 126.6627145, 37.3880459 ], [ 126.6627158, 37.3880471 ], [ 126.6627168, 37.3880483 ], [ 126.6627179, 37.3880494 ], [ 126.6627192, 37.3880502 ], [ 126.6627203, 37.3880519 ], [ 126.6627213, 37.3880528 ], [ 126.6627225, 37.3880541 ], [ 126.6627239, 37.3880557 ], [ 126.6627251, 37.3880569 ], [ 126.6627264, 37.3880582 ], [ 126.6627276, 37.3880593 ], [ 126.6627288, 37.3880606 ], [ 126.6627301, 37.3880618 ], [ 126.6627311, 37.388063 ], [ 126.6627324, 37.3880643 ], [ 126.6627335, 37.3880654 ], [ 126.6627345, 37.3880665 ], [ 126.6627355, 37.3880675 ], [ 126.6627368, 37.3880688 ], [ 126.6627378, 37.38807 ], [ 126.6627391, 37.3880712 ], [ 126.6627403, 37.3880725 ], [ 126.6627417, 37.388074 ], [ 126.6627429, 37.3880754 ], [ 126.6627441, 37.3880766 ], [ 126.6627454, 37.388078 ], [ 126.6627465, 37.3880792 ], [ 126.6627477, 37.3880804 ], [ 126.662749, 37.3880818 ], [ 126.6627502, 37.388083 ], [ 126.6627513, 37.3880842 ], [ 126.6627526, 37.3880854 ], [ 126.6627539, 37.3880868 ], [ 126.6627552, 37.3880882 ], [ 126.6627564, 37.3880895 ], [ 126.6627577, 37.3880908 ], [ 126.662759, 37.3880921 ], [ 126.6627602, 37.3880934 ], [ 126.6627614, 37.3880946 ], [ 126.6627627, 37.3880958 ], [ 126.6627639, 37.3880971 ], [ 126.6627653, 37.3880984 ], [ 126.6627665, 37.3880996 ], [ 126.6627676, 37.3881007 ], [ 126.6627691, 37.3881021 ], [ 126.6627703, 37.3881034 ], [ 126.6627716, 37.3881047 ], [ 126.6627727, 37.3881059 ], [ 126.6627741, 37.3881072 ], [ 126.6627754, 37.3881084 ], [ 126.6627766, 37.3881098 ], [ 126.6627778, 37.3881111 ], [ 126.6627791, 37.3881123 ], [ 126.6627806, 37.3881136 ], [ 126.6627817, 37.3881149 ], [ 126.662783, 37.3881162 ], [ 126.6627843, 37.3881177 ], [ 126.6627856, 37.388119 ], [ 126.6627869, 37.3881205 ], [ 126.6627883, 37.3881218 ], [ 126.6627896, 37.3881233 ], [ 126.6627909, 37.3881247 ], [ 126.662792, 37.3881259 ], [ 126.6627934, 37.3881273 ], [ 126.6627948, 37.3881285 ], [ 126.6627963, 37.3881301 ], [ 126.6627973, 37.3881313 ], [ 126.6627986, 37.3881327 ], [ 126.6627999, 37.3881342 ], [ 126.6628012, 37.3881355 ], [ 126.6628026, 37.3881369 ], [ 126.6628039, 37.3881383 ], [ 126.6628053, 37.3881398 ], [ 126.6628067, 37.3881411 ], [ 126.6628079, 37.3881425 ], [ 126.6628092, 37.3881439 ], [ 126.6628106, 37.3881453 ], [ 126.6628119, 37.3881469 ], [ 126.6628132, 37.3881482 ], [ 126.6628148, 37.3881496 ], [ 126.6628161, 37.3881511 ], [ 126.6628175, 37.3881526 ], [ 126.6628188, 37.3881539 ], [ 126.6628201, 37.3881552 ], [ 126.6628214, 37.3881565 ], [ 126.6628227, 37.3881579 ], [ 126.6628242, 37.3881594 ], [ 126.6628255, 37.3881606 ], [ 126.6628269, 37.3881621 ] ] } },
{ "type": "Feature", "properties": { "Vehicle_ID": 49, "Vehicle_Class": 0, "Num_Points": 150, "Start_Time": "2022-10-07 17:52:13.500", "End_Time": "2022-10-07 17:52:18.471", "Start_Frame": 0, "End_Frame": 149, "Mean_Speed": 33.3, "Max_Speed": 39.3, "Vehicle_Length": 4.87, "Vehicle_Width": 2.12 }, "geometry": { "type": "LineString", "coordinates": [ [ 126.662818, 37.3880929 ], [ 126.6628203, 37.3880954 ], [ 126.6628226, 37.3880978 ], [ 126.6628251, 37.3881006 ], [ 126.6628279, 37.3881036 ], [ 126.6628304, 37.3881064 ], [ 126.6628331, 37.3881091 ], [ 126.6628356, 37.3881117 ], [ 126.6628379, 37.3881139 ], [ 126.6628405, 37.3881163 ], [ 126.6628427, 37.3881189 ], [ 126.6628451, 37.3881215 ], [ 126.6628477, 37.3881241 ], [ 126.6628501, 37.3881266 ], [ 126.6628524, 37.388129 ], [ 126.6628547, 37.3881316 ], [ 126.6628572, 37.3881342 ], [ 126.6628597, 37.3881369 ], [ 126.6628621, 37.3881394 ], [ 126.6628647, 37.3881421 ], [ 126.6628672, 37.3881448 ], [ 126.6628697, 37.3881475 ], [ 126.6628721, 37.38815 ], [ 126.6628746, 37.3881526 ], [ 126.6628772, 37.3881553 ], [ 126.6628797, 37.3881577 ], [ 126.6628823, 37.3881602 ], [ 126.6628848, 37.388163 ], [ 126.6628871, 37.3881657 ], [ 126.6628897, 37.3881684 ], [ 126.6628923, 37.3881712 ], [ 126.6628947, 37.3881741 ], [ 126.6628969, 37.3881765 ], [ 126.6628995, 37.3881795 ], [ 126.6629022, 37.3881825 ], [ 126.6629045, 37.3881853 ], [ 126.6629069, 37.388188 ], [ 126.6629095, 37.3881913 ], [ 126.6629117, 37.3881942 ], [ 126.6629137, 37.3881966 ], [ 126.6629155, 37.3881984 ], [ 126.662918, 37.3882004 ], [ 126.6629209, 37.3882029 ], [ 126.6629243, 37.3882062 ], [ 126.6629269, 37.388209 ], [ 126.6629292, 37.3882116 ], [ 126.6629317, 37.3882145 ], [ 126.6629341, 37.3882168 ], [ 126.6629355, 37.3882183 ], [ 126.6629379, 37.3882208 ], [ 126.6629405, 37.3882232 ], [ 126.6629429, 37.3882263 ], [ 126.6629456, 37.3882289 ], [ 126.6629481, 37.3882319 ], [ 126.6629504, 37.3882345 ], [ 126.6629528, 37.388237 ], [ 126.6629546, 37.3882395 ], [ 126.662957, 37.3882416 ], [ 126.6629595, 37.3882442 ], [ 126.6629617, 37.3882467 ], [ 126.6629638, 37.3882489 ], [ 126.6629663, 37.3882514 ], [ 126.6629687, 37.3882539 ], [ 126.6629713, 37.3882565 ], [ 126.6629741, 37.3882586 ], [ 126.6629764, 37.3882615 ], [ 126.6629785, 37.3882637 ], [ 126.6629809, 37.3882661 ], [ 126.6629833, 37.3882687 ], [ 126.6629857, 37.3882712 ], [ 126.662988, 37.3882737 ], [ 126.6629902, 37.3882758 ], [ 126.6629924, 37.3882783 ], [ 126.6629945, 37.3882808 ], [ 126.6629968, 37.3882834 ], [ 126.6629988, 37.3882858 ], [ 126.6630009, 37.3882879 ], [ 126.663003, 37.3882902 ], [ 126.6630049, 37.3882923 ], [ 126.6630073, 37.3882948 ], [ 126.6630093, 37.3882972 ], [ 126.6630116, 37.3882995 ], [ 126.6630138, 37.3883019 ], [ 126.663016, 37.3883044 ], [ 126.663018, 37.3883065 ], [ 126.6630199, 37.3883088 ], [ 126.6630219, 37.3883108 ], [ 126.6630238, 37.3883129 ], [ 126.6630258, 37.3883151 ], [ 126.6630281, 37.3883174 ], [ 126.6630303, 37.3883195 ], [ 126.6630317, 37.3883211 ], [ 126.6630338, 37.3883233 ], [ 126.663036, 37.388326 ], [ 126.6630381, 37.3883282 ], [ 126.6630403, 37.3883305 ], [ 126.6630422, 37.3883327 ], [ 126.6630439, 37.3883347 ], [ 126.6630458, 37.3883366 ], [ 126.6630474, 37.3883383 ], [ 126.6630496, 37.3883405 ], [ 126.6630515, 37.3883425 ], [ 126.6630535, 37.3883446 ], [ 126.6630556, 37.3883467 ], [ 126.6630575, 37.3883488 ], [ 126.6630597, 37.3883511 ], [ 126.6630615, 37.3883529 ], [ 126.6630635, 37.3883551 ], [ 126.663065, 37.3883569 ], [ 126.6630667, 37.3883586 ], [ 126.6630683, 37.3883604 ], [ 126.6630703, 37.3883625 ], [ 126.663072, 37.3883645 ], [ 126.663074, 37.3883666 ], [ 126.6630762, 37.3883686 ], [ 126.6630778, 37.3883703 ], [ 126.6630796, 37.3883721 ], [ 126.6630807, 37.3883734 ], [ 126.6630821, 37.3883745 ], [ 126.6630837, 37.3883763 ], [ 126.6630857, 37.3883783 ], [ 126.6630876, 37.3883803 ], [ 126.6630895, 37.3883821 ], [ 126.6630913, 37.3883843 ], [ 126.6630932, 37.3883865 ], [ 126.6630947, 37.388388 ], [ 126.6630958, 37.3883893 ], [ 126.6630971, 37.3883907 ], [ 126.6630983, 37.3883921 ], [ 126.6630998, 37.3883936 ], [ 126.6631006, 37.3883946 ], [ 126.6631019, 37.388396 ], [ 126.6631038, 37.3883981 ], [ 126.6631057, 37.3884 ], [ 126.6631075, 37.388402 ], [ 126.6631092, 37.3884036 ], [ 126.663111, 37.3884055 ], [ 126.6631128, 37.3884073 ], [ 126.6631144, 37.3884093 ], [ 126.6631158, 37.3884106 ], [ 126.6631172, 37.3884117 ], [ 126.6631186, 37.388413 ], [ 126.6631199, 37.3884142 ], [ 126.6631213, 37.3884156 ], [ 126.6631227, 37.3884169 ], [ 126.6631241, 37.3884183 ], [ 126.6631258, 37.38842 ], [ 126.6631272, 37.3884215 ], [ 126.6631284, 37.3884229 ], [ 126.6631297, 37.3884243 ] ] } },
{ "type": "Feature", "properties": { "Vehicle_ID": 50, "Vehicle_Class": 0, "Num_Points": 150, "Start_Time": "2022-10-07 17:52:13.500", "End_Time": "2022-10-07 17:52:18.471", "Start_Frame": 0, "End_Frame": 149, "Mean_Speed": 45.5, "Max_Speed": 48.3, "Vehicle_Length": 5.02, "Vehicle_Width": 2.19 }, "geometry": { "type": "LineString", "coordinates": [ [ 126.6628586, 37.3886738 ], [ 126.6628563, 37.3886716 ], [ 126.6628539, 37.3886692 ], [ 126.6628512, 37.3886665 ], [ 126.6628484, 37.3886636 ], [ 126.6628458, 37.3886609 ], [ 126.6628431, 37.3886582 ], [ 126.6628406, 37.3886556 ], [ 126.662838, 37.3886528 ], [ 126.6628354, 37.38865 ], [ 126.6628327, 37.3886474 ], [ 126.6628299, 37.3886446 ], [ 126.6628273, 37.3886419 ], [ 126.6628247, 37.3886392 ], [ 126.6628221, 37.3886364 ], [ 126.6628195, 37.3886337 ], [ 126.6628168, 37.388631 ], [ 126.6628141, 37.3886281 ], [ 126.6628114, 37.3886253 ], [ 126.6628086, 37.3886225 ], [ 126.6628058, 37.3886196 ], [ 126.6628032, 37.3886168 ], [ 126.6628006, 37.3886139 ], [ 126.6627979, 37.3886111 ], [ 126.6627953, 37.3886082 ], [ 126.6627925, 37.3886055 ], [ 126.6627899, 37.3886026 ], [ 126.6627873, 37.3885999 ], [ 126.6627845, 37.3885971 ], [ 126.6627817, 37.3885942 ], [ 126.6627791, 37.3885914 ], [ 126.6627763, 37.3885885 ], [ 126.6627734, 37.3885856 ], [ 126.6627707, 37.3885827 ], [ 126.6627678, 37.3885798 ], [ 126.6627651, 37.388577 ], [ 126.6627625, 37.3885743 ], [ 126.6627599, 37.3885715 ], [ 126.6627573, 37.3885689 ], [ 126.6627544, 37.3885659 ], [ 126.6627513, 37.3885627 ], [ 126.6627488, 37.3885595 ], [ 126.662746, 37.3885565 ], [ 126.6627436, 37.3885536 ], [ 126.6627408, 37.3885507 ], [ 126.6627381, 37.3885479 ], [ 126.6627352, 37.3885451 ], [ 126.662733, 37.3885425 ], [ 126.6627296, 37.3885391 ], [ 126.6627269, 37.388536 ], [ 126.6627242, 37.3885328 ], [ 126.6627213, 37.3885297 ], [ 126.6627182, 37.3885267 ], [ 126.6627156, 37.3885239 ], [ 126.6627127, 37.3885211 ], [ 126.66271, 37.3885184 ], [ 126.6627064, 37.3885151 ], [ 126.6627039, 37.3885126 ], [ 126.6627027, 37.3885109 ], [ 126.6626991, 37.3885073 ], [ 126.6626954, 37.3885036 ], [ 126.6626921, 37.3884999 ], [ 126.6626889, 37.3884965 ], [ 126.6626864, 37.3884937 ], [ 126.6626832, 37.3884908 ], [ 126.6626802, 37.3884876 ], [ 126.6626771, 37.3884844 ], [ 126.6626737, 37.388481 ], [ 126.6626706, 37.3884779 ], [ 126.6626675, 37.3884748 ], [ 126.6626642, 37.3884716 ], [ 126.6626615, 37.3884686 ], [ 126.6626585, 37.3884656 ], [ 126.6626553, 37.3884623 ], [ 126.6626522, 37.3884592 ], [ 126.662649, 37.3884559 ], [ 126.6626461, 37.388453 ], [ 126.6626432, 37.38845 ], [ 126.6626402, 37.3884471 ], [ 126.6626374, 37.3884442 ], [ 126.6626343, 37.3884411 ], [ 126.6626314, 37.3884382 ], [ 126.6626285, 37.3884351 ], [ 126.6626257, 37.3884323 ], [ 126.6626226, 37.3884292 ], [ 126.6626195, 37.3884261 ], [ 126.6626164, 37.3884229 ], [ 126.6626133, 37.3884197 ], [ 126.6626103, 37.3884166 ], [ 126.6626074, 37.3884136 ], [ 126.6626045, 37.3884105 ], [ 126.6626016, 37.3884075 ], [ 126.6625987, 37.3884043 ], [ 126.6625957, 37.3884013 ], [ 126.6625926, 37.3883981 ], [ 126.6625894, 37.3883948 ], [ 126.6625864, 37.3883917 ], [ 126.6625833, 37.3883885 ], [ 126.6625802, 37.3883852 ], [ 126.662577, 37.388382 ], [ 126.6625742, 37.3883791 ], [ 126.6625714, 37.3883762 ], [ 126.6625684, 37.3883732 ], [ 126.6625654, 37.38837 ], [ 126.6625624, 37.388367 ], [ 126.66256, 37.3883644 ], [ 126.6625567, 37.3883609 ], [ 126.6625539, 37.3883578 ], [ 126.6625511, 37.3883549 ], [ 126.6625482, 37.3883521 ], [ 126.6625448, 37.3883483 ], [ 126.6625415, 37.3883449 ], [ 126.6625386, 37.3883418 ], [ 126.6625359, 37.3883389 ], [ 126.6625332, 37.3883358 ], [ 126.6625303, 37.3883329 ], [ 126.6625281, 37.3883303 ], [ 126.6625257, 37.3883277 ], [ 126.6625231, 37.3883245 ], [ 126.6625196, 37.3883209 ], [ 126.6625167, 37.3883175 ], [ 126.6625135, 37.3883144 ], [ 126.66251, 37.3883108 ], [ 126.6625063, 37.3883071 ], [ 126.6625032, 37.388304 ], [ 126.6625007, 37.3883011 ], [ 126.6624978, 37.3882982 ], [ 126.6624946, 37.3882948 ], [ 126.6624916, 37.3882916 ], [ 126.6624888, 37.3882885 ], [ 126.662486, 37.3882854 ], [ 126.662483, 37.3882819 ], [ 126.66248, 37.3882788 ], [ 126.6624769, 37.3882754 ], [ 126.6624742, 37.3882722 ], [ 126.6624708, 37.3882687 ], [ 126.6624677, 37.3882654 ], [ 126.6624645, 37.3882622 ], [ 126.6624613, 37.388259 ], [ 126.662458, 37.3882557 ], [ 126.662455, 37.3882524 ], [ 126.662452, 37.3882494 ], [ 126.662449, 37.3882462 ], [ 126.662446, 37.388243 ], [ 126.6624429, 37.3882398 ], [ 126.6624398, 37.3882366 ], [ 126.6624368, 37.3882334 ], [ 126.6624338, 37.3882302 ], [ 126.6624309, 37.388227 ], [ 126.6624278, 37.3882238 ] ] } },
{ "type": "Feature", "properties": { "Vehicle_ID": 51, "Vehicle_Class": 0, "Num_Points": 150, "Start_Time": "2022-10-07 17:52:13.500", "End_Time": "2022-10-07 17:52:18.471", "Start_Frame": 0, "End_Frame": 149, "Mean_Speed": 2.9, "Max_Speed": 5.2, "Vehicle_Length": 4.69, "Vehicle_Width": 2.18 }, "geometry": { "type": "LineString", "coordinates": [ [ 126.6638587, 37.3892353 ], [ 126.6638586, 37.3892353 ], [ 126.6638585, 37.3892353 ], [ 126.6638584, 37.3892353 ], [ 126.6638585, 37.3892354 ], [ 126.6638584, 37.3892354 ], [ 126.6638583, 37.3892353 ], [ 126.6638583, 37.3892353 ], [ 126.6638582, 37.3892352 ], [ 126.6638582, 37.3892351 ], [ 126.6638581, 37.3892352 ], [ 126.6638581, 37.3892351 ], [ 126.6638581, 37.3892351 ], [ 126.6638581, 37.3892351 ], [ 126.663858, 37.3892351 ], [ 126.663858, 37.3892351 ], [ 126.663858, 37.3892352 ], [ 126.6638579, 37.3892351 ], [ 126.663858, 37.3892352 ], [ 126.6638579, 37.3892351 ], [ 126.6638579, 37.3892351 ], [ 126.6638578, 37.389235 ], [ 126.6638579, 37.389235 ], [ 126.6638578, 37.389235 ], [ 126.6638579, 37.389235 ], [ 126.6638579, 37.3892351 ], [ 126.6638579, 37.389235 ], [ 126.6638579, 37.3892351 ], [ 126.6638579, 37.3892351 ], [ 126.6638579, 37.3892351 ], [ 126.663858, 37.3892353 ], [ 126.6638579, 37.3892352 ], [ 126.663858, 37.3892353 ], [ 126.6638579, 37.3892352 ], [ 126.6638578, 37.3892352 ], [ 126.6638577, 37.3892351 ], [ 126.6638577, 37.3892351 ], [ 126.6638578, 37.3892353 ], [ 126.6638577, 37.3892352 ], [ 126.6638577, 37.3892352 ], [ 126.6638578, 37.3892354 ], [ 126.6638585, 37.3892356 ], [ 126.6638579, 37.3892349 ], [ 126.6638587, 37.3892353 ], [ 126.6638586, 37.3892354 ], [ 126.6638587, 37.3892354 ], [ 126.6638588, 37.3892354 ], [ 126.6638587, 37.3892354 ], [ 126.6638582, 37.3892353 ], [ 126.6638581, 37.3892347 ], [ 126.663858, 37.3892351 ], [ 126.6638583, 37.3892355 ], [ 126.6638589, 37.3892355 ], [ 126.6638584, 37.3892353 ], [ 126.6638584, 37.3892354 ], [ 126.6638588, 37.3892357 ], [ 126.663858, 37.3892353 ], [ 126.6638589, 37.3892355 ], [ 126.6638586, 37.3892353 ], [ 126.6638586, 37.3892347 ], [ 126.663858, 37.3892346 ], [ 126.6638586, 37.3892352 ], [ 126.6638581, 37.3892351 ], [ 126.6638586, 37.3892353 ], [ 126.6638589, 37.3892353 ], [ 126.6638581, 37.3892346 ], [ 126.6638587, 37.3892354 ], [ 126.6638591, 37.3892357 ], [ 126.6638587, 37.3892355 ], [ 126.6638586, 37.3892354 ], [ 126.6638587, 37.3892355 ], [ 126.6638586, 37.3892354 ], [ 126.6638586, 37.3892354 ], [ 126.6638586, 37.3892355 ], [ 126.6638587, 37.3892355 ], [ 126.6638586, 37.3892355 ], [ 126.6638586, 37.3892355 ], [ 126.6638587, 37.3892355 ], [ 126.6638588, 37.3892356 ], [ 126.6638589, 37.3892358 ], [ 126.6638588, 37.3892357 ], [ 126.663859, 37.3892358 ], [ 126.663859, 37.3892358 ], [ 126.6638591, 37.3892358 ], [ 126.663859, 37.3892358 ], [ 126.6638591, 37.3892359 ], [ 126.6638591, 37.389236 ], [ 126.6638592, 37.3892361 ], [ 126.6638592, 37.3892361 ], [ 126.6638592, 37.3892362 ], [ 126.6638593, 37.3892362 ], [ 126.6638594, 37.3892362 ], [ 126.6638593, 37.3892361 ], [ 126.6638594, 37.3892362 ], [ 126.6638597, 37.3892364 ], [ 126.6638598, 37.3892364 ], [ 126.6638601, 37.3892367 ], [ 126.66386, 37.3892367 ], [ 126.6638601, 37.3892368 ], [ 126.6638603, 37.389237 ], [ 126.6638605, 37.3892372 ], [ 126.6638605, 37.3892373 ], [ 126.6638607, 37.3892374 ], [ 126.6638608, 37.3892375 ], [ 126.663861, 37.3892376 ], [ 126.663861, 37.3892378 ], [ 126.6638612, 37.3892379 ], [ 126.6638613, 37.3892381 ], [ 126.6638614, 37.3892382 ], [ 126.6638618, 37.3892386 ], [ 126.6638615, 37.3892385 ], [ 126.6638618, 37.3892386 ], [ 126.6638618, 37.3892387 ], [ 126.6638618, 37.3892388 ], [ 126.6638624, 37.3892393 ], [ 126.6638624, 37.3892393 ], [ 126.6638624, 37.3892394 ], [ 126.6638624, 37.3892395 ], [ 126.6638627, 37.3892397 ], [ 126.6638629, 37.38924 ], [ 126.6638631, 37.3892402 ], [ 126.6638635, 37.3892405 ], [ 126.6638635, 37.3892405 ], [ 126.6638637, 37.3892407 ], [ 126.6638639, 37.3892409 ], [ 126.6638641, 37.3892412 ], [ 126.6638646, 37.3892416 ], [ 126.6638647, 37.3892417 ], [ 126.6638649, 37.389242 ], [ 126.6638651, 37.3892423 ], [ 126.6638655, 37.3892426 ], [ 126.6638658, 37.3892429 ], [ 126.6638661, 37.3892431 ], [ 126.6638664, 37.3892434 ], [ 126.6638667, 37.3892437 ], [ 126.6638669, 37.3892441 ], [ 126.6638672, 37.3892444 ], [ 126.6638676, 37.3892447 ], [ 126.6638679, 37.3892452 ], [ 126.6638683, 37.3892455 ], [ 126.6638689, 37.3892461 ], [ 126.663869, 37.3892463 ], [ 126.6638694, 37.3892465 ], [ 126.6638696, 37.3892468 ], [ 126.6638699, 37.3892472 ], [ 126.6638703, 37.3892476 ], [ 126.6638709, 37.3892481 ], [ 126.6638712, 37.3892484 ], [ 126.6638717, 37.3892488 ], [ 126.6638722, 37.3892493 ] ] } },
{ "type": "Feature", "properties": { "Vehicle_ID": 52, "Vehicle_Class": 0, "Num_Points": 150, "Start_Time": "2022-10-07 17:52:13.500", "End_Time": "2022-10-07 17:52:18.471", "Start_Frame": 0, "End_Frame": 149, "Mean_Speed": 28.9, "Max_Speed": 31.0, "Vehicle_Length": 4.29, "Vehicle_Width": 1.95 }, "geometry": { "type": "LineString", "coordinates": [ [ 126.6637798, 37.3895158 ], [ 126.6637782, 37.3895143 ], [ 126.6637765, 37.3895127 ], [ 126.6637746, 37.3895109 ], [ 126.663773, 37.3895093 ], [ 126.6637714, 37.3895076 ], [ 126.6637698, 37.389506 ], [ 126.6637682, 37.3895044 ], [ 126.6637666, 37.3895027 ], [ 126.663765, 37.3895009 ], [ 126.6637632, 37.3894994 ], [ 126.6637613, 37.3894975 ], [ 126.6637596, 37.3894958 ], [ 126.663758, 37.3894941 ], [ 126.6637564, 37.3894926 ], [ 126.6637549, 37.3894909 ], [ 126.6637533, 37.3894894 ], [ 126.6637516, 37.3894875 ], [ 126.6637501, 37.3894861 ], [ 126.6637484, 37.3894842 ], [ 126.6637467, 37.3894826 ], [ 126.6637452, 37.3894809 ], [ 126.6637434, 37.3894792 ], [ 126.6637418, 37.3894774 ], [ 126.6637402, 37.3894757 ], [ 126.6637386, 37.389474 ], [ 126.6637369, 37.3894723 ], [ 126.6637353, 37.3894707 ], [ 126.6637338, 37.3894691 ], [ 126.6637321, 37.3894674 ], [ 126.6637306, 37.3894659 ], [ 126.6637288, 37.389464 ], [ 126.6637272, 37.3894624 ], [ 126.6637253, 37.3894606 ], [ 126.6637236, 37.3894587 ], [ 126.6637218, 37.389457 ], [ 126.6637203, 37.3894554 ], [ 126.6637187, 37.3894538 ], [ 126.6637169, 37.3894519 ], [ 126.6637153, 37.3894502 ], [ 126.6637136, 37.3894487 ], [ 126.6637126, 37.3894471 ], [ 126.6637101, 37.3894448 ], [ 126.6637092, 37.3894433 ], [ 126.6637074, 37.3894416 ], [ 126.6637057, 37.3894398 ], [ 126.663704, 37.3894379 ], [ 126.6637021, 37.3894362 ], [ 126.6636999, 37.3894343 ], [ 126.663698, 37.3894318 ], [ 126.6636959, 37.3894302 ], [ 126.6636946, 37.3894289 ], [ 126.6636935, 37.3894271 ], [ 126.6636913, 37.389425 ], [ 126.6636895, 37.3894232 ], [ 126.6636881, 37.3894217 ], [ 126.6636856, 37.3894195 ], [ 126.6636844, 37.3894177 ], [ 126.6636825, 37.3894157 ], [ 126.6636806, 37.3894133 ], [ 126.6636783, 37.3894113 ], [ 126.663677, 37.3894099 ], [ 126.6636746, 37.3894078 ], [ 126.6636733, 37.3894061 ], [ 126.6636715, 37.3894042 ], [ 126.6636694, 37.3894018 ], [ 126.6636679, 37.3894005 ], [ 126.6636659, 37.3893987 ], [ 126.6636633, 37.3893962 ], [ 126.6636613, 37.3893942 ], [ 126.6636594, 37.3893921 ], [ 126.6636575, 37.3893901 ], [ 126.6636556, 37.389388 ], [ 126.6636537, 37.389386 ], [ 126.6636518, 37.389384 ], [ 126.6636496, 37.3893817 ], [ 126.6636477, 37.3893795 ], [ 126.6636462, 37.3893775 ], [ 126.6636443, 37.3893757 ], [ 126.6636427, 37.3893742 ], [ 126.6636407, 37.3893723 ], [ 126.6636387, 37.3893701 ], [ 126.6636366, 37.3893678 ], [ 126.6636347, 37.3893658 ], [ 126.6636326, 37.3893636 ], [ 126.6636307, 37.3893617 ], [ 126.6636287, 37.3893596 ], [ 126.6636267, 37.3893575 ], [ 126.6636248, 37.3893555 ], [ 126.6636229, 37.3893535 ], [ 126.6636209, 37.3893516 ], [ 126.6636189, 37.3893494 ], [ 126.6636167, 37.3893472 ], [ 126.6636148, 37.3893452 ], [ 126.6636129, 37.3893432 ], [ 126.663611, 37.3893411 ], [ 126.663609, 37.3893392 ], [ 126.663607, 37.3893371 ], [ 126.663605, 37.389335 ], [ 126.6636031, 37.389333 ], [ 126.6636012, 37.3893311 ], [ 126.6635992, 37.3893289 ], [ 126.6635973, 37.3893268 ], [ 126.6635952, 37.3893247 ], [ 126.6635933, 37.3893225 ], [ 126.6635912, 37.3893203 ], [ 126.6635892, 37.3893181 ], [ 126.6635872, 37.389316 ], [ 126.6635853, 37.389314 ], [ 126.6635834, 37.3893123 ], [ 126.6635812, 37.3893099 ], [ 126.6635793, 37.3893079 ], [ 126.6635772, 37.3893059 ], [ 126.6635751, 37.3893038 ], [ 126.6635735, 37.389302 ], [ 126.6635714, 37.3892999 ], [ 126.6635694, 37.3892977 ], [ 126.6635672, 37.3892956 ], [ 126.6635653, 37.3892937 ], [ 126.6635633, 37.3892917 ], [ 126.6635612, 37.3892896 ], [ 126.6635595, 37.3892877 ], [ 126.6635573, 37.3892854 ], [ 126.6635553, 37.3892834 ], [ 126.6635533, 37.3892813 ], [ 126.6635513, 37.3892792 ], [ 126.6635496, 37.3892774 ], [ 126.6635477, 37.3892753 ], [ 126.6635457, 37.3892732 ], [ 126.6635437, 37.3892713 ], [ 126.6635419, 37.3892692 ], [ 126.6635399, 37.3892672 ], [ 126.6635379, 37.3892652 ], [ 126.663536, 37.3892632 ], [ 126.663534, 37.389261 ], [ 126.6635319, 37.3892589 ], [ 126.66353, 37.3892568 ], [ 126.6635281, 37.3892548 ], [ 126.663526, 37.3892528 ], [ 126.6635241, 37.3892509 ], [ 126.6635223, 37.3892492 ], [ 126.6635201, 37.389247 ], [ 126.6635181, 37.389245 ], [ 126.663516, 37.3892429 ], [ 126.663514, 37.3892409 ], [ 126.6635122, 37.3892389 ], [ 126.6635104, 37.389237 ], [ 126.6635084, 37.3892349 ], [ 126.6635065, 37.3892329 ], [ 126.6635046, 37.389231 ] ] } },
{ "type": "Feature", "properties": { "Vehicle_ID": 53, "Vehicle_Class": 0, "Num_Points": 150, "Start_Time": "2022-10-07 17:52:13.500", "End_Time": "2022-10-07 17:52:18.471", "Start_Frame": 0, "End_Frame": 149, "Mean_Speed": 11.1, "Max_Speed": 21.4, "Vehicle_Length": 5.08, "Vehicle_Width": 2.26 }, "geometry": { "type": "LineString", "coordinates": [ [ 126.6630704, 37.3884638 ], [ 126.6630715, 37.388465 ], [ 126.6630726, 37.3884663 ], [ 126.6630737, 37.3884677 ], [ 126.663075, 37.388469 ], [ 126.6630762, 37.3884704 ], [ 126.6630777, 37.3884719 ], [ 126.6630791, 37.3884735 ], [ 126.6630806, 37.3884751 ], [ 126.6630824, 37.3884767 ], [ 126.6630838, 37.3884785 ], [ 126.6630852, 37.3884801 ], [ 126.6630869, 37.3884818 ], [ 126.6630885, 37.3884835 ], [ 126.6630896, 37.3884847 ], [ 126.6630908, 37.3884859 ], [ 126.6630921, 37.3884873 ], [ 126.6630936, 37.3884888 ], [ 126.663095, 37.3884902 ], [ 126.6630962, 37.3884916 ], [ 126.6630974, 37.3884929 ], [ 126.6630988, 37.3884943 ], [ 126.6631002, 37.3884957 ], [ 126.6631015, 37.388497 ], [ 126.6631028, 37.3884983 ], [ 126.6631041, 37.3884997 ], [ 126.6631054, 37.388501 ], [ 126.6631067, 37.3885023 ], [ 126.6631079, 37.3885036 ], [ 126.6631091, 37.3885049 ], [ 126.6631104, 37.3885062 ], [ 126.6631116, 37.3885074 ], [ 126.6631128, 37.3885085 ], [ 126.6631139, 37.3885097 ], [ 126.663115, 37.388511 ], [ 126.6631162, 37.3885123 ], [ 126.6631174, 37.3885136 ], [ 126.6631186, 37.3885148 ], [ 126.6631197, 37.3885158 ], [ 126.6631207, 37.388517 ], [ 126.6631217, 37.3885182 ], [ 126.6631231, 37.388519 ], [ 126.6631242, 37.3885198 ], [ 126.6631256, 37.3885212 ], [ 126.6631266, 37.3885222 ], [ 126.6631277, 37.3885233 ], [ 126.6631285, 37.3885244 ], [ 126.6631296, 37.3885253 ], [ 126.6631304, 37.3885262 ], [ 126.6631314, 37.3885272 ], [ 126.6631325, 37.3885282 ], [ 126.6631334, 37.3885294 ], [ 126.6631343, 37.3885301 ], [ 126.6631352, 37.3885311 ], [ 126.6631362, 37.388532 ], [ 126.6631372, 37.3885329 ], [ 126.6631375, 37.3885337 ], [ 126.6631385, 37.3885344 ], [ 126.6631394, 37.3885353 ], [ 126.6631402, 37.3885359 ], [ 126.6631407, 37.3885367 ], [ 126.6631416, 37.3885376 ], [ 126.6631422, 37.3885385 ], [ 126.663143, 37.3885392 ], [ 126.6631441, 37.3885398 ], [ 126.6631444, 37.3885404 ], [ 126.6631451, 37.3885411 ], [ 126.6631458, 37.3885417 ], [ 126.6631464, 37.3885424 ], [ 126.6631469, 37.3885429 ], [ 126.6631475, 37.3885435 ], [ 126.6631482, 37.3885441 ], [ 126.6631487, 37.3885446 ], [ 126.6631492, 37.3885451 ], [ 126.6631496, 37.3885456 ], [ 126.6631501, 37.3885461 ], [ 126.6631506, 37.3885465 ], [ 126.6631512, 37.388547 ], [ 126.6631515, 37.3885474 ], [ 126.663152, 37.3885479 ], [ 126.6631522, 37.3885482 ], [ 126.6631527, 37.3885486 ], [ 126.6631531, 37.388549 ], [ 126.6631534, 37.3885494 ], [ 126.6631536, 37.3885497 ], [ 126.6631539, 37.38855 ], [ 126.6631543, 37.3885505 ], [ 126.6631546, 37.3885508 ], [ 126.6631549, 37.3885511 ], [ 126.6631551, 37.3885514 ], [ 126.6631554, 37.3885517 ], [ 126.6631557, 37.388552 ], [ 126.663156, 37.3885522 ], [ 126.6631563, 37.3885526 ], [ 126.6631566, 37.3885529 ], [ 126.6631569, 37.3885531 ], [ 126.6631573, 37.3885535 ], [ 126.6631575, 37.3885538 ], [ 126.6631577, 37.3885541 ], [ 126.6631579, 37.3885544 ], [ 126.6631583, 37.3885548 ], [ 126.6631585, 37.3885551 ], [ 126.6631589, 37.3885555 ], [ 126.6631591, 37.3885557 ], [ 126.6631593, 37.3885558 ], [ 126.6631597, 37.3885564 ], [ 126.6631601, 37.3885567 ], [ 126.6631604, 37.3885571 ], [ 126.6631607, 37.3885574 ], [ 126.6631612, 37.3885578 ], [ 126.6631614, 37.3885581 ], [ 126.6631617, 37.3885584 ], [ 126.663162, 37.3885587 ], [ 126.6631624, 37.3885591 ], [ 126.663163, 37.3885595 ], [ 126.6631632, 37.3885597 ], [ 126.6631634, 37.3885599 ], [ 126.6631637, 37.3885603 ], [ 126.6631641, 37.3885606 ], [ 126.6631643, 37.388561 ], [ 126.6631646, 37.3885614 ], [ 126.6631651, 37.3885617 ], [ 126.6631653, 37.3885621 ], [ 126.6631656, 37.3885623 ], [ 126.6631659, 37.3885627 ], [ 126.6631663, 37.388563 ], [ 126.6631668, 37.3885636 ], [ 126.6631671, 37.3885639 ], [ 126.6631674, 37.3885643 ], [ 126.6631677, 37.3885646 ], [ 126.6631681, 37.3885649 ], [ 126.6631686, 37.3885653 ], [ 126.663169, 37.3885656 ], [ 126.6631693, 37.388566 ], [ 126.6631698, 37.3885664 ], [ 126.6631701, 37.3885668 ], [ 126.6631705, 37.3885672 ], [ 126.6631708, 37.3885675 ], [ 126.6631712, 37.3885679 ], [ 126.6631716, 37.3885683 ], [ 126.6631721, 37.3885687 ], [ 126.6631723, 37.3885691 ], [ 126.6631727, 37.3885694 ], [ 126.663173, 37.3885698 ], [ 126.6631735, 37.3885702 ], [ 126.6631739, 37.3885707 ], [ 126.6631744, 37.388571 ], [ 126.6631748, 37.3885714 ], [ 126.6631751, 37.3885717 ], [ 126.6631755, 37.3885721 ] ] } },
{ "type": "Feature", "properties": { "Vehicle_ID": 54, "Vehicle_Class": 0, "Num_Points": 150, "Start_Time": "2022-10-07 17:52:13.500", "End_Time": "2022-10-07 17:52:18.471", "Start_Frame": 0, "End_Frame": 149, "Mean_Speed": 56.1, "Max_Speed": 57.1, "Vehicle_Length": 4.98, "Vehicle_Width": 2.31 }, "geometry": { "type": "LineString", "coordinates": [ [ 126.6634107, 37.3889187 ], [ 126.6634136, 37.3889218 ], [ 126.6634167, 37.3889248 ], [ 126.6634203, 37.3889283 ], [ 126.6634239, 37.3889319 ], [ 126.6634274, 37.3889357 ], [ 126.6634308, 37.3889392 ], [ 126.6634345, 37.388943 ], [ 126.663438, 37.3889467 ], [ 126.6634415, 37.3889502 ], [ 126.6634449, 37.3889538 ], [ 126.6634483, 37.3889573 ], [ 126.6634516, 37.3889607 ], [ 126.6634551, 37.3889641 ], [ 126.663459, 37.3889678 ], [ 126.6634627, 37.3889714 ], [ 126.6634665, 37.3889751 ], [ 126.6634701, 37.3889787 ], [ 126.6634744, 37.3889829 ], [ 126.6634779, 37.3889866 ], [ 126.6634817, 37.3889903 ], [ 126.6634851, 37.3889936 ], [ 126.6634884, 37.388997 ], [ 126.6634926, 37.3890008 ], [ 126.6634962, 37.3890044 ], [ 126.6634994, 37.3890077 ], [ 126.6635029, 37.3890113 ], [ 126.6635065, 37.3890151 ], [ 126.6635101, 37.3890184 ], [ 126.6635135, 37.3890219 ], [ 126.6635174, 37.3890259 ], [ 126.6635209, 37.3890296 ], [ 126.6635249, 37.3890338 ], [ 126.6635286, 37.3890376 ], [ 126.6635322, 37.3890413 ], [ 126.663536, 37.3890451 ], [ 126.6635397, 37.3890491 ], [ 126.6635433, 37.3890526 ], [ 126.6635469, 37.3890563 ], [ 126.6635504, 37.3890601 ], [ 126.663554, 37.3890641 ], [ 126.6635579, 37.3890679 ], [ 126.6635611, 37.3890711 ], [ 126.6635654, 37.3890751 ], [ 126.6635694, 37.3890789 ], [ 126.6635735, 37.3890827 ], [ 126.6635773, 37.3890866 ], [ 126.663581, 37.3890903 ], [ 126.6635844, 37.3890941 ], [ 126.6635878, 37.3890972 ], [ 126.6635915, 37.3891013 ], [ 126.6635953, 37.3891054 ], [ 126.6635995, 37.3891092 ], [ 126.6636028, 37.389113 ], [ 126.6636064, 37.3891168 ], [ 126.6636102, 37.3891207 ], [ 126.663613, 37.3891243 ], [ 126.6636173, 37.3891283 ], [ 126.6636209, 37.389132 ], [ 126.6636245, 37.389135 ], [ 126.663628, 37.3891388 ], [ 126.6636324, 37.3891432 ], [ 126.6636356, 37.3891468 ], [ 126.6636395, 37.3891505 ], [ 126.6636434, 37.3891541 ], [ 126.6636466, 37.3891572 ], [ 126.6636504, 37.3891614 ], [ 126.6636543, 37.3891654 ], [ 126.6636577, 37.389169 ], [ 126.6636612, 37.3891728 ], [ 126.6636648, 37.3891768 ], [ 126.6636682, 37.3891804 ], [ 126.6636717, 37.3891842 ], [ 126.6636753, 37.389188 ], [ 126.6636792, 37.3891916 ], [ 126.6636829, 37.3891953 ], [ 126.6636867, 37.3891989 ], [ 126.6636904, 37.3892026 ], [ 126.6636937, 37.3892063 ], [ 126.6636974, 37.38921 ], [ 126.6637008, 37.3892137 ], [ 126.6637045, 37.3892173 ], [ 126.663708, 37.3892209 ], [ 126.6637115, 37.3892245 ], [ 126.6637151, 37.3892283 ], [ 126.6637186, 37.3892322 ], [ 126.6637221, 37.389236 ], [ 126.6637255, 37.3892398 ], [ 126.6637289, 37.3892434 ], [ 126.6637326, 37.3892469 ], [ 126.6637364, 37.3892507 ], [ 126.6637404, 37.3892545 ], [ 126.6637439, 37.3892581 ], [ 126.6637477, 37.3892618 ], [ 126.6637512, 37.3892653 ], [ 126.6637545, 37.3892687 ], [ 126.6637583, 37.3892727 ], [ 126.6637616, 37.3892763 ], [ 126.6637657, 37.3892806 ], [ 126.6637691, 37.3892841 ], [ 126.6637722, 37.3892874 ], [ 126.6637744, 37.3892903 ], [ 126.6637776, 37.3892937 ], [ 126.6637818, 37.3892982 ], [ 126.6637862, 37.3893023 ], [ 126.6637901, 37.3893064 ], [ 126.6637944, 37.3893104 ], [ 126.6637979, 37.3893141 ], [ 126.6638012, 37.3893177 ], [ 126.6638048, 37.3893212 ], [ 126.6638078, 37.3893244 ], [ 126.6638114, 37.389328 ], [ 126.6638149, 37.3893316 ], [ 126.6638182, 37.3893353 ], [ 126.6638223, 37.3893393 ], [ 126.6638258, 37.3893431 ], [ 126.6638293, 37.3893468 ], [ 126.6638324, 37.3893504 ], [ 126.6638358, 37.3893542 ], [ 126.6638391, 37.3893578 ], [ 126.6638427, 37.3893612 ], [ 126.6638468, 37.389365 ], [ 126.6638504, 37.3893685 ], [ 126.6638542, 37.3893724 ], [ 126.6638577, 37.389376 ], [ 126.6638612, 37.3893798 ], [ 126.6638649, 37.3893835 ], [ 126.6638684, 37.3893871 ], [ 126.663872, 37.3893908 ], [ 126.6638755, 37.3893946 ], [ 126.6638792, 37.3893983 ], [ 126.6638826, 37.3894021 ], [ 126.6638861, 37.389406 ], [ 126.6638896, 37.38941 ], [ 126.6638931, 37.3894137 ], [ 126.6638968, 37.3894175 ], [ 126.6639006, 37.389421 ], [ 126.6639045, 37.3894248 ], [ 126.6639082, 37.3894286 ], [ 126.6639119, 37.3894325 ], [ 126.6639157, 37.3894365 ], [ 126.6639191, 37.3894399 ], [ 126.6639225, 37.3894435 ], [ 126.6639262, 37.3894476 ], [ 126.6639286, 37.3894503 ], [ 126.6639305, 37.3894522 ], [ 126.6639324, 37.3894541 ], [ 126.6639339, 37.389456 ], [ 126.6639358, 37.3894579 ], [ 126.6639375, 37.3894598 ] ] } },
{ "type": "Feature", "properties": { "Vehicle_ID": 55, "Vehicle_Class": 0, "Num_Points": 150, "Start_Time": "2022-10-07 17:52:13.500", "End_Time": "2022-10-07 17:52:18.471", "Start_Frame": 0, "End_Frame": 149, "Mean_Speed": 39.7, "Max_Speed": 42.3, "Vehicle_Length": 4.95, "Vehicle_Width": 2.17 }, "geometry": { "type": "LineString", "coordinates": [ [ 126.6632623, 37.388894 ], [ 126.6632601, 37.3888918 ], [ 126.663258, 37.3888896 ], [ 126.6632555, 37.3888872 ], [ 126.6632531, 37.3888847 ], [ 126.6632507, 37.3888822 ], [ 126.6632483, 37.3888797 ], [ 126.6632458, 37.3888772 ], [ 126.6632432, 37.3888744 ], [ 126.6632407, 37.3888717 ], [ 126.6632381, 37.3888692 ], [ 126.6632357, 37.3888669 ], [ 126.6632334, 37.3888644 ], [ 126.6632311, 37.388862 ], [ 126.6632287, 37.3888596 ], [ 126.6632266, 37.3888572 ], [ 126.6632245, 37.388855 ], [ 126.6632223, 37.3888527 ], [ 126.6632201, 37.3888504 ], [ 126.6632176, 37.3888478 ], [ 126.6632151, 37.3888452 ], [ 126.6632123, 37.3888424 ], [ 126.6632099, 37.3888399 ], [ 126.6632076, 37.3888374 ], [ 126.6632051, 37.3888348 ], [ 126.663203, 37.3888326 ], [ 126.6632011, 37.3888306 ], [ 126.6631987, 37.3888282 ], [ 126.6631964, 37.3888257 ], [ 126.6631936, 37.3888228 ], [ 126.6631911, 37.3888201 ], [ 126.6631885, 37.3888175 ], [ 126.663186, 37.388815 ], [ 126.6631836, 37.3888126 ], [ 126.6631812, 37.3888101 ], [ 126.6631786, 37.3888076 ], [ 126.6631762, 37.3888053 ], [ 126.6631741, 37.388803 ], [ 126.6631717, 37.3888004 ], [ 126.6631693, 37.388798 ], [ 126.663167, 37.3887956 ], [ 126.6631649, 37.3887929 ], [ 126.6631624, 37.3887902 ], [ 126.6631605, 37.3887879 ], [ 126.6631582, 37.3887854 ], [ 126.6631558, 37.3887829 ], [ 126.6631534, 37.3887804 ], [ 126.6631511, 37.388778 ], [ 126.6631486, 37.3887757 ], [ 126.6631462, 37.388773 ], [ 126.663144, 37.3887708 ], [ 126.6631416, 37.3887683 ], [ 126.6631393, 37.3887657 ], [ 126.6631369, 37.3887632 ], [ 126.6631344, 37.3887607 ], [ 126.6631322, 37.3887582 ], [ 126.663129, 37.3887554 ], [ 126.6631268, 37.388753 ], [ 126.6631245, 37.3887506 ], [ 126.6631219, 37.3887478 ], [ 126.6631195, 37.3887454 ], [ 126.6631173, 37.388743 ], [ 126.6631148, 37.3887406 ], [ 126.6631124, 37.3887379 ], [ 126.66311, 37.3887352 ], [ 126.6631076, 37.3887326 ], [ 126.6631051, 37.3887302 ], [ 126.6631025, 37.3887277 ], [ 126.6630999, 37.3887248 ], [ 126.6630972, 37.3887219 ], [ 126.6630946, 37.3887193 ], [ 126.663092, 37.3887165 ], [ 126.6630894, 37.3887139 ], [ 126.6630868, 37.3887114 ], [ 126.6630843, 37.3887088 ], [ 126.6630819, 37.3887063 ], [ 126.6630794, 37.3887038 ], [ 126.6630769, 37.3887014 ], [ 126.6630743, 37.3886988 ], [ 126.663072, 37.3886964 ], [ 126.6630696, 37.3886938 ], [ 126.6630672, 37.3886913 ], [ 126.6630647, 37.3886888 ], [ 126.663062, 37.388686 ], [ 126.6630591, 37.388683 ], [ 126.6630563, 37.3886802 ], [ 126.6630536, 37.3886774 ], [ 126.663051, 37.3886747 ], [ 126.6630484, 37.388672 ], [ 126.6630459, 37.3886694 ], [ 126.6630434, 37.3886666 ], [ 126.6630407, 37.3886639 ], [ 126.6630382, 37.3886612 ], [ 126.6630356, 37.3886586 ], [ 126.6630331, 37.3886559 ], [ 126.6630306, 37.3886532 ], [ 126.6630279, 37.3886505 ], [ 126.6630252, 37.3886477 ], [ 126.6630226, 37.3886451 ], [ 126.6630199, 37.3886424 ], [ 126.6630173, 37.3886398 ], [ 126.6630147, 37.3886371 ], [ 126.6630123, 37.3886343 ], [ 126.6630097, 37.3886315 ], [ 126.663007, 37.3886287 ], [ 126.6630045, 37.3886262 ], [ 126.6630017, 37.3886233 ], [ 126.6629988, 37.3886203 ], [ 126.6629961, 37.3886175 ], [ 126.6629932, 37.3886146 ], [ 126.6629909, 37.388612 ], [ 126.6629884, 37.3886093 ], [ 126.662986, 37.3886067 ], [ 126.6629831, 37.3886037 ], [ 126.6629803, 37.3886009 ], [ 126.6629775, 37.3885979 ], [ 126.6629746, 37.388595 ], [ 126.6629721, 37.3885923 ], [ 126.6629695, 37.3885895 ], [ 126.6629667, 37.3885866 ], [ 126.6629639, 37.3885837 ], [ 126.6629613, 37.388581 ], [ 126.6629586, 37.3885782 ], [ 126.662956, 37.3885755 ], [ 126.6629533, 37.3885728 ], [ 126.6629505, 37.3885699 ], [ 126.6629479, 37.3885672 ], [ 126.662945, 37.3885643 ], [ 126.6629421, 37.3885613 ], [ 126.6629393, 37.3885583 ], [ 126.6629366, 37.3885554 ], [ 126.6629341, 37.3885526 ], [ 126.6629314, 37.3885499 ], [ 126.6629289, 37.3885471 ], [ 126.6629261, 37.3885443 ], [ 126.6629234, 37.3885416 ], [ 126.6629206, 37.3885388 ], [ 126.6629178, 37.388536 ], [ 126.6629151, 37.3885332 ], [ 126.6629122, 37.3885304 ], [ 126.6629097, 37.3885277 ], [ 126.662907, 37.388525 ], [ 126.6629043, 37.3885222 ], [ 126.6629016, 37.3885194 ], [ 126.6628989, 37.3885167 ], [ 126.6628962, 37.388514 ], [ 126.6628935, 37.3885112 ], [ 126.6628908, 37.3885084 ], [ 126.662888, 37.3885055 ], [ 126.6628855, 37.3885029 ] ] } },
{ "type": "Feature", "properties": { "Vehicle_ID": 56, "Vehicle_Class": 0, "Num_Points": 150, "Start_Time": "2022-10-07 17:52:13.500", "End_Time": "2022-10-07 17:52:18.471", "Start_Frame": 0, "End_Frame": 149, "Mean_Speed": 1.3, "Max_Speed": 2.3, "Vehicle_Length": 4.33, "Vehicle_Width": 2.04 }, "geometry": { "type": "LineString", "coordinates": [ [ 126.6626772, 37.3881959 ], [ 126.6626772, 37.3881959 ], [ 126.6626772, 37.388196 ], [ 126.6626771, 37.3881959 ], [ 126.6626771, 37.3881959 ], [ 126.662677, 37.3881959 ], [ 126.6626769, 37.3881958 ], [ 126.6626768, 37.3881958 ], [ 126.6626767, 37.3881957 ], [ 126.6626769, 37.3881957 ], [ 126.6626766, 37.3881957 ], [ 126.6626766, 37.3881957 ], [ 126.6626766, 37.3881957 ], [ 126.6626766, 37.3881958 ], [ 126.6626766, 37.3881957 ], [ 126.6626766, 37.3881958 ], [ 126.6626767, 37.3881959 ], [ 126.6626767, 37.3881959 ], [ 126.6626768, 37.3881961 ], [ 126.6626768, 37.3881961 ], [ 126.6626768, 37.3881961 ], [ 126.6626768, 37.3881962 ], [ 126.6626768, 37.3881962 ], [ 126.6626768, 37.3881961 ], [ 126.6626768, 37.3881961 ], [ 126.6626768, 37.3881961 ], [ 126.6626767, 37.3881961 ], [ 126.6626767, 37.3881961 ], [ 126.6626767, 37.3881961 ], [ 126.6626766, 37.388196 ], [ 126.6626767, 37.388196 ], [ 126.6626766, 37.3881959 ], [ 126.6626764, 37.3881957 ], [ 126.6626765, 37.3881959 ], [ 126.6626765, 37.3881959 ], [ 126.6626765, 37.388196 ], [ 126.6626765, 37.388196 ], [ 126.6626765, 37.3881961 ], [ 126.6626764, 37.388196 ], [ 126.6626764, 37.388196 ], [ 126.6626764, 37.3881961 ], [ 126.6626767, 37.3881958 ], [ 126.6626768, 37.3881957 ], [ 126.6626772, 37.3881959 ], [ 126.6626772, 37.3881959 ], [ 126.6626772, 37.3881959 ], [ 126.6626769, 37.388196 ], [ 126.6626771, 37.3881959 ], [ 126.6626767, 37.3881955 ], [ 126.662677, 37.3881958 ], [ 126.662677, 37.3881955 ], [ 126.6626772, 37.3881959 ], [ 126.6626769, 37.3881956 ], [ 126.6626773, 37.3881959 ], [ 126.6626773, 37.3881959 ], [ 126.6626774, 37.3881958 ], [ 126.6626771, 37.3881959 ], [ 126.6626769, 37.3881958 ], [ 126.6626775, 37.388196 ], [ 126.6626773, 37.3881959 ], [ 126.6626772, 37.3881959 ], [ 126.6626774, 37.3881959 ], [ 126.6626773, 37.3881959 ], [ 126.6626773, 37.3881959 ], [ 126.6626773, 37.3881956 ], [ 126.6626774, 37.3881959 ], [ 126.6626773, 37.3881957 ], [ 126.6626772, 37.3881956 ], [ 126.6626773, 37.3881957 ], [ 126.6626773, 37.3881956 ], [ 126.6626774, 37.3881957 ], [ 126.6626773, 37.3881956 ], [ 126.6626772, 37.3881955 ], [ 126.6626772, 37.3881955 ], [ 126.6626771, 37.3881955 ], [ 126.6626772, 37.3881955 ], [ 126.6626773, 37.3881955 ], [ 126.6626775, 37.3881957 ], [ 126.6626774, 37.3881957 ], [ 126.6626775, 37.3881958 ], [ 126.6626775, 37.3881959 ], [ 126.6626776, 37.3881959 ], [ 126.6626775, 37.3881959 ], [ 126.6626775, 37.3881959 ], [ 126.6626775, 37.3881959 ], [ 126.6626774, 37.3881958 ], [ 126.6626773, 37.3881959 ], [ 126.6626774, 37.3881959 ], [ 126.6626773, 37.3881958 ], [ 126.6626773, 37.3881959 ], [ 126.6626773, 37.3881958 ], [ 126.6626773, 37.3881958 ], [ 126.6626773, 37.3881958 ], [ 126.6626774, 37.3881959 ], [ 126.6626774, 37.3881958 ], [ 126.6626774, 37.3881958 ], [ 126.6626774, 37.3881959 ], [ 126.6626774, 37.3881959 ], [ 126.6626774, 37.3881959 ], [ 126.6626773, 37.3881958 ], [ 126.6626774, 37.3881959 ], [ 126.6626774, 37.3881959 ], [ 126.6626774, 37.3881959 ], [ 126.6626774, 37.3881958 ], [ 126.6626772, 37.3881956 ], [ 126.6626775, 37.3881959 ], [ 126.6626774, 37.3881959 ], [ 126.6626775, 37.3881959 ], [ 126.6626774, 37.3881959 ], [ 126.6626775, 37.3881959 ], [ 126.6626776, 37.3881959 ], [ 126.6626775, 37.388196 ], [ 126.6626775, 37.388196 ], [ 126.6626776, 37.388196 ], [ 126.6626776, 37.3881958 ], [ 126.6626775, 37.3881957 ], [ 126.6626774, 37.3881957 ], [ 126.6626775, 37.3881958 ], [ 126.6626775, 37.3881958 ], [ 126.6626774, 37.3881958 ], [ 126.6626775, 37.3881959 ], [ 126.6626776, 37.3881959 ], [ 126.6626775, 37.3881959 ], [ 126.6626774, 37.3881959 ], [ 126.6626775, 37.388196 ], [ 126.6626775, 37.388196 ], [ 126.6626775, 37.388196 ], [ 126.6626773, 37.3881959 ], [ 126.6626772, 37.3881959 ], [ 126.6626773, 37.3881959 ], [ 126.6626773, 37.3881959 ], [ 126.6626773, 37.3881959 ], [ 126.6626773, 37.3881959 ], [ 126.6626774, 37.3881959 ], [ 126.6626775, 37.388196 ], [ 126.6626775, 37.388196 ], [ 126.6626774, 37.3881959 ], [ 126.6626775, 37.3881959 ], [ 126.6626775, 37.3881959 ], [ 126.6626774, 37.3881959 ], [ 126.6626775, 37.3881959 ], [ 126.6626776, 37.388196 ], [ 126.6626776, 37.388196 ], [ 126.6626776, 37.3881959 ], [ 126.6626775, 37.3881958 ], [ 126.6626774, 37.3881956 ], [ 126.6626773, 37.3881955 ], [ 126.6626773, 37.3881955 ], [ 126.6626772, 37.3881953 ], [ 126.6626772, 37.3881953 ] ] } },
{ "type": "Feature", "properties": { "Vehicle_ID": 57, "Vehicle_Class": 0, "Num_Points": 150, "Start_Time": "2022-10-07 17:52:13.500", "End_Time": "2022-10-07 17:52:18.471", "Start_Frame": 0, "End_Frame": 149, "Mean_Speed": 17.7, "Max_Speed": 22.8, "Vehicle_Length": 5.41, "Vehicle_Width": 2.35 }, "geometry": { "type": "LineString", "coordinates": [ [ 126.6637225, 37.3894039 ], [ 126.663722, 37.3894033 ], [ 126.6637215, 37.3894027 ], [ 126.6637211, 37.3894021 ], [ 126.6637207, 37.3894015 ], [ 126.6637202, 37.3894008 ], [ 126.6637196, 37.3894 ], [ 126.6637191, 37.3893992 ], [ 126.6637185, 37.3893983 ], [ 126.6637182, 37.3893975 ], [ 126.6637177, 37.3893967 ], [ 126.6637171, 37.3893959 ], [ 126.6637167, 37.3893951 ], [ 126.6637162, 37.3893944 ], [ 126.6637156, 37.3893936 ], [ 126.6637152, 37.3893928 ], [ 126.6637148, 37.389392 ], [ 126.6637141, 37.3893909 ], [ 126.6637136, 37.3893902 ], [ 126.663713, 37.3893894 ], [ 126.6637125, 37.3893887 ], [ 126.6637119, 37.3893877 ], [ 126.6637114, 37.389387 ], [ 126.6637109, 37.3893861 ], [ 126.6637104, 37.3893854 ], [ 126.66371, 37.3893847 ], [ 126.6637095, 37.3893838 ], [ 126.6637089, 37.389383 ], [ 126.6637084, 37.3893822 ], [ 126.6637078, 37.3893813 ], [ 126.6637073, 37.3893805 ], [ 126.6637064, 37.3893791 ], [ 126.6637057, 37.3893781 ], [ 126.6637048, 37.3893766 ], [ 126.6637039, 37.3893752 ], [ 126.6637031, 37.3893739 ], [ 126.6637025, 37.3893727 ], [ 126.6637018, 37.3893717 ], [ 126.6637009, 37.3893705 ], [ 126.6637001, 37.3893694 ], [ 126.6636994, 37.3893685 ], [ 126.6636994, 37.3893676 ], [ 126.6636981, 37.3893659 ], [ 126.6636981, 37.3893652 ], [ 126.6636974, 37.3893641 ], [ 126.6636969, 37.389363 ], [ 126.6636962, 37.3893618 ], [ 126.6636955, 37.3893606 ], [ 126.6636944, 37.3893595 ], [ 126.6636937, 37.3893577 ], [ 126.6636926, 37.3893569 ], [ 126.6636922, 37.3893562 ], [ 126.6636919, 37.3893549 ], [ 126.6636906, 37.3893532 ], [ 126.6636897, 37.3893518 ], [ 126.6636893, 37.3893511 ], [ 126.6636877, 37.3893493 ], [ 126.6636871, 37.3893478 ], [ 126.6636856, 37.3893462 ], [ 126.6636849, 37.3893446 ], [ 126.6636836, 37.3893434 ], [ 126.6636832, 37.3893428 ], [ 126.6636821, 37.3893418 ], [ 126.6636818, 37.389341 ], [ 126.6636813, 37.3893401 ], [ 126.6636802, 37.3893383 ], [ 126.6636796, 37.3893379 ], [ 126.663679, 37.3893369 ], [ 126.6636779, 37.3893352 ], [ 126.6636768, 37.3893339 ], [ 126.6636758, 37.3893325 ], [ 126.6636747, 37.3893309 ], [ 126.6636736, 37.3893294 ], [ 126.6636726, 37.3893282 ], [ 126.6636718, 37.389327 ], [ 126.6636705, 37.3893255 ], [ 126.6636696, 37.3893241 ], [ 126.6636687, 37.3893228 ], [ 126.6636676, 37.3893215 ], [ 126.6636667, 37.3893203 ], [ 126.6636655, 37.3893189 ], [ 126.6636646, 37.3893177 ], [ 126.6636635, 37.3893164 ], [ 126.6636625, 37.3893152 ], [ 126.6636613, 37.3893138 ], [ 126.6636604, 37.3893125 ], [ 126.6636593, 37.3893112 ], [ 126.6636582, 37.3893098 ], [ 126.6636571, 37.3893084 ], [ 126.6636559, 37.3893071 ], [ 126.6636548, 37.3893057 ], [ 126.6636536, 37.3893043 ], [ 126.6636522, 37.3893029 ], [ 126.6636512, 37.3893016 ], [ 126.6636501, 37.3893003 ], [ 126.6636489, 37.3892989 ], [ 126.6636477, 37.3892977 ], [ 126.6636464, 37.3892962 ], [ 126.6636452, 37.389295 ], [ 126.6636439, 37.3892937 ], [ 126.6636428, 37.3892924 ], [ 126.6636414, 37.3892909 ], [ 126.6636402, 37.3892894 ], [ 126.6636389, 37.389288 ], [ 126.6636376, 37.3892865 ], [ 126.6636362, 37.3892851 ], [ 126.6636351, 37.3892836 ], [ 126.6636339, 37.3892823 ], [ 126.6636325, 37.3892809 ], [ 126.6636315, 37.3892797 ], [ 126.66363, 37.3892779 ], [ 126.6636289, 37.3892765 ], [ 126.6636276, 37.389275 ], [ 126.6636261, 37.3892734 ], [ 126.6636251, 37.3892722 ], [ 126.6636237, 37.3892706 ], [ 126.6636224, 37.389269 ], [ 126.6636208, 37.3892675 ], [ 126.6636196, 37.389266 ], [ 126.6636182, 37.3892645 ], [ 126.6636167, 37.389263 ], [ 126.6636155, 37.3892616 ], [ 126.6636139, 37.3892599 ], [ 126.6636125, 37.3892583 ], [ 126.6636109, 37.3892566 ], [ 126.6636094, 37.3892552 ], [ 126.6636082, 37.3892538 ], [ 126.6636067, 37.3892522 ], [ 126.6636052, 37.3892507 ], [ 126.6636037, 37.3892493 ], [ 126.6636022, 37.3892477 ], [ 126.6636008, 37.3892462 ], [ 126.6635993, 37.3892447 ], [ 126.6635978, 37.3892432 ], [ 126.6635964, 37.3892418 ], [ 126.6635949, 37.3892403 ], [ 126.6635935, 37.3892388 ], [ 126.663592, 37.3892373 ], [ 126.6635906, 37.389236 ], [ 126.663589, 37.3892345 ], [ 126.6635876, 37.3892332 ], [ 126.6635859, 37.3892316 ], [ 126.6635845, 37.38923 ], [ 126.6635828, 37.3892284 ], [ 126.6635812, 37.3892269 ], [ 126.6635799, 37.3892254 ], [ 126.6635785, 37.3892239 ], [ 126.663577, 37.3892223 ], [ 126.6635756, 37.3892208 ], [ 126.6635743, 37.3892194 ] ] } },
{ "type": "Feature", "properties": { "Vehicle_ID": 58, "Vehicle_Class": 0, "Num_Points": 150, "Start_Time": "2022-10-07 17:52:13.500", "End_Time": "2022-10-07 17:52:18.471", "Start_Frame": 0, "End_Frame": 149, "Mean_Speed": 28.8, "Max_Speed": 34.9, "Vehicle_Length": 4.81, "Vehicle_Width": 2.2 }, "geometry": { "type": "LineString", "coordinates": [ [ 126.6625844, 37.3880533 ], [ 126.6625855, 37.3880546 ], [ 126.6625866, 37.3880559 ], [ 126.662588, 37.3880575 ], [ 126.6625894, 37.388059 ], [ 126.6625907, 37.3880605 ], [ 126.6625919, 37.3880619 ], [ 126.6625933, 37.3880633 ], [ 126.6625946, 37.3880647 ], [ 126.6625962, 37.388066 ], [ 126.6625973, 37.3880676 ], [ 126.6625985, 37.388069 ], [ 126.6626, 37.3880704 ], [ 126.6626014, 37.3880718 ], [ 126.6626028, 37.3880733 ], [ 126.6626041, 37.3880748 ], [ 126.6626055, 37.3880762 ], [ 126.662607, 37.3880776 ], [ 126.6626083, 37.3880789 ], [ 126.6626097, 37.3880804 ], [ 126.6626111, 37.3880818 ], [ 126.6626127, 37.3880834 ], [ 126.6626141, 37.3880848 ], [ 126.6626156, 37.3880863 ], [ 126.662617, 37.3880878 ], [ 126.6626186, 37.3880894 ], [ 126.66262, 37.3880908 ], [ 126.6626215, 37.3880923 ], [ 126.6626227, 37.3880938 ], [ 126.6626242, 37.3880953 ], [ 126.6626259, 37.3880969 ], [ 126.6626273, 37.3880984 ], [ 126.6626285, 37.3880995 ], [ 126.66263, 37.3881013 ], [ 126.6626317, 37.3881029 ], [ 126.6626332, 37.3881045 ], [ 126.6626347, 37.388106 ], [ 126.6626363, 37.3881077 ], [ 126.6626377, 37.3881092 ], [ 126.6626392, 37.3881107 ], [ 126.6626407, 37.3881124 ], [ 126.6626425, 37.3881138 ], [ 126.6626443, 37.3881152 ], [ 126.6626462, 37.388117 ], [ 126.6626478, 37.3881187 ], [ 126.6626494, 37.3881204 ], [ 126.6626508, 37.3881222 ], [ 126.6626527, 37.3881238 ], [ 126.6626538, 37.388125 ], [ 126.6626558, 37.3881272 ], [ 126.6626575, 37.3881285 ], [ 126.6626591, 37.3881304 ], [ 126.6626603, 37.3881317 ], [ 126.6626624, 37.3881336 ], [ 126.6626641, 37.3881352 ], [ 126.6626657, 37.3881368 ], [ 126.662667, 37.3881386 ], [ 126.6626686, 37.3881401 ], [ 126.6626707, 37.3881419 ], [ 126.6626721, 37.3881435 ], [ 126.6626734, 37.3881449 ], [ 126.6626752, 37.3881466 ], [ 126.6626768, 37.3881482 ], [ 126.6626784, 37.3881499 ], [ 126.66268, 37.3881512 ], [ 126.6626821, 37.3881536 ], [ 126.6626837, 37.3881552 ], [ 126.6626855, 37.388157 ], [ 126.6626876, 37.3881592 ], [ 126.6626896, 37.3881611 ], [ 126.6626914, 37.3881631 ], [ 126.662693, 37.3881646 ], [ 126.6626946, 37.3881663 ], [ 126.6626961, 37.3881679 ], [ 126.6626978, 37.3881697 ], [ 126.6627, 37.3881719 ], [ 126.662702, 37.3881738 ], [ 126.6627041, 37.388176 ], [ 126.662706, 37.3881781 ], [ 126.662708, 37.3881801 ], [ 126.6627098, 37.3881821 ], [ 126.6627118, 37.3881841 ], [ 126.6627137, 37.3881861 ], [ 126.6627157, 37.3881882 ], [ 126.6627176, 37.3881902 ], [ 126.6627197, 37.3881922 ], [ 126.6627216, 37.3881943 ], [ 126.6627236, 37.3881964 ], [ 126.6627256, 37.3881985 ], [ 126.6627277, 37.3882006 ], [ 126.6627299, 37.3882027 ], [ 126.6627319, 37.3882048 ], [ 126.6627338, 37.3882068 ], [ 126.6627358, 37.3882091 ], [ 126.6627379, 37.3882112 ], [ 126.66274, 37.3882134 ], [ 126.662742, 37.3882155 ], [ 126.6627442, 37.3882178 ], [ 126.6627463, 37.38822 ], [ 126.6627484, 37.3882222 ], [ 126.6627506, 37.3882244 ], [ 126.6627527, 37.3882266 ], [ 126.6627548, 37.3882289 ], [ 126.6627569, 37.388231 ], [ 126.6627588, 37.3882329 ], [ 126.6627612, 37.3882353 ], [ 126.6627635, 37.3882376 ], [ 126.6627656, 37.3882398 ], [ 126.6627677, 37.3882421 ], [ 126.66277, 37.3882443 ], [ 126.6627722, 37.3882465 ], [ 126.6627744, 37.3882488 ], [ 126.6627766, 37.3882511 ], [ 126.6627789, 37.3882535 ], [ 126.6627814, 37.3882558 ], [ 126.6627836, 37.3882581 ], [ 126.6627858, 37.3882604 ], [ 126.662788, 37.3882628 ], [ 126.6627903, 37.388265 ], [ 126.6627924, 37.3882675 ], [ 126.6627947, 37.3882698 ], [ 126.6627969, 37.3882721 ], [ 126.662799, 37.3882744 ], [ 126.6628011, 37.3882765 ], [ 126.6628034, 37.3882788 ], [ 126.6628055, 37.388281 ], [ 126.6628078, 37.3882834 ], [ 126.6628099, 37.3882856 ], [ 126.662812, 37.3882879 ], [ 126.6628142, 37.3882901 ], [ 126.6628164, 37.3882924 ], [ 126.6628189, 37.3882947 ], [ 126.6628212, 37.3882971 ], [ 126.6628233, 37.3882993 ], [ 126.6628257, 37.3883017 ], [ 126.6628279, 37.388304 ], [ 126.66283, 37.3883062 ], [ 126.6628322, 37.3883085 ], [ 126.6628345, 37.3883108 ], [ 126.6628366, 37.388313 ], [ 126.662839, 37.3883153 ], [ 126.6628412, 37.3883176 ], [ 126.6628435, 37.38832 ], [ 126.6628458, 37.3883223 ], [ 126.6628481, 37.3883247 ], [ 126.6628503, 37.3883269 ], [ 126.6628526, 37.3883291 ], [ 126.6628549, 37.3883314 ], [ 126.662857, 37.3883337 ], [ 126.6628593, 37.3883361 ] ] } },
{ "type": "Feature", "properties": { "Vehicle_ID": 59, "Vehicle_Class": 0, "Num_Points": 150, "Start_Time": "2022-10-07 17:52:13.500", "End_Time": "2022-10-07 17:52:18.471", "Start_Frame": 0, "End_Frame": 149, "Mean_Speed": 13.2, "Max_Speed": 16.7, "Vehicle_Length": 4.97, "Vehicle_Width": 2.23 }, "geometry": { "type": "LineString", "coordinates": [ [ 126.6631822, 37.3884829 ], [ 126.6631832, 37.388484 ], [ 126.663184, 37.388485 ], [ 126.663185, 37.3884862 ], [ 126.6631862, 37.3884874 ], [ 126.6631873, 37.3884886 ], [ 126.6631884, 37.3884897 ], [ 126.6631895, 37.388491 ], [ 126.6631905, 37.3884921 ], [ 126.6631918, 37.3884931 ], [ 126.6631927, 37.3884945 ], [ 126.6631938, 37.3884955 ], [ 126.6631948, 37.3884965 ], [ 126.6631958, 37.3884977 ], [ 126.6631968, 37.3884987 ], [ 126.6631978, 37.3884998 ], [ 126.6631988, 37.388501 ], [ 126.6631999, 37.388502 ], [ 126.663201, 37.3885032 ], [ 126.663202, 37.3885044 ], [ 126.6632031, 37.3885054 ], [ 126.6632041, 37.3885066 ], [ 126.6632051, 37.3885077 ], [ 126.6632062, 37.3885088 ], [ 126.6632071, 37.3885097 ], [ 126.6632082, 37.3885108 ], [ 126.6632092, 37.3885117 ], [ 126.6632102, 37.3885128 ], [ 126.6632111, 37.388514 ], [ 126.6632123, 37.3885151 ], [ 126.6632134, 37.3885162 ], [ 126.6632143, 37.3885173 ], [ 126.6632152, 37.3885182 ], [ 126.6632161, 37.3885192 ], [ 126.6632171, 37.3885202 ], [ 126.663218, 37.3885212 ], [ 126.6632189, 37.388522 ], [ 126.6632199, 37.3885232 ], [ 126.6632207, 37.3885241 ], [ 126.6632216, 37.3885251 ], [ 126.6632226, 37.3885262 ], [ 126.6632237, 37.388527 ], [ 126.6632247, 37.3885276 ], [ 126.6632261, 37.3885289 ], [ 126.663227, 37.3885299 ], [ 126.663228, 37.3885309 ], [ 126.6632288, 37.3885318 ], [ 126.6632296, 37.3885326 ], [ 126.6632302, 37.3885334 ], [ 126.6632312, 37.3885342 ], [ 126.6632322, 37.3885351 ], [ 126.663233, 37.3885364 ], [ 126.6632341, 37.388537 ], [ 126.6632348, 37.388538 ], [ 126.6632358, 37.388539 ], [ 126.6632368, 37.38854 ], [ 126.6632371, 37.3885408 ], [ 126.6632384, 37.3885417 ], [ 126.6632395, 37.3885428 ], [ 126.6632403, 37.3885435 ], [ 126.6632408, 37.3885442 ], [ 126.6632418, 37.3885453 ], [ 126.6632424, 37.3885463 ], [ 126.6632435, 37.3885471 ], [ 126.6632445, 37.3885477 ], [ 126.6632448, 37.3885485 ], [ 126.6632459, 37.3885496 ], [ 126.663247, 37.3885505 ], [ 126.6632477, 37.3885515 ], [ 126.6632485, 37.3885523 ], [ 126.6632495, 37.3885533 ], [ 126.6632504, 37.3885541 ], [ 126.6632513, 37.3885551 ], [ 126.6632521, 37.3885561 ], [ 126.6632529, 37.3885569 ], [ 126.6632538, 37.3885577 ], [ 126.6632546, 37.3885586 ], [ 126.6632554, 37.3885594 ], [ 126.6632561, 37.3885602 ], [ 126.663257, 37.3885611 ], [ 126.6632576, 37.388562 ], [ 126.6632587, 37.3885628 ], [ 126.6632595, 37.3885635 ], [ 126.6632603, 37.3885643 ], [ 126.6632609, 37.3885651 ], [ 126.6632617, 37.3885659 ], [ 126.6632625, 37.3885667 ], [ 126.6632632, 37.3885674 ], [ 126.663264, 37.3885683 ], [ 126.6632649, 37.3885692 ], [ 126.6632658, 37.3885701 ], [ 126.6632666, 37.3885709 ], [ 126.6632673, 37.3885716 ], [ 126.6632681, 37.3885724 ], [ 126.6632689, 37.3885732 ], [ 126.6632696, 37.388574 ], [ 126.6632704, 37.388575 ], [ 126.6632711, 37.3885758 ], [ 126.663272, 37.3885767 ], [ 126.6632728, 37.3885776 ], [ 126.6632736, 37.3885785 ], [ 126.6632743, 37.3885792 ], [ 126.6632752, 37.3885801 ], [ 126.663276, 37.3885809 ], [ 126.6632766, 37.3885815 ], [ 126.6632775, 37.3885825 ], [ 126.6632782, 37.3885831 ], [ 126.6632789, 37.3885838 ], [ 126.6632794, 37.3885845 ], [ 126.6632802, 37.3885852 ], [ 126.6632808, 37.3885857 ], [ 126.6632814, 37.3885863 ], [ 126.6632819, 37.3885869 ], [ 126.6632825, 37.3885877 ], [ 126.6632833, 37.3885883 ], [ 126.6632837, 37.3885888 ], [ 126.6632843, 37.3885892 ], [ 126.6632849, 37.3885899 ], [ 126.6632857, 37.3885906 ], [ 126.6632863, 37.3885912 ], [ 126.6632872, 37.388592 ], [ 126.6632881, 37.3885926 ], [ 126.6632885, 37.3885933 ], [ 126.6632889, 37.3885939 ], [ 126.6632894, 37.3885942 ], [ 126.6632901, 37.3885949 ], [ 126.6632908, 37.3885955 ], [ 126.6632911, 37.3885959 ], [ 126.6632917, 37.3885965 ], [ 126.6632925, 37.3885974 ], [ 126.6632933, 37.3885982 ], [ 126.6632942, 37.3885993 ], [ 126.663295, 37.3886003 ], [ 126.6632958, 37.3886011 ], [ 126.6632966, 37.388602 ], [ 126.6632973, 37.3886029 ], [ 126.6632981, 37.3886038 ], [ 126.663299, 37.3886045 ], [ 126.6632998, 37.3886054 ], [ 126.6633005, 37.3886062 ], [ 126.6633013, 37.388607 ], [ 126.6633018, 37.3886076 ], [ 126.6633024, 37.3886082 ], [ 126.6633031, 37.3886088 ], [ 126.6633037, 37.3886095 ], [ 126.6633043, 37.3886101 ], [ 126.6633049, 37.3886107 ], [ 126.6633056, 37.3886112 ], [ 126.6633062, 37.3886118 ], [ 126.6633068, 37.3886124 ] ] } },
{ "type": "Feature", "properties": { "Vehicle_ID": 60, "Vehicle_Class": 0, "Num_Points": 150, "Start_Time": "2022-10-07 17:52:13.500", "End_Time": "2022-10-07 17:52:18.471", "Start_Frame": 0, "End_Frame": 149, "Mean_Speed": 33.9, "Max_Speed": 40.4, "Vehicle_Length": 5.24, "Vehicle_Width": 2.26 }, "geometry": { "type": "LineString", "coordinates": [ [ 126.6634669, 37.3891046 ], [ 126.6634654, 37.3891032 ], [ 126.663464, 37.3891017 ], [ 126.6634621, 37.3890997 ], [ 126.6634602, 37.3890978 ], [ 126.663458, 37.3890955 ], [ 126.663456, 37.3890936 ], [ 126.6634542, 37.3890918 ], [ 126.6634519, 37.3890895 ], [ 126.66345, 37.3890874 ], [ 126.663448, 37.3890857 ], [ 126.6634458, 37.3890835 ], [ 126.663444, 37.3890815 ], [ 126.6634422, 37.3890798 ], [ 126.6634402, 37.3890779 ], [ 126.6634381, 37.389076 ], [ 126.6634363, 37.3890741 ], [ 126.6634346, 37.3890724 ], [ 126.6634327, 37.3890705 ], [ 126.6634309, 37.3890687 ], [ 126.6634291, 37.3890669 ], [ 126.6634272, 37.389065 ], [ 126.6634254, 37.3890632 ], [ 126.6634235, 37.3890613 ], [ 126.6634219, 37.3890597 ], [ 126.6634201, 37.3890578 ], [ 126.6634183, 37.3890559 ], [ 126.6634164, 37.3890542 ], [ 126.6634143, 37.3890522 ], [ 126.6634125, 37.3890504 ], [ 126.6634108, 37.3890488 ], [ 126.6634092, 37.389047 ], [ 126.6634072, 37.3890449 ], [ 126.6634053, 37.389043 ], [ 126.6634035, 37.3890413 ], [ 126.6634014, 37.3890392 ], [ 126.6633996, 37.3890373 ], [ 126.6633979, 37.3890357 ], [ 126.6633959, 37.3890336 ], [ 126.663394, 37.3890317 ], [ 126.6633922, 37.38903 ], [ 126.6633908, 37.3890282 ], [ 126.6633885, 37.3890258 ], [ 126.6633871, 37.3890242 ], [ 126.6633854, 37.3890225 ], [ 126.6633835, 37.3890206 ], [ 126.6633816, 37.3890187 ], [ 126.6633797, 37.389017 ], [ 126.6633777, 37.3890153 ], [ 126.6633756, 37.3890129 ], [ 126.6633736, 37.3890112 ], [ 126.663372, 37.3890097 ], [ 126.6633704, 37.3890076 ], [ 126.6633683, 37.3890055 ], [ 126.6633665, 37.3890038 ], [ 126.6633647, 37.3890019 ], [ 126.6633622, 37.3889997 ], [ 126.6633607, 37.3889979 ], [ 126.6633588, 37.3889959 ], [ 126.6633568, 37.3889935 ], [ 126.6633546, 37.3889916 ], [ 126.663353, 37.3889899 ], [ 126.6633504, 37.3889877 ], [ 126.6633486, 37.3889858 ], [ 126.663347, 37.3889839 ], [ 126.6633445, 37.3889812 ], [ 126.6633426, 37.3889795 ], [ 126.6633409, 37.3889778 ], [ 126.6633385, 37.3889753 ], [ 126.6633364, 37.3889731 ], [ 126.6633346, 37.3889713 ], [ 126.6633324, 37.3889689 ], [ 126.6633302, 37.3889667 ], [ 126.6633281, 37.3889647 ], [ 126.6633258, 37.3889623 ], [ 126.6633236, 37.3889601 ], [ 126.6633216, 37.3889579 ], [ 126.6633195, 37.3889556 ], [ 126.6633173, 37.3889535 ], [ 126.6633151, 37.3889513 ], [ 126.6633128, 37.3889489 ], [ 126.6633108, 37.3889469 ], [ 126.6633085, 37.3889444 ], [ 126.6633065, 37.3889422 ], [ 126.6633042, 37.38894 ], [ 126.6633019, 37.3889376 ], [ 126.6632995, 37.3889352 ], [ 126.6632972, 37.3889328 ], [ 126.6632949, 37.3889304 ], [ 126.6632928, 37.3889281 ], [ 126.6632905, 37.3889257 ], [ 126.6632883, 37.3889232 ], [ 126.6632859, 37.3889209 ], [ 126.6632837, 37.3889184 ], [ 126.6632814, 37.388916 ], [ 126.6632792, 37.3889137 ], [ 126.6632769, 37.3889113 ], [ 126.6632745, 37.3889089 ], [ 126.6632722, 37.3889064 ], [ 126.66327, 37.3889041 ], [ 126.6632679, 37.3889018 ], [ 126.6632654, 37.3888991 ], [ 126.6632629, 37.3888964 ], [ 126.6632602, 37.3888937 ], [ 126.6632579, 37.3888911 ], [ 126.6632557, 37.3888889 ], [ 126.6632531, 37.3888862 ], [ 126.6632506, 37.3888837 ], [ 126.6632482, 37.3888811 ], [ 126.6632458, 37.3888786 ], [ 126.6632434, 37.3888759 ], [ 126.6632406, 37.3888728 ], [ 126.6632381, 37.3888703 ], [ 126.6632357, 37.3888678 ], [ 126.6632336, 37.3888655 ], [ 126.6632312, 37.3888629 ], [ 126.6632287, 37.38886 ], [ 126.6632262, 37.3888575 ], [ 126.6632237, 37.3888548 ], [ 126.6632214, 37.3888525 ], [ 126.6632194, 37.3888504 ], [ 126.6632172, 37.388848 ], [ 126.6632144, 37.3888452 ], [ 126.6632112, 37.3888419 ], [ 126.6632083, 37.3888388 ], [ 126.6632053, 37.3888358 ], [ 126.6632028, 37.3888331 ], [ 126.6632006, 37.3888306 ], [ 126.6631983, 37.3888282 ], [ 126.663196, 37.3888257 ], [ 126.6631931, 37.3888226 ], [ 126.6631906, 37.3888199 ], [ 126.6631877, 37.3888169 ], [ 126.6631851, 37.388814 ], [ 126.6631826, 37.3888113 ], [ 126.6631799, 37.3888086 ], [ 126.6631768, 37.3888055 ], [ 126.6631744, 37.3888029 ], [ 126.6631721, 37.3888006 ], [ 126.6631695, 37.3887979 ], [ 126.6631671, 37.3887954 ], [ 126.6631644, 37.3887927 ], [ 126.6631619, 37.3887898 ], [ 126.6631594, 37.388787 ], [ 126.663157, 37.3887843 ], [ 126.6631547, 37.3887819 ], [ 126.6631521, 37.3887793 ], [ 126.6631494, 37.3887766 ], [ 126.663147, 37.388774 ], [ 126.6631443, 37.3887712 ] ] } },
{ "type": "Feature", "properties": { "Vehicle_ID": 61, "Vehicle_Class": 0, "Num_Points": 150, "Start_Time": "2022-10-07 17:52:13.500", "End_Time": "2022-10-07 17:52:18.471", "Start_Frame": 0, "End_Frame": 149, "Mean_Speed": 9.4, "Max_Speed": 13.9, "Vehicle_Length": 5.06, "Vehicle_Width": 2.32 }, "geometry": { "type": "LineString", "coordinates": [ [ 126.6632441, 37.3886387 ], [ 126.6632442, 37.388639 ], [ 126.6632443, 37.3886393 ], [ 126.6632446, 37.3886397 ], [ 126.663245, 37.3886402 ], [ 126.6632454, 37.3886406 ], [ 126.6632457, 37.3886409 ], [ 126.6632461, 37.3886413 ], [ 126.6632465, 37.3886415 ], [ 126.6632468, 37.3886418 ], [ 126.6632471, 37.3886423 ], [ 126.6632474, 37.3886428 ], [ 126.6632479, 37.3886432 ], [ 126.6632483, 37.3886437 ], [ 126.6632486, 37.388644 ], [ 126.663249, 37.3886444 ], [ 126.6632493, 37.3886446 ], [ 126.6632496, 37.3886448 ], [ 126.6632499, 37.3886451 ], [ 126.6632501, 37.3886454 ], [ 126.6632505, 37.3886456 ], [ 126.6632508, 37.388646 ], [ 126.6632511, 37.3886463 ], [ 126.6632515, 37.3886465 ], [ 126.6632518, 37.3886468 ], [ 126.6632521, 37.3886471 ], [ 126.6632523, 37.3886473 ], [ 126.6632526, 37.3886476 ], [ 126.6632528, 37.388648 ], [ 126.6632532, 37.3886484 ], [ 126.6632537, 37.3886489 ], [ 126.663254, 37.3886492 ], [ 126.6632544, 37.3886495 ], [ 126.6632549, 37.38865 ], [ 126.6632552, 37.3886504 ], [ 126.6632556, 37.3886507 ], [ 126.6632559, 37.388651 ], [ 126.6632563, 37.3886514 ], [ 126.6632567, 37.3886518 ], [ 126.6632571, 37.3886521 ], [ 126.6632575, 37.3886525 ], [ 126.6632583, 37.3886527 ], [ 126.6632585, 37.3886526 ], [ 126.6632594, 37.3886531 ], [ 126.6632596, 37.3886533 ], [ 126.6632601, 37.3886537 ], [ 126.6632605, 37.3886541 ], [ 126.6632611, 37.3886544 ], [ 126.6632614, 37.3886547 ], [ 126.663262, 37.388655 ], [ 126.6632628, 37.3886556 ], [ 126.6632634, 37.3886561 ], [ 126.6632641, 37.3886563 ], [ 126.6632645, 37.3886567 ], [ 126.6632652, 37.3886571 ], [ 126.663266, 37.3886576 ], [ 126.6632658, 37.3886577 ], [ 126.6632667, 37.388658 ], [ 126.6632674, 37.3886583 ], [ 126.6632677, 37.3886584 ], [ 126.663268, 37.3886586 ], [ 126.6632689, 37.3886591 ], [ 126.6632691, 37.3886595 ], [ 126.6632697, 37.3886598 ], [ 126.6632707, 37.3886601 ], [ 126.6632711, 37.3886605 ], [ 126.6632719, 37.3886611 ], [ 126.6632728, 37.3886617 ], [ 126.6632734, 37.388662 ], [ 126.663274, 37.3886624 ], [ 126.6632747, 37.388663 ], [ 126.6632754, 37.3886632 ], [ 126.6632761, 37.3886636 ], [ 126.6632769, 37.388664 ], [ 126.6632777, 37.3886644 ], [ 126.6632783, 37.3886648 ], [ 126.6632792, 37.3886653 ], [ 126.66328, 37.3886656 ], [ 126.6632809, 37.3886661 ], [ 126.6632819, 37.3886667 ], [ 126.6632826, 37.3886672 ], [ 126.6632836, 37.3886676 ], [ 126.6632845, 37.388668 ], [ 126.6632855, 37.3886685 ], [ 126.6632862, 37.3886689 ], [ 126.6632869, 37.3886693 ], [ 126.6632878, 37.3886698 ], [ 126.6632886, 37.3886703 ], [ 126.6632894, 37.3886707 ], [ 126.6632904, 37.3886713 ], [ 126.6632913, 37.3886717 ], [ 126.6632921, 37.3886722 ], [ 126.663293, 37.3886728 ], [ 126.6632941, 37.3886733 ], [ 126.6632951, 37.3886738 ], [ 126.6632961, 37.3886744 ], [ 126.6632971, 37.3886751 ], [ 126.6632979, 37.3886755 ], [ 126.6632989, 37.3886761 ], [ 126.6633, 37.3886765 ], [ 126.6633012, 37.3886771 ], [ 126.6633022, 37.3886776 ], [ 126.6633034, 37.3886782 ], [ 126.6633045, 37.3886787 ], [ 126.6633054, 37.3886792 ], [ 126.6633065, 37.38868 ], [ 126.6633077, 37.3886806 ], [ 126.6633088, 37.3886813 ], [ 126.6633099, 37.388682 ], [ 126.6633112, 37.3886828 ], [ 126.663312, 37.3886831 ], [ 126.663313, 37.3886835 ], [ 126.6633142, 37.3886842 ], [ 126.6633155, 37.3886851 ], [ 126.6633168, 37.3886858 ], [ 126.6633179, 37.3886864 ], [ 126.6633189, 37.3886871 ], [ 126.66332, 37.3886878 ], [ 126.663321, 37.3886883 ], [ 126.6633221, 37.3886892 ], [ 126.6633236, 37.3886902 ], [ 126.6633251, 37.388691 ], [ 126.663326, 37.3886917 ], [ 126.6633274, 37.3886924 ], [ 126.6633284, 37.3886931 ], [ 126.6633294, 37.3886938 ], [ 126.6633306, 37.3886947 ], [ 126.6633317, 37.3886957 ], [ 126.663333, 37.3886964 ], [ 126.6633338, 37.3886973 ], [ 126.663335, 37.3886981 ], [ 126.663336, 37.3886989 ], [ 126.663337, 37.3886996 ], [ 126.663338, 37.3887004 ], [ 126.6633392, 37.3887013 ], [ 126.6633403, 37.3887021 ], [ 126.6633412, 37.3887029 ], [ 126.6633425, 37.3887038 ], [ 126.6633435, 37.3887047 ], [ 126.6633443, 37.3887054 ], [ 126.6633455, 37.3887064 ], [ 126.6633465, 37.3887072 ], [ 126.6633473, 37.3887078 ], [ 126.6633479, 37.3887085 ], [ 126.6633488, 37.3887093 ], [ 126.6633498, 37.3887102 ], [ 126.6633507, 37.388711 ], [ 126.6633518, 37.3887119 ], [ 126.6633528, 37.3887128 ], [ 126.6633537, 37.3887137 ] ] } },
{ "type": "Feature", "properties": { "Vehicle_ID": 62, "Vehicle_Class": 0, "Num_Points": 150, "Start_Time": "2022-10-07 17:52:13.500", "End_Time": "2022-10-07 17:52:18.471", "Start_Frame": 0, "End_Frame": 149, "Mean_Speed": 23.4, "Max_Speed": 30.4, "Vehicle_Length": 5.33, "Vehicle_Width": 2.28 }, "geometry": { "type": "LineString", "coordinates": [ [ 126.6625671, 37.3879917 ], [ 126.6625679, 37.3879924 ], [ 126.6625687, 37.3879934 ], [ 126.6625695, 37.3879945 ], [ 126.6625704, 37.3879954 ], [ 126.6625713, 37.3879965 ], [ 126.6625721, 37.3879974 ], [ 126.6625728, 37.3879983 ], [ 126.6625735, 37.3879991 ], [ 126.6625745, 37.3879999 ], [ 126.662575, 37.3880008 ], [ 126.6625758, 37.3880017 ], [ 126.6625766, 37.3880026 ], [ 126.6625776, 37.3880036 ], [ 126.6625784, 37.3880045 ], [ 126.6625792, 37.3880055 ], [ 126.6625802, 37.3880066 ], [ 126.662581, 37.3880075 ], [ 126.662582, 37.3880085 ], [ 126.6625829, 37.3880096 ], [ 126.6625839, 37.3880106 ], [ 126.6625848, 37.3880116 ], [ 126.6625857, 37.3880125 ], [ 126.6625867, 37.3880135 ], [ 126.6625877, 37.3880145 ], [ 126.6625889, 37.3880158 ], [ 126.66259, 37.3880169 ], [ 126.6625911, 37.3880181 ], [ 126.6625922, 37.3880193 ], [ 126.6625932, 37.3880202 ], [ 126.6625942, 37.3880212 ], [ 126.6625954, 37.3880225 ], [ 126.6625962, 37.3880233 ], [ 126.6625973, 37.3880246 ], [ 126.6625985, 37.3880259 ], [ 126.6625995, 37.3880271 ], [ 126.6626008, 37.3880285 ], [ 126.6626021, 37.38803 ], [ 126.6626032, 37.3880312 ], [ 126.6626046, 37.3880327 ], [ 126.6626056, 37.3880339 ], [ 126.6626072, 37.388035 ], [ 126.6626086, 37.3880361 ], [ 126.6626101, 37.3880376 ], [ 126.6626114, 37.3880389 ], [ 126.6626126, 37.3880402 ], [ 126.6626135, 37.3880416 ], [ 126.6626151, 37.3880431 ], [ 126.6626156, 37.3880437 ], [ 126.6626172, 37.3880455 ], [ 126.6626185, 37.3880463 ], [ 126.6626199, 37.3880483 ], [ 126.662621, 37.3880493 ], [ 126.6626225, 37.388051 ], [ 126.6626238, 37.3880523 ], [ 126.6626251, 37.3880535 ], [ 126.6626262, 37.3880551 ], [ 126.6626271, 37.388056 ], [ 126.6626288, 37.3880576 ], [ 126.6626299, 37.388059 ], [ 126.6626311, 37.3880602 ], [ 126.6626327, 37.3880618 ], [ 126.6626339, 37.3880633 ], [ 126.6626351, 37.3880648 ], [ 126.6626365, 37.3880658 ], [ 126.662638, 37.3880678 ], [ 126.6626393, 37.388069 ], [ 126.6626406, 37.3880705 ], [ 126.6626423, 37.3880723 ], [ 126.6626438, 37.3880738 ], [ 126.6626454, 37.3880755 ], [ 126.6626468, 37.3880768 ], [ 126.6626482, 37.3880783 ], [ 126.6626497, 37.3880797 ], [ 126.6626511, 37.3880812 ], [ 126.6626525, 37.3880826 ], [ 126.6626541, 37.3880842 ], [ 126.6626559, 37.3880859 ], [ 126.6626573, 37.3880874 ], [ 126.662659, 37.3880891 ], [ 126.6626606, 37.3880909 ], [ 126.6626624, 37.3880926 ], [ 126.662664, 37.3880943 ], [ 126.6626655, 37.388096 ], [ 126.6626671, 37.3880977 ], [ 126.6626689, 37.3880995 ], [ 126.6626705, 37.3881013 ], [ 126.6626722, 37.3881031 ], [ 126.6626738, 37.3881047 ], [ 126.6626755, 37.3881065 ], [ 126.6626771, 37.3881081 ], [ 126.6626787, 37.3881098 ], [ 126.6626805, 37.3881115 ], [ 126.6626823, 37.3881134 ], [ 126.6626838, 37.3881149 ], [ 126.6626855, 37.3881167 ], [ 126.6626872, 37.3881185 ], [ 126.6626889, 37.3881203 ], [ 126.6626906, 37.3881221 ], [ 126.6626924, 37.3881241 ], [ 126.6626945, 37.3881261 ], [ 126.6626962, 37.388128 ], [ 126.6626981, 37.3881301 ], [ 126.6627, 37.3881319 ], [ 126.6627016, 37.3881335 ], [ 126.6627035, 37.3881354 ], [ 126.6627052, 37.3881372 ], [ 126.662707, 37.3881389 ], [ 126.6627087, 37.3881408 ], [ 126.6627107, 37.3881429 ], [ 126.6627129, 37.388145 ], [ 126.6627148, 37.388147 ], [ 126.6627167, 37.388149 ], [ 126.6627187, 37.3881509 ], [ 126.6627207, 37.3881528 ], [ 126.6627225, 37.3881548 ], [ 126.6627244, 37.3881568 ], [ 126.6627263, 37.3881589 ], [ 126.6627282, 37.3881608 ], [ 126.66273, 37.3881628 ], [ 126.6627321, 37.388165 ], [ 126.6627339, 37.3881669 ], [ 126.6627356, 37.3881689 ], [ 126.6627374, 37.3881707 ], [ 126.6627392, 37.3881726 ], [ 126.6627411, 37.3881745 ], [ 126.6627432, 37.3881767 ], [ 126.6627449, 37.3881786 ], [ 126.6627467, 37.3881806 ], [ 126.6627486, 37.3881827 ], [ 126.6627505, 37.3881846 ], [ 126.6627524, 37.3881866 ], [ 126.6627543, 37.3881886 ], [ 126.6627564, 37.3881907 ], [ 126.6627584, 37.3881926 ], [ 126.6627602, 37.3881946 ], [ 126.6627621, 37.3881965 ], [ 126.662764, 37.3881984 ], [ 126.6627661, 37.3882006 ], [ 126.6627678, 37.3882024 ], [ 126.6627699, 37.3882044 ], [ 126.6627719, 37.3882065 ], [ 126.6627739, 37.3882086 ], [ 126.6627758, 37.3882105 ], [ 126.6627777, 37.3882125 ], [ 126.6627796, 37.3882145 ], [ 126.6627817, 37.3882166 ], [ 126.6627836, 37.3882185 ], [ 126.6627857, 37.3882205 ], [ 126.6627878, 37.3882227 ] ] } },
{ "type": "Feature", "properties": { "Vehicle_ID": 63, "Vehicle_Class": 0, "Num_Points": 150, "Start_Time": "2022-10-07 17:52:13.500", "End_Time": "2022-10-07 17:52:18.471", "Start_Frame": 0, "End_Frame": 149, "Mean_Speed": 1.3, "Max_Speed": 2.5, "Vehicle_Length": 4.82, "Vehicle_Width": 2.21 }, "geometry": { "type": "LineString", "coordinates": [ [ 126.663414, 37.3888179 ], [ 126.6634139, 37.3888178 ], [ 126.6634138, 37.3888178 ], [ 126.6634137, 37.3888178 ], [ 126.6634137, 37.3888178 ], [ 126.6634136, 37.3888177 ], [ 126.6634135, 37.3888177 ], [ 126.6634135, 37.3888177 ], [ 126.6634134, 37.3888176 ], [ 126.6634135, 37.3888175 ], [ 126.6634134, 37.3888176 ], [ 126.6634133, 37.3888176 ], [ 126.6634133, 37.3888176 ], [ 126.6634133, 37.3888176 ], [ 126.6634132, 37.3888175 ], [ 126.6634132, 37.3888176 ], [ 126.6634133, 37.3888176 ], [ 126.6634133, 37.3888176 ], [ 126.6634134, 37.3888177 ], [ 126.6634133, 37.3888176 ], [ 126.6634132, 37.3888176 ], [ 126.6634132, 37.3888176 ], [ 126.6634132, 37.3888176 ], [ 126.6634132, 37.3888176 ], [ 126.6634132, 37.3888176 ], [ 126.6634132, 37.3888176 ], [ 126.6634132, 37.3888175 ], [ 126.6634133, 37.3888176 ], [ 126.6634133, 37.3888176 ], [ 126.6634133, 37.3888176 ], [ 126.6634134, 37.3888177 ], [ 126.6634133, 37.3888176 ], [ 126.6634133, 37.3888175 ], [ 126.6634132, 37.3888175 ], [ 126.6634132, 37.3888175 ], [ 126.6634132, 37.3888175 ], [ 126.6634132, 37.3888175 ], [ 126.6634133, 37.3888176 ], [ 126.6634132, 37.3888175 ], [ 126.6634131, 37.3888175 ], [ 126.6634132, 37.3888177 ], [ 126.6634135, 37.3888175 ], [ 126.6634134, 37.3888171 ], [ 126.6634139, 37.3888174 ], [ 126.6634138, 37.3888174 ], [ 126.6634139, 37.3888174 ], [ 126.6634139, 37.3888175 ], [ 126.6634139, 37.3888174 ], [ 126.6634136, 37.3888174 ], [ 126.6634136, 37.3888171 ], [ 126.6634137, 37.3888174 ], [ 126.6634137, 37.3888176 ], [ 126.663414, 37.3888175 ], [ 126.6634138, 37.3888175 ], [ 126.6634139, 37.3888175 ], [ 126.6634141, 37.3888177 ], [ 126.6634134, 37.3888174 ], [ 126.6634139, 37.3888175 ], [ 126.6634139, 37.3888176 ], [ 126.663414, 37.3888173 ], [ 126.6634136, 37.3888172 ], [ 126.6634139, 37.3888174 ], [ 126.6634136, 37.3888175 ], [ 126.663414, 37.3888175 ], [ 126.6634143, 37.3888174 ], [ 126.6634138, 37.388817 ], [ 126.663414, 37.3888173 ], [ 126.6634142, 37.3888175 ], [ 126.6634141, 37.3888173 ], [ 126.6634141, 37.3888172 ], [ 126.6634141, 37.3888173 ], [ 126.6634141, 37.3888172 ], [ 126.6634141, 37.3888172 ], [ 126.663414, 37.3888172 ], [ 126.6634139, 37.3888172 ], [ 126.663414, 37.3888172 ], [ 126.663414, 37.3888173 ], [ 126.6634141, 37.3888174 ], [ 126.6634141, 37.3888175 ], [ 126.6634142, 37.3888176 ], [ 126.6634143, 37.3888176 ], [ 126.6634144, 37.3888176 ], [ 126.6634144, 37.3888175 ], [ 126.6634144, 37.3888175 ], [ 126.6634143, 37.3888174 ], [ 126.6634142, 37.3888174 ], [ 126.6634141, 37.3888175 ], [ 126.663414, 37.3888174 ], [ 126.663414, 37.3888174 ], [ 126.663414, 37.3888175 ], [ 126.663414, 37.3888176 ], [ 126.6634139, 37.3888176 ], [ 126.6634139, 37.3888176 ], [ 126.663414, 37.3888177 ], [ 126.6634141, 37.3888178 ], [ 126.6634141, 37.3888177 ], [ 126.6634142, 37.3888178 ], [ 126.6634141, 37.3888177 ], [ 126.6634141, 37.3888178 ], [ 126.6634141, 37.3888178 ], [ 126.6634143, 37.3888179 ], [ 126.6634141, 37.3888178 ], [ 126.6634142, 37.3888178 ], [ 126.6634141, 37.3888177 ], [ 126.663414, 37.3888176 ], [ 126.6634141, 37.3888177 ], [ 126.6634142, 37.3888177 ], [ 126.6634141, 37.3888177 ], [ 126.663414, 37.3888177 ], [ 126.6634142, 37.3888178 ], [ 126.6634141, 37.3888177 ], [ 126.6634141, 37.3888177 ], [ 126.6634141, 37.3888177 ], [ 126.6634141, 37.3888177 ], [ 126.6634144, 37.3888178 ], [ 126.6634143, 37.3888177 ], [ 126.6634142, 37.3888175 ], [ 126.6634141, 37.3888176 ], [ 126.6634142, 37.3888176 ], [ 126.6634141, 37.3888177 ], [ 126.6634141, 37.3888177 ], [ 126.6634142, 37.3888178 ], [ 126.6634141, 37.3888177 ], [ 126.6634141, 37.3888177 ], [ 126.6634141, 37.3888177 ], [ 126.6634141, 37.3888177 ], [ 126.6634142, 37.3888178 ], [ 126.6634141, 37.3888177 ], [ 126.6634141, 37.3888176 ], [ 126.663414, 37.3888177 ], [ 126.6634141, 37.3888176 ], [ 126.6634141, 37.3888177 ], [ 126.6634141, 37.3888176 ], [ 126.6634141, 37.3888177 ], [ 126.6634141, 37.3888176 ], [ 126.663414, 37.3888176 ], [ 126.663414, 37.3888176 ], [ 126.663414, 37.3888176 ], [ 126.663414, 37.3888176 ], [ 126.663414, 37.3888176 ], [ 126.6634141, 37.3888177 ], [ 126.663414, 37.3888176 ], [ 126.663414, 37.3888176 ], [ 126.6634139, 37.3888175 ], [ 126.6634139, 37.3888175 ], [ 126.6634139, 37.3888175 ], [ 126.663414, 37.3888175 ], [ 126.6634139, 37.3888174 ], [ 126.663414, 37.3888175 ], [ 126.663414, 37.3888175 ] ] } },
{ "type": "Feature", "properties": { "Vehicle_ID": 64, "Vehicle_Class": 0, "Num_Points": 150, "Start_Time": "2022-10-07 17:52:13.500", "End_Time": "2022-10-07 17:52:18.471", "Start_Frame": 0, "End_Frame": 149, "Mean_Speed": 39.9, "Max_Speed": 41.4, "Vehicle_Length": 5.07, "Vehicle_Width": 2.27 }, "geometry": { "type": "LineString", "coordinates": [ [ 126.6630198, 37.3886403 ], [ 126.6630177, 37.3886382 ], [ 126.6630153, 37.3886357 ], [ 126.6630126, 37.3886333 ], [ 126.6630102, 37.3886309 ], [ 126.6630074, 37.3886283 ], [ 126.6630048, 37.3886259 ], [ 126.6630023, 37.3886233 ], [ 126.6629997, 37.3886206 ], [ 126.6629973, 37.388618 ], [ 126.6629943, 37.3886155 ], [ 126.6629917, 37.388613 ], [ 126.6629893, 37.3886107 ], [ 126.6629868, 37.3886082 ], [ 126.6629841, 37.3886055 ], [ 126.6629816, 37.3886029 ], [ 126.6629792, 37.3886005 ], [ 126.6629767, 37.3885981 ], [ 126.6629742, 37.3885956 ], [ 126.6629716, 37.3885932 ], [ 126.6629689, 37.3885905 ], [ 126.6629663, 37.388588 ], [ 126.6629638, 37.3885856 ], [ 126.6629613, 37.3885829 ], [ 126.6629589, 37.3885806 ], [ 126.6629564, 37.3885782 ], [ 126.6629538, 37.3885757 ], [ 126.6629513, 37.3885733 ], [ 126.6629486, 37.3885707 ], [ 126.662946, 37.3885681 ], [ 126.6629434, 37.3885656 ], [ 126.6629407, 37.3885629 ], [ 126.6629379, 37.3885601 ], [ 126.6629354, 37.3885574 ], [ 126.6629329, 37.3885548 ], [ 126.6629303, 37.3885522 ], [ 126.6629278, 37.3885497 ], [ 126.6629256, 37.3885474 ], [ 126.6629231, 37.3885449 ], [ 126.6629204, 37.3885424 ], [ 126.6629177, 37.3885399 ], [ 126.6629153, 37.388537 ], [ 126.6629129, 37.3885343 ], [ 126.6629109, 37.3885319 ], [ 126.6629083, 37.3885294 ], [ 126.6629056, 37.3885268 ], [ 126.6629029, 37.3885242 ], [ 126.6629004, 37.3885215 ], [ 126.6628977, 37.3885189 ], [ 126.6628953, 37.3885165 ], [ 126.6628928, 37.3885138 ], [ 126.6628902, 37.3885114 ], [ 126.6628876, 37.3885087 ], [ 126.6628854, 37.3885062 ], [ 126.662883, 37.3885037 ], [ 126.6628807, 37.3885012 ], [ 126.6628776, 37.3884985 ], [ 126.6628751, 37.3884958 ], [ 126.6628731, 37.3884934 ], [ 126.6628703, 37.3884907 ], [ 126.662868, 37.3884883 ], [ 126.662866, 37.3884862 ], [ 126.6628632, 37.3884835 ], [ 126.6628607, 37.3884806 ], [ 126.6628579, 37.3884771 ], [ 126.662855, 37.3884738 ], [ 126.6628526, 37.3884713 ], [ 126.6628505, 37.3884693 ], [ 126.662848, 37.3884666 ], [ 126.6628455, 37.3884639 ], [ 126.662843, 37.3884613 ], [ 126.6628402, 37.3884583 ], [ 126.6628375, 37.388455 ], [ 126.6628349, 37.3884518 ], [ 126.6628326, 37.3884493 ], [ 126.6628304, 37.3884471 ], [ 126.6628282, 37.3884444 ], [ 126.6628256, 37.3884417 ], [ 126.6628228, 37.388439 ], [ 126.6628204, 37.3884364 ], [ 126.6628177, 37.3884335 ], [ 126.6628158, 37.3884314 ], [ 126.6628139, 37.388429 ], [ 126.6628119, 37.388427 ], [ 126.6628092, 37.3884244 ], [ 126.6628063, 37.3884215 ], [ 126.6628033, 37.3884184 ], [ 126.6628006, 37.3884156 ], [ 126.662798, 37.3884129 ], [ 126.662796, 37.388411 ], [ 126.6627936, 37.3884087 ], [ 126.6627909, 37.3884058 ], [ 126.6627883, 37.3884032 ], [ 126.6627854, 37.3884005 ], [ 126.6627829, 37.3883979 ], [ 126.6627802, 37.3883953 ], [ 126.6627774, 37.3883925 ], [ 126.6627747, 37.3883899 ], [ 126.662772, 37.3883872 ], [ 126.6627693, 37.3883845 ], [ 126.6627667, 37.3883819 ], [ 126.6627641, 37.3883793 ], [ 126.6627612, 37.3883764 ], [ 126.6627587, 37.3883736 ], [ 126.6627561, 37.3883709 ], [ 126.6627539, 37.3883684 ], [ 126.6627516, 37.388366 ], [ 126.6627491, 37.3883634 ], [ 126.6627465, 37.3883606 ], [ 126.6627439, 37.3883581 ], [ 126.6627414, 37.3883552 ], [ 126.6627388, 37.3883525 ], [ 126.6627361, 37.3883498 ], [ 126.6627334, 37.388347 ], [ 126.6627309, 37.3883442 ], [ 126.6627283, 37.3883415 ], [ 126.6627258, 37.3883388 ], [ 126.6627231, 37.3883361 ], [ 126.6627205, 37.3883331 ], [ 126.6627177, 37.3883304 ], [ 126.6627152, 37.3883276 ], [ 126.6627128, 37.3883251 ], [ 126.6627101, 37.3883224 ], [ 126.6627075, 37.3883197 ], [ 126.6627046, 37.3883171 ], [ 126.6627019, 37.3883144 ], [ 126.6626993, 37.3883117 ], [ 126.6626967, 37.3883088 ], [ 126.6626941, 37.3883061 ], [ 126.6626916, 37.3883033 ], [ 126.662689, 37.3883005 ], [ 126.6626863, 37.3882975 ], [ 126.6626836, 37.3882949 ], [ 126.662681, 37.3882922 ], [ 126.6626784, 37.3882893 ], [ 126.6626754, 37.3882863 ], [ 126.6626727, 37.3882835 ], [ 126.6626702, 37.3882808 ], [ 126.6626678, 37.3882784 ], [ 126.6626648, 37.3882755 ], [ 126.6626618, 37.3882724 ], [ 126.662659, 37.3882697 ], [ 126.6626565, 37.3882672 ], [ 126.6626539, 37.3882645 ], [ 126.6626512, 37.3882617 ], [ 126.6626486, 37.3882593 ], [ 126.6626463, 37.388257 ], [ 126.6626438, 37.3882544 ], [ 126.6626408, 37.3882515 ], [ 126.6626379, 37.3882487 ] ] } },
{ "type": "Feature", "properties": { "Vehicle_ID": 65, "Vehicle_Class": 1, "Num_Points": 150, "Start_Time": "2022-10-07 17:52:13.500", "End_Time": "2022-10-07 17:52:18.471", "Start_Frame": 0, "End_Frame": 149, "Mean_Speed": 30.5, "Max_Speed": 34.0, "Vehicle_Length": 11.54, "Vehicle_Width": 2.97 }, "geometry": { "type": "LineString", "coordinates": [ [ 126.6632603, 37.3890801 ], [ 126.6632586, 37.3890785 ], [ 126.6632569, 37.3890768 ], [ 126.6632548, 37.3890747 ], [ 126.6632529, 37.3890727 ], [ 126.663251, 37.3890708 ], [ 126.6632492, 37.389069 ], [ 126.6632475, 37.3890673 ], [ 126.6632456, 37.3890654 ], [ 126.6632439, 37.3890635 ], [ 126.663242, 37.3890618 ], [ 126.6632398, 37.3890595 ], [ 126.663238, 37.3890575 ], [ 126.6632362, 37.3890557 ], [ 126.6632344, 37.3890539 ], [ 126.6632326, 37.3890521 ], [ 126.663231, 37.3890505 ], [ 126.6632291, 37.3890486 ], [ 126.6632271, 37.3890466 ], [ 126.6632249, 37.3890444 ], [ 126.663223, 37.3890423 ], [ 126.6632211, 37.3890403 ], [ 126.6632192, 37.3890384 ], [ 126.6632172, 37.3890362 ], [ 126.6632151, 37.3890342 ], [ 126.6632133, 37.3890324 ], [ 126.6632113, 37.3890303 ], [ 126.6632095, 37.3890284 ], [ 126.6632076, 37.3890266 ], [ 126.6632058, 37.3890248 ], [ 126.6632037, 37.3890226 ], [ 126.6632015, 37.3890203 ], [ 126.6631995, 37.3890183 ], [ 126.6631976, 37.3890164 ], [ 126.6631956, 37.3890144 ], [ 126.6631936, 37.3890125 ], [ 126.6631917, 37.3890104 ], [ 126.6631896, 37.3890084 ], [ 126.6631875, 37.3890064 ], [ 126.6631856, 37.3890045 ], [ 126.6631838, 37.3890028 ], [ 126.6631822, 37.3890006 ], [ 126.6631799, 37.3889984 ], [ 126.6631784, 37.3889964 ], [ 126.6631763, 37.3889944 ], [ 126.6631744, 37.3889924 ], [ 126.6631722, 37.3889903 ], [ 126.6631703, 37.3889885 ], [ 126.6631683, 37.3889867 ], [ 126.6631664, 37.3889844 ], [ 126.6631642, 37.3889825 ], [ 126.6631624, 37.3889807 ], [ 126.6631608, 37.3889788 ], [ 126.6631587, 37.3889766 ], [ 126.663157, 37.3889748 ], [ 126.6631553, 37.3889731 ], [ 126.6631526, 37.3889707 ], [ 126.6631508, 37.3889688 ], [ 126.663149, 37.3889667 ], [ 126.6631469, 37.3889644 ], [ 126.6631446, 37.3889624 ], [ 126.6631432, 37.3889608 ], [ 126.6631411, 37.3889589 ], [ 126.6631392, 37.3889569 ], [ 126.6631374, 37.3889551 ], [ 126.6631354, 37.3889528 ], [ 126.6631335, 37.3889511 ], [ 126.6631319, 37.3889495 ], [ 126.6631301, 37.3889475 ], [ 126.663128, 37.3889455 ], [ 126.6631261, 37.3889435 ], [ 126.6631241, 37.3889414 ], [ 126.6631219, 37.3889392 ], [ 126.6631202, 37.3889373 ], [ 126.6631186, 37.3889357 ], [ 126.6631168, 37.3889338 ], [ 126.6631149, 37.3889318 ], [ 126.6631131, 37.3889299 ], [ 126.663111, 37.3889278 ], [ 126.6631092, 37.3889258 ], [ 126.6631074, 37.3889239 ], [ 126.663106, 37.3889224 ], [ 126.6631043, 37.3889207 ], [ 126.6631025, 37.388919 ], [ 126.6631005, 37.388917 ], [ 126.6630984, 37.3889149 ], [ 126.6630964, 37.3889128 ], [ 126.6630945, 37.3889109 ], [ 126.6630929, 37.3889093 ], [ 126.6630909, 37.3889073 ], [ 126.663089, 37.3889054 ], [ 126.663087, 37.3889033 ], [ 126.663085, 37.3889014 ], [ 126.6630833, 37.3888995 ], [ 126.6630817, 37.3888979 ], [ 126.6630798, 37.388896 ], [ 126.6630778, 37.3888941 ], [ 126.6630758, 37.388892 ], [ 126.6630738, 37.3888899 ], [ 126.6630716, 37.3888878 ], [ 126.6630699, 37.3888861 ], [ 126.663068, 37.3888841 ], [ 126.6630662, 37.3888822 ], [ 126.6630643, 37.3888804 ], [ 126.6630624, 37.3888785 ], [ 126.6630606, 37.3888767 ], [ 126.6630586, 37.3888745 ], [ 126.6630567, 37.3888726 ], [ 126.6630548, 37.3888707 ], [ 126.6630528, 37.3888687 ], [ 126.6630507, 37.3888664 ], [ 126.6630488, 37.3888645 ], [ 126.6630467, 37.3888625 ], [ 126.6630443, 37.3888602 ], [ 126.6630425, 37.3888581 ], [ 126.6630403, 37.3888557 ], [ 126.6630382, 37.3888535 ], [ 126.6630363, 37.3888515 ], [ 126.6630344, 37.3888495 ], [ 126.6630328, 37.388848 ], [ 126.6630306, 37.3888458 ], [ 126.6630286, 37.3888437 ], [ 126.6630265, 37.3888416 ], [ 126.6630245, 37.3888395 ], [ 126.6630223, 37.3888372 ], [ 126.6630202, 37.3888352 ], [ 126.6630183, 37.3888332 ], [ 126.663016, 37.388831 ], [ 126.6630137, 37.3888287 ], [ 126.6630115, 37.3888263 ], [ 126.6630093, 37.388824 ], [ 126.6630074, 37.3888221 ], [ 126.6630052, 37.3888199 ], [ 126.6630029, 37.3888175 ], [ 126.6630007, 37.3888153 ], [ 126.6629985, 37.3888131 ], [ 126.6629962, 37.3888107 ], [ 126.6629942, 37.3888087 ], [ 126.6629922, 37.3888066 ], [ 126.6629898, 37.3888043 ], [ 126.6629877, 37.3888022 ], [ 126.6629854, 37.3887997 ], [ 126.6629834, 37.3887977 ], [ 126.6629811, 37.3887953 ], [ 126.6629787, 37.3887928 ], [ 126.6629764, 37.3887906 ], [ 126.6629743, 37.3887882 ], [ 126.6629719, 37.3887858 ], [ 126.6629699, 37.3887838 ], [ 126.6629676, 37.3887815 ] ] } },
{ "type": "Feature", "properties": { "Vehicle_ID": 66, "Vehicle_Class": 0, "Num_Points": 150, "Start_Time": "2022-10-07 17:52:13.500", "End_Time": "2022-10-07 17:52:18.471", "Start_Frame": 0, "End_Frame": 149, "Mean_Speed": 34.0, "Max_Speed": 37.7, "Vehicle_Length": 5.31, "Vehicle_Width": 2.31 }, "geometry": { "type": "LineString", "coordinates": [ [ 126.6632556, 37.3889299 ], [ 126.6632541, 37.3889283 ], [ 126.6632521, 37.3889264 ], [ 126.6632499, 37.3889244 ], [ 126.6632482, 37.3889225 ], [ 126.6632461, 37.3889205 ], [ 126.6632441, 37.3889185 ], [ 126.6632423, 37.3889165 ], [ 126.6632404, 37.3889146 ], [ 126.6632386, 37.3889127 ], [ 126.6632365, 37.3889108 ], [ 126.6632345, 37.3889088 ], [ 126.6632329, 37.388907 ], [ 126.6632311, 37.3889051 ], [ 126.663229, 37.3889032 ], [ 126.6632271, 37.3889013 ], [ 126.663225, 37.3888992 ], [ 126.6632229, 37.388897 ], [ 126.6632211, 37.388895 ], [ 126.6632189, 37.3888928 ], [ 126.6632166, 37.3888904 ], [ 126.6632144, 37.3888881 ], [ 126.6632125, 37.3888863 ], [ 126.6632104, 37.3888842 ], [ 126.6632083, 37.3888819 ], [ 126.6632063, 37.38888 ], [ 126.6632043, 37.3888779 ], [ 126.6632024, 37.3888761 ], [ 126.6632004, 37.3888742 ], [ 126.6631985, 37.388872 ], [ 126.6631966, 37.3888701 ], [ 126.6631949, 37.3888685 ], [ 126.6631933, 37.3888667 ], [ 126.6631915, 37.3888651 ], [ 126.6631891, 37.3888626 ], [ 126.6631864, 37.3888598 ], [ 126.6631838, 37.388857 ], [ 126.6631815, 37.3888547 ], [ 126.6631792, 37.3888524 ], [ 126.663177, 37.3888502 ], [ 126.6631752, 37.3888484 ], [ 126.6631738, 37.3888463 ], [ 126.6631719, 37.3888441 ], [ 126.6631709, 37.3888427 ], [ 126.663169, 37.3888406 ], [ 126.6631668, 37.3888383 ], [ 126.6631645, 37.3888361 ], [ 126.6631624, 37.3888338 ], [ 126.6631601, 37.3888315 ], [ 126.663158, 37.3888292 ], [ 126.6631559, 37.3888272 ], [ 126.6631535, 37.3888247 ], [ 126.6631507, 37.3888219 ], [ 126.6631485, 37.3888196 ], [ 126.6631469, 37.3888177 ], [ 126.6631451, 37.3888158 ], [ 126.6631425, 37.3888135 ], [ 126.6631409, 37.3888115 ], [ 126.663139, 37.3888094 ], [ 126.6631369, 37.3888071 ], [ 126.6631347, 37.3888049 ], [ 126.6631329, 37.3888029 ], [ 126.6631306, 37.3888009 ], [ 126.6631288, 37.3887989 ], [ 126.663127, 37.3887969 ], [ 126.6631245, 37.3887943 ], [ 126.6631226, 37.3887924 ], [ 126.6631207, 37.3887906 ], [ 126.6631185, 37.3887883 ], [ 126.6631165, 37.3887862 ], [ 126.6631144, 37.3887841 ], [ 126.6631121, 37.3887817 ], [ 126.6631099, 37.3887794 ], [ 126.6631077, 37.3887771 ], [ 126.6631056, 37.3887748 ], [ 126.6631034, 37.3887726 ], [ 126.6631014, 37.3887705 ], [ 126.6630994, 37.3887683 ], [ 126.6630973, 37.3887662 ], [ 126.6630953, 37.3887642 ], [ 126.6630929, 37.3887617 ], [ 126.6630908, 37.3887594 ], [ 126.6630886, 37.388757 ], [ 126.6630864, 37.3887545 ], [ 126.6630838, 37.3887521 ], [ 126.6630815, 37.3887499 ], [ 126.6630794, 37.3887478 ], [ 126.6630772, 37.3887456 ], [ 126.6630749, 37.3887432 ], [ 126.663073, 37.388741 ], [ 126.663071, 37.3887388 ], [ 126.6630688, 37.3887364 ], [ 126.6630666, 37.388734 ], [ 126.6630649, 37.3887321 ], [ 126.6630628, 37.3887299 ], [ 126.6630606, 37.3887277 ], [ 126.6630585, 37.3887254 ], [ 126.6630564, 37.388723 ], [ 126.663054, 37.3887204 ], [ 126.6630517, 37.3887178 ], [ 126.6630494, 37.3887154 ], [ 126.6630469, 37.3887128 ], [ 126.6630444, 37.3887104 ], [ 126.6630422, 37.3887081 ], [ 126.6630398, 37.3887057 ], [ 126.6630378, 37.3887035 ], [ 126.6630356, 37.3887011 ], [ 126.6630334, 37.3886987 ], [ 126.6630312, 37.3886966 ], [ 126.6630289, 37.3886943 ], [ 126.6630267, 37.388692 ], [ 126.6630246, 37.3886898 ], [ 126.6630224, 37.3886875 ], [ 126.6630198, 37.3886848 ], [ 126.663017, 37.3886821 ], [ 126.6630143, 37.3886793 ], [ 126.6630116, 37.3886766 ], [ 126.6630093, 37.3886742 ], [ 126.663007, 37.3886717 ], [ 126.6630046, 37.3886694 ], [ 126.6630024, 37.3886669 ], [ 126.6630003, 37.3886647 ], [ 126.662998, 37.3886623 ], [ 126.6629955, 37.3886598 ], [ 126.662993, 37.3886573 ], [ 126.6629905, 37.3886547 ], [ 126.662988, 37.3886522 ], [ 126.6629854, 37.3886496 ], [ 126.6629829, 37.388647 ], [ 126.6629806, 37.3886447 ], [ 126.6629783, 37.3886423 ], [ 126.6629762, 37.38864 ], [ 126.6629737, 37.3886374 ], [ 126.6629712, 37.3886347 ], [ 126.6629686, 37.388632 ], [ 126.662966, 37.3886294 ], [ 126.6629635, 37.3886269 ], [ 126.6629611, 37.3886243 ], [ 126.6629589, 37.388622 ], [ 126.6629566, 37.3886196 ], [ 126.6629542, 37.3886171 ], [ 126.6629518, 37.3886146 ], [ 126.6629493, 37.3886121 ], [ 126.662947, 37.3886097 ], [ 126.6629446, 37.3886073 ], [ 126.6629421, 37.3886048 ], [ 126.6629397, 37.3886022 ], [ 126.6629373, 37.3885997 ], [ 126.662935, 37.3885972 ], [ 126.6629325, 37.3885947 ] ] } },
{ "type": "Feature", "properties": { "Vehicle_ID": 67, "Vehicle_Class": 0, "Num_Points": 132, "Start_Time": "2022-10-07 17:52:13.500", "End_Time": "2022-10-07 17:52:17.870", "Start_Frame": 0, "End_Frame": 131, "Mean_Speed": 55.9, "Max_Speed": 56.9, "Vehicle_Length": 5.08, "Vehicle_Width": 2.19 }, "geometry": { "type": "LineString", "coordinates": [ [ 126.6634973, 37.3889952 ], [ 126.6635, 37.3889984 ], [ 126.6635022, 37.3890009 ], [ 126.6635055, 37.3890045 ], [ 126.6635092, 37.3890082 ], [ 126.6635127, 37.389012 ], [ 126.6635162, 37.3890155 ], [ 126.6635191, 37.3890186 ], [ 126.6635224, 37.3890218 ], [ 126.6635257, 37.3890252 ], [ 126.6635294, 37.3890291 ], [ 126.663533, 37.3890328 ], [ 126.6635366, 37.3890365 ], [ 126.6635401, 37.3890401 ], [ 126.6635435, 37.3890438 ], [ 126.6635468, 37.3890474 ], [ 126.6635502, 37.3890509 ], [ 126.6635535, 37.3890543 ], [ 126.663557, 37.3890581 ], [ 126.6635603, 37.3890615 ], [ 126.6635636, 37.389065 ], [ 126.663567, 37.3890687 ], [ 126.6635706, 37.3890724 ], [ 126.663574, 37.389076 ], [ 126.6635775, 37.3890796 ], [ 126.663581, 37.3890833 ], [ 126.6635846, 37.3890869 ], [ 126.6635882, 37.3890906 ], [ 126.6635917, 37.3890943 ], [ 126.6635953, 37.389098 ], [ 126.663599, 37.389102 ], [ 126.6636023, 37.3891055 ], [ 126.6636058, 37.3891092 ], [ 126.6636091, 37.3891126 ], [ 126.6636125, 37.3891163 ], [ 126.6636159, 37.38912 ], [ 126.6636195, 37.3891239 ], [ 126.663623, 37.3891277 ], [ 126.6636266, 37.3891313 ], [ 126.6636302, 37.3891352 ], [ 126.6636339, 37.3891391 ], [ 126.663638, 37.3891428 ], [ 126.6636411, 37.3891461 ], [ 126.6636454, 37.3891502 ], [ 126.6636491, 37.3891541 ], [ 126.6636527, 37.3891579 ], [ 126.6636564, 37.3891617 ], [ 126.6636597, 37.3891652 ], [ 126.6636629, 37.389169 ], [ 126.6636664, 37.3891722 ], [ 126.6636698, 37.3891765 ], [ 126.6636737, 37.3891807 ], [ 126.6636779, 37.3891844 ], [ 126.6636812, 37.3891881 ], [ 126.6636848, 37.3891917 ], [ 126.6636888, 37.3891958 ], [ 126.6636917, 37.3891993 ], [ 126.6636959, 37.3892031 ], [ 126.6636993, 37.3892067 ], [ 126.663703, 37.3892099 ], [ 126.6637059, 37.3892136 ], [ 126.66371, 37.3892179 ], [ 126.6637131, 37.3892216 ], [ 126.663717, 37.3892255 ], [ 126.6637207, 37.389229 ], [ 126.6637236, 37.3892321 ], [ 126.6637276, 37.3892366 ], [ 126.6637316, 37.3892408 ], [ 126.663735, 37.3892444 ], [ 126.6637385, 37.389248 ], [ 126.6637422, 37.3892518 ], [ 126.6637458, 37.3892554 ], [ 126.6637493, 37.3892589 ], [ 126.6637529, 37.3892627 ], [ 126.6637566, 37.3892665 ], [ 126.6637601, 37.3892704 ], [ 126.6637636, 37.389274 ], [ 126.6637673, 37.3892778 ], [ 126.6637707, 37.3892814 ], [ 126.6637738, 37.3892846 ], [ 126.6637765, 37.3892875 ], [ 126.6637809, 37.3892921 ], [ 126.6637847, 37.3892964 ], [ 126.6637888, 37.3893006 ], [ 126.6637926, 37.3893045 ], [ 126.6637964, 37.3893083 ], [ 126.6638002, 37.3893123 ], [ 126.6638047, 37.389317 ], [ 126.6638081, 37.3893202 ], [ 126.6638115, 37.3893235 ], [ 126.6638149, 37.3893271 ], [ 126.6638184, 37.3893307 ], [ 126.6638217, 37.3893343 ], [ 126.6638253, 37.389338 ], [ 126.663829, 37.3893417 ], [ 126.6638326, 37.3893453 ], [ 126.6638363, 37.3893494 ], [ 126.6638397, 37.3893531 ], [ 126.6638433, 37.3893568 ], [ 126.6638469, 37.3893606 ], [ 126.6638508, 37.3893645 ], [ 126.6638543, 37.3893681 ], [ 126.663858, 37.3893718 ], [ 126.6638616, 37.3893755 ], [ 126.6638652, 37.3893791 ], [ 126.6638687, 37.3893829 ], [ 126.6638726, 37.3893868 ], [ 126.6638763, 37.3893907 ], [ 126.6638798, 37.3893944 ], [ 126.6638836, 37.3893983 ], [ 126.6638867, 37.3894017 ], [ 126.6638905, 37.3894055 ], [ 126.6638942, 37.3894093 ], [ 126.6638978, 37.3894133 ], [ 126.6639019, 37.3894173 ], [ 126.6639053, 37.3894207 ], [ 126.6639089, 37.3894243 ], [ 126.6639124, 37.3894279 ], [ 126.6639162, 37.3894318 ], [ 126.6639198, 37.3894356 ], [ 126.6639233, 37.3894392 ], [ 126.6639272, 37.3894432 ], [ 126.6639306, 37.3894467 ], [ 126.6639325, 37.3894487 ], [ 126.6639342, 37.3894501 ], [ 126.663936, 37.3894521 ], [ 126.6639378, 37.3894539 ], [ 126.6639395, 37.3894556 ], [ 126.6639413, 37.3894577 ], [ 126.6639427, 37.38946 ], [ 126.6639438, 37.3894619 ], [ 126.6639452, 37.3894634 ] ] } },
{ "type": "Feature", "properties": { "Vehicle_ID": 68, "Vehicle_Class": 0, "Num_Points": 150, "Start_Time": "2022-10-07 17:52:13.500", "End_Time": "2022-10-07 17:52:18.471", "Start_Frame": 0, "End_Frame": 149, "Mean_Speed": 30.7, "Max_Speed": 38.3, "Vehicle_Length": 4.99, "Vehicle_Width": 2.17 }, "geometry": { "type": "LineString", "coordinates": [ [ 126.6635719, 37.3893487 ], [ 126.6635706, 37.3893474 ], [ 126.6635694, 37.3893462 ], [ 126.6635679, 37.3893448 ], [ 126.6635666, 37.3893434 ], [ 126.6635652, 37.3893421 ], [ 126.6635637, 37.3893406 ], [ 126.6635624, 37.3893392 ], [ 126.663561, 37.3893378 ], [ 126.6635597, 37.3893363 ], [ 126.6635583, 37.3893351 ], [ 126.6635569, 37.3893336 ], [ 126.6635556, 37.3893322 ], [ 126.6635541, 37.3893308 ], [ 126.6635527, 37.3893295 ], [ 126.6635512, 37.389328 ], [ 126.66355, 37.3893268 ], [ 126.6635485, 37.3893253 ], [ 126.6635473, 37.3893241 ], [ 126.6635459, 37.3893227 ], [ 126.6635445, 37.3893212 ], [ 126.6635431, 37.3893198 ], [ 126.6635417, 37.3893184 ], [ 126.6635402, 37.389317 ], [ 126.6635387, 37.3893155 ], [ 126.6635374, 37.3893142 ], [ 126.663536, 37.3893127 ], [ 126.6635346, 37.3893115 ], [ 126.6635332, 37.3893101 ], [ 126.6635318, 37.3893086 ], [ 126.6635305, 37.3893073 ], [ 126.6635289, 37.3893057 ], [ 126.6635274, 37.3893042 ], [ 126.6635257, 37.3893025 ], [ 126.6635242, 37.3893009 ], [ 126.6635226, 37.3892994 ], [ 126.6635211, 37.3892979 ], [ 126.6635196, 37.3892965 ], [ 126.663518, 37.3892948 ], [ 126.6635165, 37.3892933 ], [ 126.6635151, 37.3892919 ], [ 126.6635139, 37.3892903 ], [ 126.6635118, 37.3892882 ], [ 126.6635109, 37.3892868 ], [ 126.6635091, 37.3892851 ], [ 126.6635075, 37.3892834 ], [ 126.6635055, 37.3892815 ], [ 126.6635038, 37.38928 ], [ 126.6635018, 37.3892782 ], [ 126.6635001, 37.3892759 ], [ 126.6634981, 37.3892744 ], [ 126.6634967, 37.3892729 ], [ 126.6634955, 37.3892712 ], [ 126.6634934, 37.3892691 ], [ 126.6634917, 37.3892673 ], [ 126.66349, 37.3892657 ], [ 126.6634877, 37.3892636 ], [ 126.6634864, 37.389262 ], [ 126.6634843, 37.3892599 ], [ 126.6634825, 37.3892577 ], [ 126.66348, 37.3892557 ], [ 126.6634785, 37.3892542 ], [ 126.6634762, 37.3892521 ], [ 126.6634746, 37.3892503 ], [ 126.6634727, 37.3892484 ], [ 126.6634706, 37.3892458 ], [ 126.6634687, 37.3892443 ], [ 126.6634671, 37.3892427 ], [ 126.6634649, 37.3892404 ], [ 126.663463, 37.3892383 ], [ 126.6634612, 37.3892364 ], [ 126.6634591, 37.3892342 ], [ 126.663457, 37.3892321 ], [ 126.663455, 37.3892302 ], [ 126.6634528, 37.3892279 ], [ 126.6634505, 37.3892256 ], [ 126.6634483, 37.3892233 ], [ 126.6634462, 37.3892211 ], [ 126.6634439, 37.389219 ], [ 126.6634417, 37.3892169 ], [ 126.6634395, 37.3892147 ], [ 126.6634375, 37.3892125 ], [ 126.6634353, 37.3892104 ], [ 126.6634332, 37.3892082 ], [ 126.663431, 37.389206 ], [ 126.6634288, 37.389204 ], [ 126.6634267, 37.3892018 ], [ 126.6634245, 37.3891997 ], [ 126.6634222, 37.3891975 ], [ 126.6634202, 37.3891955 ], [ 126.6634181, 37.3891935 ], [ 126.6634157, 37.389191 ], [ 126.6634132, 37.3891885 ], [ 126.6634111, 37.3891862 ], [ 126.6634088, 37.3891839 ], [ 126.6634064, 37.3891815 ], [ 126.6634041, 37.3891793 ], [ 126.6634015, 37.3891764 ], [ 126.663399, 37.389174 ], [ 126.6633964, 37.3891715 ], [ 126.6633944, 37.3891694 ], [ 126.6633919, 37.389167 ], [ 126.6633896, 37.3891646 ], [ 126.6633873, 37.3891625 ], [ 126.6633852, 37.3891604 ], [ 126.6633833, 37.3891584 ], [ 126.6633812, 37.3891562 ], [ 126.6633788, 37.3891537 ], [ 126.6633764, 37.3891512 ], [ 126.6633741, 37.389149 ], [ 126.6633715, 37.3891463 ], [ 126.663369, 37.3891438 ], [ 126.6633663, 37.389141 ], [ 126.6633636, 37.3891384 ], [ 126.6633615, 37.3891361 ], [ 126.6633589, 37.3891335 ], [ 126.6633566, 37.389131 ], [ 126.6633542, 37.3891286 ], [ 126.6633521, 37.3891263 ], [ 126.6633499, 37.3891241 ], [ 126.6633474, 37.3891216 ], [ 126.6633452, 37.3891193 ], [ 126.6633428, 37.3891169 ], [ 126.6633404, 37.3891142 ], [ 126.663338, 37.3891118 ], [ 126.6633354, 37.3891093 ], [ 126.6633332, 37.3891071 ], [ 126.6633308, 37.3891046 ], [ 126.6633283, 37.389102 ], [ 126.6633259, 37.3890996 ], [ 126.6633235, 37.389097 ], [ 126.6633211, 37.3890946 ], [ 126.6633188, 37.3890922 ], [ 126.6633162, 37.3890894 ], [ 126.6633138, 37.389087 ], [ 126.6633115, 37.3890846 ], [ 126.6633091, 37.3890822 ], [ 126.6633067, 37.3890796 ], [ 126.6633041, 37.3890771 ], [ 126.6633016, 37.3890746 ], [ 126.6632994, 37.3890723 ], [ 126.6632968, 37.3890697 ], [ 126.6632944, 37.3890671 ], [ 126.6632917, 37.3890644 ], [ 126.6632891, 37.3890618 ], [ 126.6632867, 37.3890592 ], [ 126.6632842, 37.3890567 ], [ 126.6632818, 37.3890542 ], [ 126.6632791, 37.3890514 ], [ 126.6632767, 37.3890489 ] ] } },
{ "type": "Feature", "properties": { "Vehicle_ID": 69, "Vehicle_Class": 0, "Num_Points": 150, "Start_Time": "2022-10-07 17:52:13.500", "End_Time": "2022-10-07 17:52:18.471", "Start_Frame": 0, "End_Frame": 149, "Mean_Speed": 45.4, "Max_Speed": 46.9, "Vehicle_Length": 3.97, "Vehicle_Width": 1.95 }, "geometry": { "type": "LineString", "coordinates": [ [ 126.6633809, 37.3888377 ], [ 126.6633832, 37.3888401 ], [ 126.6633854, 37.3888424 ], [ 126.6633882, 37.3888452 ], [ 126.6633909, 37.3888481 ], [ 126.6633938, 37.3888511 ], [ 126.6633966, 37.3888541 ], [ 126.6633995, 37.388857 ], [ 126.6634022, 37.3888599 ], [ 126.663405, 37.3888625 ], [ 126.6634077, 37.3888654 ], [ 126.6634103, 37.3888681 ], [ 126.6634131, 37.3888709 ], [ 126.6634159, 37.3888739 ], [ 126.6634186, 37.3888769 ], [ 126.6634212, 37.3888798 ], [ 126.6634239, 37.3888826 ], [ 126.6634265, 37.3888852 ], [ 126.6634294, 37.3888879 ], [ 126.6634322, 37.3888907 ], [ 126.6634351, 37.3888935 ], [ 126.6634379, 37.3888962 ], [ 126.6634406, 37.3888991 ], [ 126.6634435, 37.3889019 ], [ 126.6634462, 37.3889048 ], [ 126.6634493, 37.3889079 ], [ 126.6634521, 37.3889109 ], [ 126.663455, 37.3889138 ], [ 126.6634578, 37.3889168 ], [ 126.6634606, 37.3889196 ], [ 126.6634635, 37.3889227 ], [ 126.6634663, 37.3889255 ], [ 126.6634692, 37.3889284 ], [ 126.6634719, 37.3889315 ], [ 126.6634746, 37.3889345 ], [ 126.6634772, 37.3889373 ], [ 126.6634802, 37.3889401 ], [ 126.6634832, 37.3889431 ], [ 126.6634861, 37.3889459 ], [ 126.6634889, 37.3889488 ], [ 126.6634919, 37.3889518 ], [ 126.6634951, 37.3889547 ], [ 126.6634978, 37.3889572 ], [ 126.6635013, 37.3889606 ], [ 126.6635043, 37.3889638 ], [ 126.6635075, 37.3889671 ], [ 126.6635107, 37.3889704 ], [ 126.6635135, 37.3889733 ], [ 126.6635165, 37.3889766 ], [ 126.6635191, 37.3889787 ], [ 126.6635221, 37.3889818 ], [ 126.6635254, 37.3889852 ], [ 126.6635295, 37.3889887 ], [ 126.6635321, 37.3889913 ], [ 126.6635347, 37.3889936 ], [ 126.6635372, 37.3889962 ], [ 126.6635388, 37.3889984 ], [ 126.6635418, 37.3890012 ], [ 126.6635443, 37.3890042 ], [ 126.6635472, 37.3890068 ], [ 126.66355, 37.3890103 ], [ 126.6635537, 37.3890141 ], [ 126.6635565, 37.3890174 ], [ 126.6635598, 37.3890206 ], [ 126.6635633, 37.3890241 ], [ 126.663566, 37.3890268 ], [ 126.6635694, 37.3890305 ], [ 126.6635727, 37.3890338 ], [ 126.6635755, 37.3890367 ], [ 126.6635784, 37.3890398 ], [ 126.6635814, 37.389043 ], [ 126.6635844, 37.3890461 ], [ 126.6635871, 37.3890493 ], [ 126.6635898, 37.3890522 ], [ 126.6635929, 37.3890552 ], [ 126.6635961, 37.3890582 ], [ 126.6635994, 37.3890614 ], [ 126.6636026, 37.3890646 ], [ 126.6636056, 37.3890679 ], [ 126.6636088, 37.3890711 ], [ 126.6636116, 37.389074 ], [ 126.6636147, 37.3890771 ], [ 126.6636177, 37.3890801 ], [ 126.6636208, 37.3890833 ], [ 126.6636239, 37.3890864 ], [ 126.6636269, 37.3890896 ], [ 126.66363, 37.3890928 ], [ 126.6636331, 37.3890959 ], [ 126.6636361, 37.3890989 ], [ 126.6636389, 37.389102 ], [ 126.6636418, 37.3891054 ], [ 126.6636445, 37.3891084 ], [ 126.6636472, 37.389111 ], [ 126.6636503, 37.3891139 ], [ 126.6636535, 37.3891168 ], [ 126.6636567, 37.38912 ], [ 126.6636598, 37.3891232 ], [ 126.6636626, 37.3891262 ], [ 126.6636655, 37.3891293 ], [ 126.6636686, 37.3891326 ], [ 126.6636717, 37.3891357 ], [ 126.6636745, 37.3891388 ], [ 126.6636776, 37.3891419 ], [ 126.6636805, 37.389145 ], [ 126.6636835, 37.3891478 ], [ 126.6636863, 37.3891511 ], [ 126.6636893, 37.3891542 ], [ 126.6636924, 37.3891575 ], [ 126.6636953, 37.3891607 ], [ 126.6636981, 37.3891639 ], [ 126.6637005, 37.3891665 ], [ 126.6637035, 37.3891695 ], [ 126.6637068, 37.3891727 ], [ 126.6637099, 37.3891759 ], [ 126.6637134, 37.3891791 ], [ 126.6637162, 37.3891821 ], [ 126.663719, 37.3891851 ], [ 126.6637218, 37.389188 ], [ 126.6637247, 37.3891909 ], [ 126.6637276, 37.3891941 ], [ 126.6637305, 37.3891972 ], [ 126.6637335, 37.3892003 ], [ 126.6637361, 37.3892031 ], [ 126.663739, 37.3892061 ], [ 126.663742, 37.3892093 ], [ 126.6637451, 37.3892124 ], [ 126.6637482, 37.3892156 ], [ 126.6637508, 37.3892185 ], [ 126.6637535, 37.3892216 ], [ 126.6637564, 37.3892243 ], [ 126.6637593, 37.3892272 ], [ 126.6637625, 37.3892302 ], [ 126.6637657, 37.3892333 ], [ 126.6637687, 37.3892363 ], [ 126.6637717, 37.3892393 ], [ 126.6637745, 37.3892425 ], [ 126.6637775, 37.3892455 ], [ 126.6637804, 37.3892484 ], [ 126.6637835, 37.3892515 ], [ 126.6637864, 37.3892546 ], [ 126.6637896, 37.389258 ], [ 126.6637924, 37.3892608 ], [ 126.6637954, 37.3892637 ], [ 126.663798, 37.3892666 ], [ 126.6638006, 37.3892694 ], [ 126.663803, 37.3892721 ], [ 126.6638053, 37.3892747 ], [ 126.663808, 37.3892776 ], [ 126.6638111, 37.3892809 ], [ 126.6638146, 37.3892841 ] ] } },
{ "type": "Feature", "properties": { "Vehicle_ID": 70, "Vehicle_Class": 0, "Num_Points": 35, "Start_Time": "2022-10-07 17:52:13.500", "End_Time": "2022-10-07 17:52:14.634", "Start_Frame": 0, "End_Frame": 34, "Mean_Speed": 49.6, "Max_Speed": 49.8, "Vehicle_Length": 4.92, "Vehicle_Width": 2.19 }, "geometry": { "type": "LineString", "coordinates": [ [ 126.6624236, 37.3881203 ], [ 126.6624209, 37.3881176 ], [ 126.6624178, 37.3881147 ], [ 126.6624144, 37.3881113 ], [ 126.6624111, 37.3881079 ], [ 126.6624077, 37.3881044 ], [ 126.6624045, 37.3881011 ], [ 126.6624015, 37.388098 ], [ 126.6623983, 37.3880947 ], [ 126.6623953, 37.3880911 ], [ 126.6623918, 37.3880879 ], [ 126.6623886, 37.3880845 ], [ 126.6623855, 37.3880814 ], [ 126.6623824, 37.3880781 ], [ 126.6623792, 37.388075 ], [ 126.6623759, 37.3880715 ], [ 126.6623727, 37.3880682 ], [ 126.6623692, 37.3880647 ], [ 126.6623661, 37.3880616 ], [ 126.6623628, 37.3880583 ], [ 126.6623597, 37.3880552 ], [ 126.6623566, 37.3880518 ], [ 126.6623535, 37.3880485 ], [ 126.6623502, 37.3880451 ], [ 126.6623471, 37.3880419 ], [ 126.6623439, 37.3880386 ], [ 126.6623411, 37.3880358 ], [ 126.6623393, 37.3880337 ], [ 126.6623376, 37.3880317 ], [ 126.6623359, 37.3880301 ], [ 126.6623344, 37.3880285 ], [ 126.6623329, 37.388027 ], [ 126.6623312, 37.3880252 ], [ 126.6623296, 37.3880237 ], [ 126.6623276, 37.3880222 ] ] } },
{ "type": "Feature", "properties": { "Vehicle_ID": 71, "Vehicle_Class": 0, "Num_Points": 150, "Start_Time": "2022-10-07 17:52:13.500", "End_Time": "2022-10-07 17:52:18.471", "Start_Frame": 0, "End_Frame": 149, "Mean_Speed": 29.0, "Max_Speed": 31.9, "Vehicle_Length": 5.1, "Vehicle_Width": 2.22 }, "geometry": { "type": "LineString", "coordinates": [ [ 126.6634584, 37.3891414 ], [ 126.6634573, 37.3891402 ], [ 126.6634559, 37.3891388 ], [ 126.6634543, 37.3891373 ], [ 126.6634528, 37.3891358 ], [ 126.6634512, 37.3891343 ], [ 126.6634498, 37.3891327 ], [ 126.6634482, 37.3891313 ], [ 126.6634466, 37.3891297 ], [ 126.6634451, 37.3891281 ], [ 126.6634435, 37.3891266 ], [ 126.6634419, 37.389125 ], [ 126.6634404, 37.3891235 ], [ 126.6634389, 37.389122 ], [ 126.6634374, 37.3891205 ], [ 126.663436, 37.3891192 ], [ 126.6634345, 37.3891177 ], [ 126.6634329, 37.389116 ], [ 126.6634314, 37.3891144 ], [ 126.6634293, 37.3891124 ], [ 126.6634276, 37.3891105 ], [ 126.6634259, 37.3891087 ], [ 126.663424, 37.3891069 ], [ 126.6634222, 37.389105 ], [ 126.6634204, 37.3891032 ], [ 126.6634187, 37.3891014 ], [ 126.6634169, 37.3890997 ], [ 126.6634151, 37.3890978 ], [ 126.6634133, 37.3890961 ], [ 126.6634116, 37.3890943 ], [ 126.6634099, 37.3890926 ], [ 126.6634081, 37.3890907 ], [ 126.6634064, 37.389089 ], [ 126.6634046, 37.3890871 ], [ 126.6634027, 37.3890851 ], [ 126.6634009, 37.3890834 ], [ 126.6633993, 37.3890817 ], [ 126.6633975, 37.38908 ], [ 126.6633956, 37.3890781 ], [ 126.663394, 37.3890763 ], [ 126.6633922, 37.3890747 ], [ 126.6633908, 37.3890727 ], [ 126.6633887, 37.3890705 ], [ 126.6633875, 37.3890689 ], [ 126.6633856, 37.3890671 ], [ 126.6633838, 37.3890652 ], [ 126.663382, 37.3890633 ], [ 126.6633801, 37.3890614 ], [ 126.663378, 37.3890595 ], [ 126.6633763, 37.3890573 ], [ 126.6633743, 37.3890557 ], [ 126.6633725, 37.3890539 ], [ 126.6633711, 37.3890521 ], [ 126.6633691, 37.38905 ], [ 126.6633673, 37.3890481 ], [ 126.6633656, 37.3890465 ], [ 126.6633632, 37.3890443 ], [ 126.6633618, 37.3890425 ], [ 126.66336, 37.3890406 ], [ 126.6633581, 37.3890383 ], [ 126.6633557, 37.3890363 ], [ 126.663354, 37.3890345 ], [ 126.6633519, 37.3890325 ], [ 126.6633502, 37.3890307 ], [ 126.6633484, 37.3890288 ], [ 126.6633462, 37.3890264 ], [ 126.6633444, 37.3890248 ], [ 126.6633427, 37.3890231 ], [ 126.6633407, 37.389021 ], [ 126.6633388, 37.3890189 ], [ 126.6633369, 37.3890171 ], [ 126.663335, 37.3890151 ], [ 126.6633331, 37.389013 ], [ 126.6633311, 37.3890111 ], [ 126.6633292, 37.3890091 ], [ 126.6633273, 37.3890071 ], [ 126.6633253, 37.3890052 ], [ 126.6633235, 37.3890032 ], [ 126.6633215, 37.3890014 ], [ 126.6633197, 37.3889995 ], [ 126.6633177, 37.3889974 ], [ 126.6633158, 37.3889955 ], [ 126.6633139, 37.3889934 ], [ 126.663312, 37.3889916 ], [ 126.66331, 37.3889896 ], [ 126.6633081, 37.3889876 ], [ 126.6633062, 37.3889857 ], [ 126.6633042, 37.3889837 ], [ 126.6633023, 37.3889817 ], [ 126.6633003, 37.3889798 ], [ 126.6632984, 37.3889778 ], [ 126.6632965, 37.3889759 ], [ 126.6632944, 37.3889738 ], [ 126.6632926, 37.3889718 ], [ 126.6632907, 37.3889699 ], [ 126.6632888, 37.3889679 ], [ 126.6632869, 37.388966 ], [ 126.6632849, 37.388964 ], [ 126.6632829, 37.3889621 ], [ 126.663281, 37.3889601 ], [ 126.6632792, 37.3889582 ], [ 126.6632772, 37.3889561 ], [ 126.6632752, 37.3889542 ], [ 126.6632731, 37.388952 ], [ 126.6632712, 37.38895 ], [ 126.6632693, 37.3889481 ], [ 126.6632673, 37.388946 ], [ 126.6632655, 37.3889441 ], [ 126.6632634, 37.3889421 ], [ 126.6632615, 37.3889402 ], [ 126.6632595, 37.388938 ], [ 126.6632576, 37.388936 ], [ 126.6632555, 37.3889339 ], [ 126.6632536, 37.3889319 ], [ 126.6632519, 37.3889301 ], [ 126.6632498, 37.3889279 ], [ 126.6632478, 37.3889258 ], [ 126.6632458, 37.3889238 ], [ 126.6632438, 37.3889217 ], [ 126.6632418, 37.3889198 ], [ 126.6632399, 37.3889177 ], [ 126.663238, 37.3889156 ], [ 126.6632358, 37.3889135 ], [ 126.6632337, 37.3889114 ], [ 126.6632317, 37.3889093 ], [ 126.6632296, 37.3889072 ], [ 126.6632278, 37.3889051 ], [ 126.6632257, 37.388903 ], [ 126.6632236, 37.3889009 ], [ 126.6632216, 37.3888988 ], [ 126.6632196, 37.3888968 ], [ 126.6632177, 37.3888946 ], [ 126.6632157, 37.3888924 ], [ 126.6632135, 37.3888902 ], [ 126.6632115, 37.3888881 ], [ 126.6632096, 37.3888861 ], [ 126.6632076, 37.3888841 ], [ 126.6632056, 37.388882 ], [ 126.6632036, 37.3888799 ], [ 126.6632015, 37.3888778 ], [ 126.6631997, 37.388876 ], [ 126.6631978, 37.3888738 ], [ 126.6631956, 37.3888715 ], [ 126.6631936, 37.3888695 ], [ 126.6631917, 37.3888675 ], [ 126.6631896, 37.3888652 ], [ 126.6631875, 37.388863 ], [ 126.6631856, 37.3888609 ], [ 126.6631836, 37.3888588 ], [ 126.6631813, 37.3888564 ] ] } },
{ "type": "Feature", "properties": { "Vehicle_ID": 72, "Vehicle_Class": 0, "Num_Points": 150, "Start_Time": "2022-10-07 17:52:13.500", "End_Time": "2022-10-07 17:52:18.471", "Start_Frame": 0, "End_Frame": 149, "Mean_Speed": 2.0, "Max_Speed": 4.2, "Vehicle_Length": 4.91, "Vehicle_Width": 2.21 }, "geometry": { "type": "LineString", "coordinates": [ [ 126.6638315, 37.3892521 ], [ 126.6638314, 37.389252 ], [ 126.6638312, 37.389252 ], [ 126.6638311, 37.3892521 ], [ 126.6638312, 37.3892521 ], [ 126.6638312, 37.3892521 ], [ 126.6638311, 37.3892521 ], [ 126.6638311, 37.3892521 ], [ 126.663831, 37.389252 ], [ 126.663831, 37.3892519 ], [ 126.663831, 37.389252 ], [ 126.6638308, 37.3892519 ], [ 126.6638308, 37.3892519 ], [ 126.6638309, 37.3892519 ], [ 126.6638308, 37.3892519 ], [ 126.6638308, 37.3892519 ], [ 126.6638309, 37.389252 ], [ 126.6638308, 37.3892519 ], [ 126.6638309, 37.389252 ], [ 126.6638308, 37.3892519 ], [ 126.6638308, 37.3892518 ], [ 126.6638307, 37.3892518 ], [ 126.6638307, 37.3892517 ], [ 126.6638307, 37.3892517 ], [ 126.6638307, 37.3892517 ], [ 126.6638307, 37.3892517 ], [ 126.6638307, 37.3892517 ], [ 126.6638307, 37.3892518 ], [ 126.6638308, 37.3892519 ], [ 126.6638308, 37.3892519 ], [ 126.6638311, 37.3892522 ], [ 126.663831, 37.389252 ], [ 126.6638311, 37.3892521 ], [ 126.663831, 37.3892519 ], [ 126.6638309, 37.3892518 ], [ 126.6638309, 37.3892518 ], [ 126.6638309, 37.3892518 ], [ 126.6638309, 37.3892519 ], [ 126.6638307, 37.3892518 ], [ 126.6638306, 37.3892517 ], [ 126.6638307, 37.3892519 ], [ 126.6638314, 37.3892521 ], [ 126.6638309, 37.3892516 ], [ 126.6638317, 37.389252 ], [ 126.6638316, 37.389252 ], [ 126.6638316, 37.3892521 ], [ 126.6638317, 37.3892521 ], [ 126.6638316, 37.389252 ], [ 126.6638309, 37.389252 ], [ 126.6638309, 37.3892514 ], [ 126.6638307, 37.3892518 ], [ 126.6638311, 37.3892522 ], [ 126.6638318, 37.3892523 ], [ 126.6638313, 37.389252 ], [ 126.6638314, 37.389252 ], [ 126.6638318, 37.3892523 ], [ 126.663831, 37.389252 ], [ 126.6638318, 37.3892522 ], [ 126.6638315, 37.3892521 ], [ 126.6638314, 37.3892515 ], [ 126.6638308, 37.3892514 ], [ 126.6638314, 37.389252 ], [ 126.6638309, 37.389252 ], [ 126.6638314, 37.3892522 ], [ 126.6638316, 37.3892521 ], [ 126.663831, 37.3892514 ], [ 126.6638316, 37.3892522 ], [ 126.6638319, 37.3892525 ], [ 126.6638317, 37.3892522 ], [ 126.6638316, 37.3892523 ], [ 126.6638317, 37.3892523 ], [ 126.6638317, 37.3892523 ], [ 126.6638316, 37.3892522 ], [ 126.6638316, 37.3892523 ], [ 126.6638317, 37.3892524 ], [ 126.6638316, 37.3892523 ], [ 126.6638316, 37.3892522 ], [ 126.6638317, 37.3892523 ], [ 126.6638316, 37.3892523 ], [ 126.6638318, 37.3892524 ], [ 126.6638316, 37.3892524 ], [ 126.6638318, 37.3892524 ], [ 126.6638318, 37.3892523 ], [ 126.6638318, 37.3892523 ], [ 126.6638317, 37.3892523 ], [ 126.6638317, 37.3892524 ], [ 126.6638317, 37.3892524 ], [ 126.6638318, 37.3892524 ], [ 126.6638317, 37.3892524 ], [ 126.6638317, 37.3892524 ], [ 126.6638317, 37.3892524 ], [ 126.6638317, 37.3892524 ], [ 126.6638316, 37.3892523 ], [ 126.6638317, 37.3892523 ], [ 126.6638319, 37.3892524 ], [ 126.6638319, 37.3892524 ], [ 126.663832, 37.3892525 ], [ 126.6638318, 37.3892524 ], [ 126.6638318, 37.3892524 ], [ 126.6638319, 37.3892525 ], [ 126.663832, 37.3892525 ], [ 126.6638317, 37.3892523 ], [ 126.6638318, 37.3892523 ], [ 126.6638318, 37.3892522 ], [ 126.6638318, 37.3892522 ], [ 126.6638317, 37.3892523 ], [ 126.6638318, 37.3892522 ], [ 126.6638318, 37.3892523 ], [ 126.6638317, 37.3892522 ], [ 126.663832, 37.3892525 ], [ 126.6638316, 37.3892521 ], [ 126.6638317, 37.3892521 ], [ 126.6638317, 37.3892521 ], [ 126.6638316, 37.3892521 ], [ 126.6638321, 37.3892523 ], [ 126.6638319, 37.3892521 ], [ 126.6638318, 37.389252 ], [ 126.6638316, 37.389252 ], [ 126.6638316, 37.389252 ], [ 126.6638316, 37.389252 ], [ 126.6638315, 37.389252 ], [ 126.6638317, 37.3892521 ], [ 126.6638315, 37.3892519 ], [ 126.6638315, 37.389252 ], [ 126.6638315, 37.3892519 ], [ 126.6638315, 37.389252 ], [ 126.6638318, 37.3892521 ], [ 126.6638316, 37.389252 ], [ 126.6638316, 37.389252 ], [ 126.6638315, 37.389252 ], [ 126.6638316, 37.389252 ], [ 126.6638317, 37.3892521 ], [ 126.6638318, 37.3892521 ], [ 126.6638318, 37.3892521 ], [ 126.6638318, 37.3892521 ], [ 126.6638318, 37.3892521 ], [ 126.6638318, 37.389252 ], [ 126.6638318, 37.3892519 ], [ 126.6638318, 37.3892519 ], [ 126.6638318, 37.3892519 ], [ 126.663832, 37.3892521 ], [ 126.6638317, 37.3892518 ], [ 126.6638317, 37.3892517 ], [ 126.6638316, 37.3892516 ], [ 126.6638315, 37.3892515 ], [ 126.6638315, 37.3892515 ], [ 126.6638316, 37.3892515 ], [ 126.6638314, 37.3892514 ], [ 126.6638315, 37.3892515 ], [ 126.6638315, 37.3892515 ] ] } },
{ "type": "Feature", "properties": { "Vehicle_ID": 73, "Vehicle_Class": 0, "Num_Points": 150, "Start_Time": "2022-10-07 17:52:13.500", "End_Time": "2022-10-07 17:52:18.471", "Start_Frame": 0, "End_Frame": 149, "Mean_Speed": 30.2, "Max_Speed": 36.8, "Vehicle_Length": 5.05, "Vehicle_Width": 2.17 }, "geometry": { "type": "LineString", "coordinates": [ [ 126.663009, 37.3887214 ], [ 126.6630067, 37.3887189 ], [ 126.6630043, 37.3887165 ], [ 126.6630017, 37.3887139 ], [ 126.6629989, 37.3887111 ], [ 126.6629964, 37.3887086 ], [ 126.6629941, 37.3887062 ], [ 126.6629917, 37.3887038 ], [ 126.6629892, 37.3887013 ], [ 126.6629868, 37.3886988 ], [ 126.6629844, 37.3886964 ], [ 126.6629819, 37.3886939 ], [ 126.6629795, 37.3886916 ], [ 126.6629772, 37.3886892 ], [ 126.6629749, 37.388687 ], [ 126.6629727, 37.3886847 ], [ 126.6629704, 37.3886823 ], [ 126.6629678, 37.3886797 ], [ 126.6629655, 37.3886773 ], [ 126.6629633, 37.388675 ], [ 126.6629609, 37.3886726 ], [ 126.6629588, 37.3886704 ], [ 126.6629568, 37.3886683 ], [ 126.6629544, 37.3886659 ], [ 126.6629522, 37.3886636 ], [ 126.6629501, 37.3886614 ], [ 126.6629478, 37.3886591 ], [ 126.6629456, 37.3886569 ], [ 126.6629435, 37.3886547 ], [ 126.6629415, 37.3886526 ], [ 126.6629395, 37.3886505 ], [ 126.6629373, 37.3886482 ], [ 126.6629352, 37.3886461 ], [ 126.6629332, 37.388644 ], [ 126.662931, 37.3886419 ], [ 126.6629291, 37.3886399 ], [ 126.6629271, 37.3886379 ], [ 126.6629252, 37.3886359 ], [ 126.6629231, 37.3886339 ], [ 126.662921, 37.3886317 ], [ 126.662919, 37.3886298 ], [ 126.6629173, 37.3886275 ], [ 126.6629153, 37.3886253 ], [ 126.6629138, 37.3886235 ], [ 126.6629118, 37.3886214 ], [ 126.6629097, 37.3886194 ], [ 126.6629077, 37.3886174 ], [ 126.6629057, 37.3886153 ], [ 126.6629036, 37.3886133 ], [ 126.6629019, 37.3886113 ], [ 126.6628998, 37.3886092 ], [ 126.662898, 37.3886073 ], [ 126.6628961, 37.3886053 ], [ 126.6628942, 37.3886033 ], [ 126.6628925, 37.3886014 ], [ 126.6628907, 37.3885995 ], [ 126.6628882, 37.3885974 ], [ 126.6628864, 37.3885955 ], [ 126.6628848, 37.3885935 ], [ 126.6628828, 37.3885914 ], [ 126.6628807, 37.3885895 ], [ 126.662879, 37.3885876 ], [ 126.6628771, 37.3885858 ], [ 126.6628751, 37.3885837 ], [ 126.6628733, 37.3885818 ], [ 126.6628714, 37.3885798 ], [ 126.6628694, 37.3885777 ], [ 126.6628676, 37.388576 ], [ 126.6628658, 37.3885741 ], [ 126.6628639, 37.3885721 ], [ 126.6628621, 37.3885703 ], [ 126.6628602, 37.3885683 ], [ 126.6628582, 37.3885663 ], [ 126.6628563, 37.3885643 ], [ 126.6628544, 37.3885624 ], [ 126.6628526, 37.3885605 ], [ 126.6628506, 37.3885585 ], [ 126.6628488, 37.3885565 ], [ 126.6628467, 37.3885544 ], [ 126.6628449, 37.3885526 ], [ 126.662843, 37.3885506 ], [ 126.6628412, 37.3885488 ], [ 126.6628393, 37.3885468 ], [ 126.6628376, 37.388545 ], [ 126.6628357, 37.3885431 ], [ 126.6628338, 37.3885411 ], [ 126.6628319, 37.3885392 ], [ 126.6628299, 37.3885372 ], [ 126.6628281, 37.3885352 ], [ 126.6628261, 37.3885332 ], [ 126.6628244, 37.3885314 ], [ 126.6628227, 37.3885296 ], [ 126.6628207, 37.3885275 ], [ 126.6628191, 37.3885259 ], [ 126.6628175, 37.3885241 ], [ 126.662816, 37.3885225 ], [ 126.6628142, 37.3885207 ], [ 126.6628122, 37.3885187 ], [ 126.6628105, 37.3885169 ], [ 126.6628083, 37.3885146 ], [ 126.6628065, 37.3885126 ], [ 126.6628047, 37.3885107 ], [ 126.6628029, 37.3885087 ], [ 126.6628014, 37.3885071 ], [ 126.6627995, 37.3885054 ], [ 126.662798, 37.3885037 ], [ 126.6627961, 37.3885017 ], [ 126.6627945, 37.3885002 ], [ 126.6627929, 37.3884985 ], [ 126.6627908, 37.3884964 ], [ 126.662789, 37.3884942 ], [ 126.662787, 37.3884922 ], [ 126.6627849, 37.3884901 ], [ 126.6627831, 37.3884882 ], [ 126.6627818, 37.3884868 ], [ 126.6627804, 37.3884852 ], [ 126.6627784, 37.3884831 ], [ 126.6627765, 37.3884811 ], [ 126.6627745, 37.3884792 ], [ 126.6627725, 37.3884773 ], [ 126.6627705, 37.3884752 ], [ 126.6627686, 37.3884732 ], [ 126.6627665, 37.3884711 ], [ 126.6627648, 37.3884693 ], [ 126.6627638, 37.3884682 ], [ 126.6627621, 37.3884666 ], [ 126.662761, 37.3884653 ], [ 126.6627595, 37.3884639 ], [ 126.6627573, 37.3884617 ], [ 126.6627552, 37.3884595 ], [ 126.6627532, 37.3884573 ], [ 126.6627514, 37.3884552 ], [ 126.6627493, 37.3884531 ], [ 126.6627476, 37.3884511 ], [ 126.6627458, 37.3884492 ], [ 126.6627446, 37.3884478 ], [ 126.6627432, 37.3884465 ], [ 126.6627418, 37.388445 ], [ 126.6627402, 37.3884433 ], [ 126.6627382, 37.3884414 ], [ 126.6627364, 37.3884395 ], [ 126.6627346, 37.3884375 ], [ 126.662733, 37.3884359 ], [ 126.6627314, 37.3884343 ], [ 126.6627298, 37.3884326 ], [ 126.662728, 37.3884308 ], [ 126.6627266, 37.3884293 ], [ 126.6627252, 37.3884278 ], [ 126.6627234, 37.3884261 ], [ 126.6627216, 37.3884244 ] ] } },
{ "type": "Feature", "properties": { "Vehicle_ID": 74, "Vehicle_Class": 0, "Num_Points": 150, "Start_Time": "2022-10-07 17:52:13.500", "End_Time": "2022-10-07 17:52:18.471", "Start_Frame": 0, "End_Frame": 149, "Mean_Speed": 1.6, "Max_Speed": 3.2, "Vehicle_Length": 4.14, "Vehicle_Width": 2.09 }, "geometry": { "type": "LineString", "coordinates": [ [ 126.6636222, 37.3890341 ], [ 126.6636221, 37.3890341 ], [ 126.6636219, 37.3890341 ], [ 126.6636219, 37.3890341 ], [ 126.6636219, 37.3890341 ], [ 126.6636219, 37.3890342 ], [ 126.6636219, 37.3890341 ], [ 126.6636218, 37.3890342 ], [ 126.6636218, 37.3890341 ], [ 126.6636218, 37.3890341 ], [ 126.6636218, 37.3890342 ], [ 126.6636217, 37.3890342 ], [ 126.6636217, 37.3890342 ], [ 126.6636217, 37.3890342 ], [ 126.6636217, 37.3890343 ], [ 126.6636216, 37.3890343 ], [ 126.6636217, 37.3890343 ], [ 126.6636216, 37.3890343 ], [ 126.6636217, 37.3890344 ], [ 126.6636216, 37.3890343 ], [ 126.6636216, 37.3890342 ], [ 126.6636215, 37.3890342 ], [ 126.6636215, 37.3890342 ], [ 126.6636215, 37.3890341 ], [ 126.6636215, 37.3890341 ], [ 126.6636215, 37.3890341 ], [ 126.6636215, 37.3890341 ], [ 126.6636215, 37.3890341 ], [ 126.6636215, 37.3890341 ], [ 126.6636215, 37.3890341 ], [ 126.6636217, 37.3890343 ], [ 126.6636216, 37.3890342 ], [ 126.6636217, 37.3890342 ], [ 126.6636216, 37.3890342 ], [ 126.6636215, 37.3890342 ], [ 126.6636215, 37.3890342 ], [ 126.6636215, 37.3890342 ], [ 126.6636215, 37.3890343 ], [ 126.6636214, 37.3890342 ], [ 126.6636214, 37.3890342 ], [ 126.6636214, 37.3890344 ], [ 126.6636219, 37.3890344 ], [ 126.6636216, 37.3890338 ], [ 126.6636222, 37.3890342 ], [ 126.6636222, 37.3890343 ], [ 126.6636222, 37.3890343 ], [ 126.6636223, 37.3890343 ], [ 126.6636223, 37.3890343 ], [ 126.6636219, 37.3890343 ], [ 126.6636219, 37.3890338 ], [ 126.6636219, 37.3890342 ], [ 126.663622, 37.3890344 ], [ 126.6636224, 37.3890345 ], [ 126.6636219, 37.3890344 ], [ 126.663622, 37.3890345 ], [ 126.6636223, 37.3890347 ], [ 126.6636215, 37.3890344 ], [ 126.6636224, 37.3890345 ], [ 126.6636222, 37.3890343 ], [ 126.6636222, 37.3890339 ], [ 126.6636218, 37.3890338 ], [ 126.6636222, 37.3890342 ], [ 126.6636219, 37.3890343 ], [ 126.6636222, 37.3890344 ], [ 126.6636225, 37.3890343 ], [ 126.663622, 37.3890338 ], [ 126.6636223, 37.3890343 ], [ 126.6636226, 37.3890346 ], [ 126.6636223, 37.3890343 ], [ 126.6636223, 37.3890343 ], [ 126.6636223, 37.3890344 ], [ 126.6636223, 37.3890343 ], [ 126.6636223, 37.3890342 ], [ 126.6636223, 37.3890343 ], [ 126.6636223, 37.3890343 ], [ 126.6636222, 37.3890343 ], [ 126.6636222, 37.3890343 ], [ 126.6636221, 37.3890344 ], [ 126.663622, 37.3890345 ], [ 126.6636221, 37.3890345 ], [ 126.663622, 37.3890344 ], [ 126.6636221, 37.3890344 ], [ 126.6636221, 37.3890344 ], [ 126.6636221, 37.3890344 ], [ 126.6636221, 37.3890344 ], [ 126.6636221, 37.3890344 ], [ 126.6636221, 37.3890345 ], [ 126.6636221, 37.3890344 ], [ 126.663622, 37.3890345 ], [ 126.663622, 37.3890345 ], [ 126.6636221, 37.3890345 ], [ 126.6636221, 37.3890344 ], [ 126.6636219, 37.3890344 ], [ 126.663622, 37.3890344 ], [ 126.6636221, 37.3890345 ], [ 126.6636222, 37.3890344 ], [ 126.6636223, 37.3890344 ], [ 126.6636221, 37.3890343 ], [ 126.6636221, 37.3890344 ], [ 126.6636221, 37.3890345 ], [ 126.6636222, 37.3890345 ], [ 126.6636221, 37.3890344 ], [ 126.6636221, 37.3890344 ], [ 126.6636221, 37.3890343 ], [ 126.6636221, 37.3890343 ], [ 126.6636221, 37.3890344 ], [ 126.6636221, 37.3890343 ], [ 126.6636223, 37.3890343 ], [ 126.6636221, 37.3890343 ], [ 126.6636224, 37.3890345 ], [ 126.663622, 37.3890343 ], [ 126.6636221, 37.3890343 ], [ 126.6636221, 37.3890343 ], [ 126.663622, 37.3890344 ], [ 126.6636224, 37.3890345 ], [ 126.6636222, 37.3890344 ], [ 126.6636221, 37.3890343 ], [ 126.663622, 37.3890343 ], [ 126.663622, 37.3890343 ], [ 126.6636221, 37.3890343 ], [ 126.663622, 37.3890344 ], [ 126.6636222, 37.3890344 ], [ 126.663622, 37.3890343 ], [ 126.663622, 37.3890343 ], [ 126.6636221, 37.3890341 ], [ 126.6636221, 37.3890341 ], [ 126.6636223, 37.3890342 ], [ 126.6636222, 37.3890341 ], [ 126.6636222, 37.3890341 ], [ 126.6636221, 37.389034 ], [ 126.6636221, 37.389034 ], [ 126.6636222, 37.3890341 ], [ 126.6636222, 37.3890341 ], [ 126.6636222, 37.3890341 ], [ 126.6636222, 37.3890341 ], [ 126.6636221, 37.3890341 ], [ 126.6636221, 37.3890341 ], [ 126.6636222, 37.389034 ], [ 126.6636222, 37.3890341 ], [ 126.6636222, 37.3890341 ], [ 126.6636224, 37.3890343 ], [ 126.6636222, 37.3890341 ], [ 126.6636222, 37.389034 ], [ 126.6636221, 37.3890339 ], [ 126.6636221, 37.3890339 ], [ 126.6636221, 37.3890339 ], [ 126.6636222, 37.3890339 ], [ 126.6636221, 37.3890339 ], [ 126.6636222, 37.3890339 ], [ 126.6636222, 37.3890339 ] ] } },
{ "type": "Feature", "properties": { "Vehicle_ID": 75, "Vehicle_Class": 0, "Num_Points": 150, "Start_Time": "2022-10-07 17:52:13.500", "End_Time": "2022-10-07 17:52:18.471", "Start_Frame": 0, "End_Frame": 149, "Mean_Speed": 14.7, "Max_Speed": 20.0, "Vehicle_Length": 5.13, "Vehicle_Width": 2.24 }, "geometry": { "type": "LineString", "coordinates": [ [ 126.662962, 37.388355 ], [ 126.6629628, 37.3883559 ], [ 126.6629636, 37.3883568 ], [ 126.6629644, 37.3883578 ], [ 126.6629653, 37.3883588 ], [ 126.6629663, 37.3883599 ], [ 126.6629673, 37.3883611 ], [ 126.6629688, 37.3883628 ], [ 126.6629708, 37.388365 ], [ 126.6629725, 37.3883665 ], [ 126.6629738, 37.3883681 ], [ 126.6629751, 37.3883694 ], [ 126.6629765, 37.388371 ], [ 126.6629777, 37.3883723 ], [ 126.6629788, 37.3883735 ], [ 126.6629801, 37.3883748 ], [ 126.6629812, 37.388376 ], [ 126.6629822, 37.3883773 ], [ 126.6629836, 37.3883788 ], [ 126.662985, 37.3883801 ], [ 126.6629864, 37.3883814 ], [ 126.6629877, 37.3883828 ], [ 126.6629893, 37.3883843 ], [ 126.6629907, 37.3883857 ], [ 126.6629922, 37.3883872 ], [ 126.6629937, 37.3883887 ], [ 126.6629952, 37.3883901 ], [ 126.6629966, 37.3883916 ], [ 126.6629979, 37.3883928 ], [ 126.6629991, 37.3883938 ], [ 126.6630002, 37.3883947 ], [ 126.6630011, 37.3883958 ], [ 126.6630021, 37.3883967 ], [ 126.6630031, 37.3883979 ], [ 126.6630044, 37.3883991 ], [ 126.6630056, 37.3884005 ], [ 126.6630069, 37.3884022 ], [ 126.6630084, 37.3884039 ], [ 126.6630098, 37.3884053 ], [ 126.6630111, 37.3884067 ], [ 126.6630124, 37.388408 ], [ 126.6630139, 37.3884092 ], [ 126.6630153, 37.3884101 ], [ 126.6630169, 37.3884115 ], [ 126.663018, 37.3884124 ], [ 126.6630189, 37.3884132 ], [ 126.6630199, 37.3884146 ], [ 126.6630213, 37.3884158 ], [ 126.6630224, 37.3884172 ], [ 126.6630238, 37.3884186 ], [ 126.6630252, 37.3884199 ], [ 126.6630269, 37.388422 ], [ 126.6630285, 37.3884234 ], [ 126.6630302, 37.3884251 ], [ 126.6630315, 37.3884263 ], [ 126.6630326, 37.3884273 ], [ 126.6630332, 37.3884285 ], [ 126.6630344, 37.3884294 ], [ 126.6630354, 37.3884302 ], [ 126.6630359, 37.3884304 ], [ 126.6630363, 37.3884309 ], [ 126.6630368, 37.3884313 ], [ 126.6630382, 37.3884329 ], [ 126.6630401, 37.3884348 ], [ 126.6630422, 37.3884365 ], [ 126.6630435, 37.3884381 ], [ 126.6630449, 37.3884396 ], [ 126.6630464, 37.3884411 ], [ 126.6630476, 37.3884425 ], [ 126.6630491, 37.388444 ], [ 126.6630505, 37.3884455 ], [ 126.6630519, 37.3884469 ], [ 126.663053, 37.3884482 ], [ 126.6630539, 37.3884491 ], [ 126.6630548, 37.3884501 ], [ 126.6630558, 37.388451 ], [ 126.6630568, 37.388452 ], [ 126.6630577, 37.3884529 ], [ 126.6630584, 37.3884537 ], [ 126.6630594, 37.3884546 ], [ 126.6630602, 37.3884556 ], [ 126.6630614, 37.3884566 ], [ 126.6630624, 37.3884576 ], [ 126.6630635, 37.3884587 ], [ 126.6630645, 37.3884598 ], [ 126.6630655, 37.388461 ], [ 126.6630665, 37.3884621 ], [ 126.6630675, 37.3884631 ], [ 126.6630686, 37.3884641 ], [ 126.6630695, 37.388465 ], [ 126.6630705, 37.388466 ], [ 126.6630713, 37.3884668 ], [ 126.663072, 37.3884675 ], [ 126.6630729, 37.3884684 ], [ 126.6630737, 37.3884693 ], [ 126.6630745, 37.38847 ], [ 126.6630752, 37.3884707 ], [ 126.6630757, 37.3884714 ], [ 126.6630764, 37.3884722 ], [ 126.6630772, 37.388473 ], [ 126.6630781, 37.3884738 ], [ 126.6630788, 37.3884746 ], [ 126.6630796, 37.3884755 ], [ 126.6630803, 37.3884762 ], [ 126.6630808, 37.3884766 ], [ 126.6630817, 37.3884776 ], [ 126.6630823, 37.3884782 ], [ 126.6630829, 37.3884789 ], [ 126.6630835, 37.3884796 ], [ 126.6630843, 37.3884804 ], [ 126.6630849, 37.3884809 ], [ 126.6630854, 37.3884815 ], [ 126.6630859, 37.3884821 ], [ 126.6630866, 37.3884827 ], [ 126.6630874, 37.3884832 ], [ 126.6630878, 37.3884837 ], [ 126.6630882, 37.388484 ], [ 126.6630886, 37.3884845 ], [ 126.663089, 37.3884849 ], [ 126.6630893, 37.3884852 ], [ 126.6630899, 37.3884857 ], [ 126.6630903, 37.3884862 ], [ 126.6630906, 37.3884865 ], [ 126.6630908, 37.3884867 ], [ 126.6630912, 37.3884872 ], [ 126.6630917, 37.3884876 ], [ 126.6630921, 37.3884881 ], [ 126.6630924, 37.3884884 ], [ 126.6630928, 37.3884888 ], [ 126.6630931, 37.3884893 ], [ 126.6630936, 37.3884896 ], [ 126.6630941, 37.3884901 ], [ 126.6630945, 37.3884906 ], [ 126.6630949, 37.388491 ], [ 126.6630953, 37.3884915 ], [ 126.6630957, 37.3884919 ], [ 126.6630961, 37.3884923 ], [ 126.6630966, 37.3884927 ], [ 126.6630971, 37.3884934 ], [ 126.6630975, 37.3884939 ], [ 126.663098, 37.3884944 ], [ 126.6630984, 37.3884949 ], [ 126.6630989, 37.3884953 ], [ 126.6630993, 37.3884958 ], [ 126.6630999, 37.3884962 ], [ 126.6631004, 37.3884968 ], [ 126.6631008, 37.3884972 ], [ 126.6631013, 37.3884977 ], [ 126.6631017, 37.388498 ], [ 126.6631021, 37.3884985 ] ] } },
{ "type": "Feature", "properties": { "Vehicle_ID": 76, "Vehicle_Class": 0, "Num_Points": 150, "Start_Time": "2022-10-07 17:52:13.500", "End_Time": "2022-10-07 17:52:18.471", "Start_Frame": 0, "End_Frame": 149, "Mean_Speed": 1.7, "Max_Speed": 3.5, "Vehicle_Length": 5.18, "Vehicle_Width": 2.36 }, "geometry": { "type": "LineString", "coordinates": [ [ 126.6636812, 37.3890894 ], [ 126.6636811, 37.3890895 ], [ 126.6636809, 37.3890894 ], [ 126.6636808, 37.3890895 ], [ 126.6636808, 37.3890895 ], [ 126.6636808, 37.3890895 ], [ 126.6636807, 37.3890895 ], [ 126.6636807, 37.3890895 ], [ 126.6636806, 37.3890894 ], [ 126.6636807, 37.3890893 ], [ 126.6636806, 37.3890894 ], [ 126.6636805, 37.3890894 ], [ 126.6636806, 37.3890894 ], [ 126.6636806, 37.3890894 ], [ 126.6636806, 37.3890894 ], [ 126.6636806, 37.3890894 ], [ 126.6636806, 37.3890895 ], [ 126.6636806, 37.3890894 ], [ 126.6636807, 37.3890895 ], [ 126.6636805, 37.3890894 ], [ 126.6636805, 37.3890894 ], [ 126.6636805, 37.3890893 ], [ 126.6636805, 37.3890894 ], [ 126.6636805, 37.3890894 ], [ 126.6636805, 37.3890894 ], [ 126.6636805, 37.3890894 ], [ 126.6636805, 37.3890894 ], [ 126.6636805, 37.3890894 ], [ 126.6636805, 37.3890894 ], [ 126.6636805, 37.3890894 ], [ 126.6636807, 37.3890895 ], [ 126.6636806, 37.3890894 ], [ 126.6636807, 37.3890894 ], [ 126.6636806, 37.3890894 ], [ 126.6636805, 37.3890893 ], [ 126.6636804, 37.3890894 ], [ 126.6636804, 37.3890894 ], [ 126.6636804, 37.3890895 ], [ 126.6636803, 37.3890894 ], [ 126.6636802, 37.3890894 ], [ 126.6636801, 37.3890896 ], [ 126.6636806, 37.3890896 ], [ 126.6636803, 37.3890891 ], [ 126.6636811, 37.3890895 ], [ 126.6636811, 37.3890896 ], [ 126.6636811, 37.3890897 ], [ 126.6636813, 37.3890897 ], [ 126.6636812, 37.3890897 ], [ 126.6636808, 37.3890897 ], [ 126.6636808, 37.3890892 ], [ 126.6636808, 37.3890896 ], [ 126.6636807, 37.3890899 ], [ 126.6636814, 37.3890898 ], [ 126.663681, 37.3890897 ], [ 126.6636811, 37.3890897 ], [ 126.6636814, 37.3890899 ], [ 126.6636806, 37.3890895 ], [ 126.6636813, 37.3890897 ], [ 126.6636811, 37.3890896 ], [ 126.6636811, 37.3890891 ], [ 126.6636806, 37.389089 ], [ 126.6636811, 37.3890895 ], [ 126.6636807, 37.3890895 ], [ 126.663681, 37.3890896 ], [ 126.6636813, 37.3890896 ], [ 126.6636807, 37.389089 ], [ 126.6636811, 37.3890896 ], [ 126.6636814, 37.3890898 ], [ 126.6636811, 37.3890896 ], [ 126.663681, 37.3890896 ], [ 126.663681, 37.3890897 ], [ 126.6636809, 37.3890895 ], [ 126.6636808, 37.3890895 ], [ 126.6636808, 37.3890895 ], [ 126.6636809, 37.3890896 ], [ 126.6636808, 37.3890895 ], [ 126.6636809, 37.3890895 ], [ 126.6636809, 37.3890895 ], [ 126.6636809, 37.3890896 ], [ 126.6636811, 37.3890897 ], [ 126.663681, 37.3890896 ], [ 126.6636812, 37.3890897 ], [ 126.6636813, 37.3890896 ], [ 126.6636814, 37.3890897 ], [ 126.6636814, 37.3890896 ], [ 126.6636814, 37.3890897 ], [ 126.6636814, 37.3890897 ], [ 126.6636813, 37.3890896 ], [ 126.6636813, 37.3890896 ], [ 126.6636813, 37.3890896 ], [ 126.6636813, 37.3890897 ], [ 126.6636813, 37.3890897 ], [ 126.6636811, 37.3890896 ], [ 126.6636812, 37.3890896 ], [ 126.6636813, 37.3890897 ], [ 126.6636813, 37.3890896 ], [ 126.6636813, 37.3890897 ], [ 126.6636812, 37.3890896 ], [ 126.6636812, 37.3890896 ], [ 126.6636812, 37.3890897 ], [ 126.6636813, 37.3890898 ], [ 126.6636811, 37.3890896 ], [ 126.6636811, 37.3890896 ], [ 126.6636811, 37.3890896 ], [ 126.6636811, 37.3890895 ], [ 126.663681, 37.3890896 ], [ 126.6636811, 37.3890895 ], [ 126.663681, 37.3890895 ], [ 126.6636809, 37.3890895 ], [ 126.6636811, 37.3890897 ], [ 126.6636808, 37.3890895 ], [ 126.6636808, 37.3890895 ], [ 126.6636809, 37.3890895 ], [ 126.6636808, 37.3890896 ], [ 126.6636812, 37.3890897 ], [ 126.6636811, 37.3890895 ], [ 126.6636809, 37.3890894 ], [ 126.6636808, 37.3890894 ], [ 126.6636808, 37.3890894 ], [ 126.6636808, 37.3890894 ], [ 126.6636808, 37.3890895 ], [ 126.663681, 37.3890895 ], [ 126.6636808, 37.3890894 ], [ 126.6636808, 37.3890894 ], [ 126.6636808, 37.3890894 ], [ 126.6636809, 37.3890895 ], [ 126.6636811, 37.3890896 ], [ 126.663681, 37.3890895 ], [ 126.663681, 37.3890895 ], [ 126.6636809, 37.3890895 ], [ 126.663681, 37.3890895 ], [ 126.663681, 37.3890895 ], [ 126.6636811, 37.3890894 ], [ 126.6636811, 37.3890895 ], [ 126.663681, 37.3890894 ], [ 126.663681, 37.3890894 ], [ 126.663681, 37.3890895 ], [ 126.6636811, 37.3890894 ], [ 126.663681, 37.3890895 ], [ 126.663681, 37.3890896 ], [ 126.6636812, 37.3890898 ], [ 126.663681, 37.3890896 ], [ 126.6636809, 37.3890895 ], [ 126.6636808, 37.3890895 ], [ 126.6636808, 37.3890895 ], [ 126.6636807, 37.3890895 ], [ 126.6636808, 37.3890895 ], [ 126.6636807, 37.3890894 ], [ 126.6636808, 37.3890895 ], [ 126.6636808, 37.3890895 ] ] } },
{ "type": "Feature", "properties": { "Vehicle_ID": 77, "Vehicle_Class": 0, "Num_Points": 150, "Start_Time": "2022-10-07 17:52:13.500", "End_Time": "2022-10-07 17:52:18.471", "Start_Frame": 0, "End_Frame": 149, "Mean_Speed": 31.1, "Max_Speed": 32.6, "Vehicle_Length": 5.02, "Vehicle_Width": 2.25 }, "geometry": { "type": "LineString", "coordinates": [ [ 126.6633997, 37.3891285 ], [ 126.6633973, 37.3891264 ], [ 126.6633951, 37.3891243 ], [ 126.663393, 37.3891223 ], [ 126.6633911, 37.3891204 ], [ 126.6633891, 37.3891185 ], [ 126.6633873, 37.3891165 ], [ 126.6633854, 37.3891147 ], [ 126.6633834, 37.3891126 ], [ 126.6633817, 37.3891108 ], [ 126.6633798, 37.3891089 ], [ 126.6633779, 37.389107 ], [ 126.6633763, 37.3891051 ], [ 126.6633745, 37.3891032 ], [ 126.6633726, 37.3891013 ], [ 126.6633709, 37.3890995 ], [ 126.6633691, 37.3890977 ], [ 126.6633671, 37.3890956 ], [ 126.6633652, 37.3890936 ], [ 126.6633634, 37.3890916 ], [ 126.6633615, 37.3890895 ], [ 126.6633596, 37.3890876 ], [ 126.6633578, 37.3890856 ], [ 126.6633559, 37.3890836 ], [ 126.6633541, 37.3890818 ], [ 126.6633523, 37.3890798 ], [ 126.6633505, 37.3890779 ], [ 126.6633487, 37.389076 ], [ 126.6633467, 37.3890739 ], [ 126.663345, 37.389072 ], [ 126.663343, 37.3890701 ], [ 126.663341, 37.389068 ], [ 126.6633392, 37.3890661 ], [ 126.6633372, 37.389064 ], [ 126.6633353, 37.389062 ], [ 126.6633333, 37.3890601 ], [ 126.6633314, 37.3890581 ], [ 126.6633296, 37.3890564 ], [ 126.6633275, 37.3890541 ], [ 126.6633256, 37.3890522 ], [ 126.6633237, 37.3890504 ], [ 126.6633221, 37.3890483 ], [ 126.6633201, 37.389046 ], [ 126.6633187, 37.3890442 ], [ 126.6633166, 37.3890422 ], [ 126.6633148, 37.3890403 ], [ 126.6633127, 37.3890382 ], [ 126.6633108, 37.3890361 ], [ 126.6633089, 37.3890343 ], [ 126.6633067, 37.3890319 ], [ 126.6633046, 37.3890301 ], [ 126.6633028, 37.3890282 ], [ 126.6633011, 37.3890262 ], [ 126.663299, 37.389024 ], [ 126.6632972, 37.389022 ], [ 126.6632955, 37.3890202 ], [ 126.663293, 37.3890181 ], [ 126.6632913, 37.3890159 ], [ 126.6632895, 37.389014 ], [ 126.6632876, 37.3890117 ], [ 126.6632852, 37.3890094 ], [ 126.6632836, 37.3890077 ], [ 126.6632815, 37.3890058 ], [ 126.6632796, 37.3890037 ], [ 126.6632779, 37.3890019 ], [ 126.6632756, 37.3889992 ], [ 126.6632736, 37.3889974 ], [ 126.6632719, 37.3889958 ], [ 126.6632698, 37.3889935 ], [ 126.6632678, 37.3889913 ], [ 126.6632659, 37.3889895 ], [ 126.6632638, 37.3889872 ], [ 126.6632618, 37.388985 ], [ 126.6632598, 37.3889831 ], [ 126.6632577, 37.3889809 ], [ 126.6632557, 37.3889788 ], [ 126.6632537, 37.3889767 ], [ 126.6632516, 37.3889745 ], [ 126.6632494, 37.3889725 ], [ 126.6632476, 37.3889706 ], [ 126.6632454, 37.3889682 ], [ 126.6632435, 37.3889662 ], [ 126.6632415, 37.3889641 ], [ 126.6632394, 37.388962 ], [ 126.6632373, 37.3889599 ], [ 126.6632354, 37.3889579 ], [ 126.6632332, 37.3889556 ], [ 126.6632312, 37.3889535 ], [ 126.6632294, 37.3889516 ], [ 126.6632272, 37.3889494 ], [ 126.6632252, 37.3889474 ], [ 126.6632233, 37.3889453 ], [ 126.6632209, 37.3889429 ], [ 126.6632191, 37.388941 ], [ 126.6632173, 37.3889392 ], [ 126.6632151, 37.3889368 ], [ 126.6632132, 37.3889349 ], [ 126.6632111, 37.3889328 ], [ 126.6632088, 37.3889305 ], [ 126.6632068, 37.3889284 ], [ 126.6632049, 37.3889264 ], [ 126.6632027, 37.3889242 ], [ 126.6632008, 37.3889222 ], [ 126.6631987, 37.3889201 ], [ 126.6631964, 37.3889177 ], [ 126.6631946, 37.3889158 ], [ 126.6631928, 37.3889139 ], [ 126.6631907, 37.3889117 ], [ 126.6631886, 37.3889095 ], [ 126.6631868, 37.3889076 ], [ 126.6631844, 37.388905 ], [ 126.6631824, 37.3889029 ], [ 126.6631806, 37.388901 ], [ 126.6631784, 37.3888989 ], [ 126.6631766, 37.388897 ], [ 126.6631748, 37.388895 ], [ 126.6631726, 37.3888928 ], [ 126.6631708, 37.3888909 ], [ 126.663169, 37.388889 ], [ 126.6631671, 37.3888873 ], [ 126.6631654, 37.3888856 ], [ 126.6631634, 37.3888837 ], [ 126.6631611, 37.3888815 ], [ 126.6631592, 37.3888795 ], [ 126.6631565, 37.3888771 ], [ 126.6631538, 37.3888745 ], [ 126.6631517, 37.3888722 ], [ 126.6631494, 37.3888696 ], [ 126.6631475, 37.3888675 ], [ 126.6631457, 37.3888655 ], [ 126.663144, 37.3888636 ], [ 126.663142, 37.3888615 ], [ 126.6631398, 37.3888591 ], [ 126.6631375, 37.3888567 ], [ 126.6631354, 37.3888543 ], [ 126.6631331, 37.3888519 ], [ 126.663131, 37.3888499 ], [ 126.6631291, 37.3888479 ], [ 126.6631272, 37.3888458 ], [ 126.663125, 37.3888436 ], [ 126.6631225, 37.3888411 ], [ 126.6631205, 37.3888389 ], [ 126.6631185, 37.388837 ], [ 126.6631164, 37.3888348 ], [ 126.6631144, 37.3888327 ], [ 126.6631123, 37.3888307 ], [ 126.6631103, 37.3888285 ], [ 126.6631083, 37.3888264 ], [ 126.6631063, 37.3888243 ], [ 126.6631042, 37.3888222 ] ] } },
{ "type": "Feature", "properties": { "Vehicle_ID": 78, "Vehicle_Class": 0, "Num_Points": 150, "Start_Time": "2022-10-07 17:52:13.500", "End_Time": "2022-10-07 17:52:18.471", "Start_Frame": 0, "End_Frame": 149, "Mean_Speed": 1.5, "Max_Speed": 2.7, "Vehicle_Length": 5.39, "Vehicle_Width": 2.31 }, "geometry": { "type": "LineString", "coordinates": [ [ 126.6625566, 37.3880739 ], [ 126.6625567, 37.388074 ], [ 126.6625566, 37.388074 ], [ 126.6625565, 37.388074 ], [ 126.6625565, 37.388074 ], [ 126.6625564, 37.388074 ], [ 126.6625564, 37.388074 ], [ 126.6625563, 37.388074 ], [ 126.6625562, 37.388074 ], [ 126.6625564, 37.3880739 ], [ 126.6625561, 37.388074 ], [ 126.662556, 37.3880739 ], [ 126.6625559, 37.3880739 ], [ 126.6625559, 37.3880738 ], [ 126.6625557, 37.3880737 ], [ 126.6625557, 37.3880737 ], [ 126.6625557, 37.3880737 ], [ 126.6625557, 37.3880737 ], [ 126.6625556, 37.3880736 ], [ 126.6625556, 37.3880737 ], [ 126.6625556, 37.3880736 ], [ 126.6625556, 37.3880737 ], [ 126.6625556, 37.3880737 ], [ 126.6625557, 37.3880737 ], [ 126.6625557, 37.3880737 ], [ 126.6625557, 37.3880738 ], [ 126.6625557, 37.3880738 ], [ 126.6625558, 37.3880738 ], [ 126.6625558, 37.3880738 ], [ 126.6625558, 37.3880738 ], [ 126.6625558, 37.3880738 ], [ 126.6625558, 37.3880738 ], [ 126.6625555, 37.3880735 ], [ 126.6625556, 37.3880737 ], [ 126.6625556, 37.3880737 ], [ 126.6625556, 37.3880737 ], [ 126.6625556, 37.3880737 ], [ 126.6625556, 37.3880738 ], [ 126.6625555, 37.3880737 ], [ 126.6625555, 37.3880737 ], [ 126.6625554, 37.3880737 ], [ 126.6625557, 37.3880736 ], [ 126.6625559, 37.3880734 ], [ 126.6625562, 37.3880735 ], [ 126.6625562, 37.3880735 ], [ 126.6625563, 37.3880736 ], [ 126.6625559, 37.3880737 ], [ 126.6625562, 37.3880736 ], [ 126.6625556, 37.388073 ], [ 126.662556, 37.3880735 ], [ 126.6625561, 37.3880731 ], [ 126.6625563, 37.3880736 ], [ 126.662556, 37.3880732 ], [ 126.6625565, 37.3880737 ], [ 126.6625565, 37.3880736 ], [ 126.6625565, 37.3880736 ], [ 126.6625563, 37.3880738 ], [ 126.662556, 37.3880735 ], [ 126.6625565, 37.3880737 ], [ 126.6625563, 37.3880736 ], [ 126.6625562, 37.3880735 ], [ 126.6625564, 37.3880735 ], [ 126.6625563, 37.3880736 ], [ 126.6625563, 37.3880737 ], [ 126.6625563, 37.3880734 ], [ 126.6625565, 37.3880739 ], [ 126.6625564, 37.3880736 ], [ 126.6625564, 37.3880737 ], [ 126.6625566, 37.388074 ], [ 126.6625566, 37.3880739 ], [ 126.6625566, 37.388074 ], [ 126.6625566, 37.3880739 ], [ 126.6625565, 37.3880739 ], [ 126.6625565, 37.3880738 ], [ 126.6625565, 37.3880738 ], [ 126.6625565, 37.3880737 ], [ 126.6625565, 37.3880737 ], [ 126.6625566, 37.3880738 ], [ 126.6625564, 37.3880736 ], [ 126.6625565, 37.3880736 ], [ 126.6625564, 37.3880736 ], [ 126.6625565, 37.3880735 ], [ 126.6625565, 37.3880735 ], [ 126.6625565, 37.3880736 ], [ 126.6625564, 37.3880736 ], [ 126.6625563, 37.3880735 ], [ 126.6625563, 37.3880735 ], [ 126.6625563, 37.3880735 ], [ 126.6625563, 37.3880734 ], [ 126.6625564, 37.3880735 ], [ 126.6625565, 37.3880735 ], [ 126.6625565, 37.3880736 ], [ 126.6625568, 37.3880736 ], [ 126.662557, 37.3880739 ], [ 126.662557, 37.3880739 ], [ 126.6625572, 37.3880741 ], [ 126.6625572, 37.3880742 ], [ 126.6625572, 37.3880742 ], [ 126.6625572, 37.3880743 ], [ 126.6625569, 37.3880742 ], [ 126.6625569, 37.3880741 ], [ 126.6625569, 37.3880741 ], [ 126.6625568, 37.3880741 ], [ 126.6625566, 37.388074 ], [ 126.6625563, 37.3880738 ], [ 126.6625566, 37.388074 ], [ 126.6625565, 37.388074 ], [ 126.6625565, 37.3880739 ], [ 126.6625564, 37.3880739 ], [ 126.6625563, 37.3880739 ], [ 126.6625564, 37.3880738 ], [ 126.6625563, 37.3880739 ], [ 126.6625563, 37.3880739 ], [ 126.6625564, 37.3880739 ], [ 126.6625564, 37.3880738 ], [ 126.6625564, 37.3880737 ], [ 126.6625564, 37.3880738 ], [ 126.6625564, 37.3880739 ], [ 126.6625565, 37.3880738 ], [ 126.6625564, 37.3880739 ], [ 126.6625565, 37.3880739 ], [ 126.6625565, 37.388074 ], [ 126.6625565, 37.388074 ], [ 126.6625563, 37.3880738 ], [ 126.6625564, 37.3880739 ], [ 126.6625565, 37.3880739 ], [ 126.6625566, 37.388074 ], [ 126.6625566, 37.388074 ], [ 126.6625565, 37.388074 ], [ 126.6625566, 37.3880741 ], [ 126.6625566, 37.3880741 ], [ 126.6625567, 37.3880741 ], [ 126.6625566, 37.3880741 ], [ 126.6625566, 37.388074 ], [ 126.6625567, 37.3880741 ], [ 126.6625566, 37.3880741 ], [ 126.6625565, 37.388074 ], [ 126.6625566, 37.388074 ], [ 126.6625566, 37.388074 ], [ 126.6625565, 37.388074 ], [ 126.6625566, 37.3880739 ], [ 126.6625566, 37.388074 ], [ 126.6625566, 37.3880741 ], [ 126.6625566, 37.3880741 ], [ 126.6625566, 37.3880739 ], [ 126.6625565, 37.3880739 ], [ 126.6625565, 37.3880739 ], [ 126.6625566, 37.3880739 ], [ 126.6625566, 37.3880738 ], [ 126.6625566, 37.3880739 ] ] } },
{ "type": "Feature", "properties": { "Vehicle_ID": 79, "Vehicle_Class": 0, "Num_Points": 150, "Start_Time": "2022-10-07 17:52:13.500", "End_Time": "2022-10-07 17:52:18.471", "Start_Frame": 0, "End_Frame": 149, "Mean_Speed": 48.4, "Max_Speed": 49.6, "Vehicle_Length": 4.98, "Vehicle_Width": 2.19 }, "geometry": { "type": "LineString", "coordinates": [ [ 126.6627462, 37.3885585 ], [ 126.6627435, 37.3885558 ], [ 126.6627408, 37.3885529 ], [ 126.6627376, 37.3885498 ], [ 126.6627347, 37.3885468 ], [ 126.6627317, 37.3885438 ], [ 126.6627285, 37.3885403 ], [ 126.6627256, 37.3885372 ], [ 126.6627229, 37.3885341 ], [ 126.6627203, 37.3885312 ], [ 126.6627171, 37.3885283 ], [ 126.6627139, 37.3885252 ], [ 126.6627109, 37.388522 ], [ 126.6627081, 37.3885188 ], [ 126.6627047, 37.3885154 ], [ 126.6627022, 37.3885127 ], [ 126.6626999, 37.3885104 ], [ 126.6626968, 37.3885072 ], [ 126.6626935, 37.3885041 ], [ 126.6626903, 37.3885005 ], [ 126.6626873, 37.3884971 ], [ 126.6626839, 37.3884935 ], [ 126.6626808, 37.3884905 ], [ 126.6626781, 37.3884876 ], [ 126.6626751, 37.3884843 ], [ 126.6626721, 37.3884811 ], [ 126.6626692, 37.3884779 ], [ 126.662666, 37.3884747 ], [ 126.6626626, 37.3884713 ], [ 126.6626596, 37.3884681 ], [ 126.6626565, 37.3884649 ], [ 126.6626532, 37.3884615 ], [ 126.6626497, 37.3884579 ], [ 126.6626468, 37.3884548 ], [ 126.6626435, 37.3884515 ], [ 126.6626405, 37.3884483 ], [ 126.6626375, 37.3884451 ], [ 126.6626346, 37.3884421 ], [ 126.6626315, 37.3884388 ], [ 126.6626286, 37.3884356 ], [ 126.6626255, 37.3884325 ], [ 126.662623, 37.3884292 ], [ 126.6626199, 37.3884258 ], [ 126.6626171, 37.3884227 ], [ 126.662614, 37.3884195 ], [ 126.6626111, 37.3884163 ], [ 126.6626076, 37.3884131 ], [ 126.6626047, 37.3884099 ], [ 126.6626014, 37.3884065 ], [ 126.6625987, 37.3884035 ], [ 126.6625955, 37.3884001 ], [ 126.6625925, 37.3883969 ], [ 126.6625891, 37.3883935 ], [ 126.6625864, 37.3883903 ], [ 126.6625832, 37.388387 ], [ 126.6625801, 37.3883837 ], [ 126.6625767, 37.3883804 ], [ 126.6625736, 37.3883773 ], [ 126.662571, 37.3883742 ], [ 126.6625677, 37.3883708 ], [ 126.6625643, 37.3883674 ], [ 126.6625617, 37.3883643 ], [ 126.6625582, 37.3883608 ], [ 126.6625552, 37.3883575 ], [ 126.6625521, 37.3883543 ], [ 126.6625492, 37.3883511 ], [ 126.6625455, 37.3883473 ], [ 126.6625421, 37.388344 ], [ 126.6625392, 37.388341 ], [ 126.6625366, 37.3883383 ], [ 126.6625337, 37.3883354 ], [ 126.6625308, 37.3883321 ], [ 126.6625283, 37.3883297 ], [ 126.662526, 37.3883268 ], [ 126.6625232, 37.3883233 ], [ 126.6625201, 37.3883198 ], [ 126.6625169, 37.3883164 ], [ 126.6625136, 37.388313 ], [ 126.6625099, 37.3883094 ], [ 126.6625067, 37.388306 ], [ 126.6625035, 37.3883028 ], [ 126.6625006, 37.3882997 ], [ 126.6624973, 37.3882961 ], [ 126.6624942, 37.3882927 ], [ 126.6624912, 37.3882896 ], [ 126.6624881, 37.3882864 ], [ 126.6624851, 37.3882831 ], [ 126.6624821, 37.3882799 ], [ 126.6624791, 37.3882767 ], [ 126.6624762, 37.3882735 ], [ 126.6624732, 37.3882701 ], [ 126.6624702, 37.3882668 ], [ 126.6624671, 37.3882636 ], [ 126.6624641, 37.3882607 ], [ 126.6624608, 37.3882572 ], [ 126.6624578, 37.3882541 ], [ 126.6624548, 37.3882509 ], [ 126.6624519, 37.3882479 ], [ 126.6624488, 37.3882447 ], [ 126.6624456, 37.3882415 ], [ 126.6624426, 37.3882382 ], [ 126.6624397, 37.3882352 ], [ 126.6624366, 37.3882319 ], [ 126.6624336, 37.3882288 ], [ 126.6624304, 37.3882254 ], [ 126.6624278, 37.3882224 ], [ 126.6624248, 37.3882191 ], [ 126.6624218, 37.3882158 ], [ 126.6624187, 37.3882124 ], [ 126.6624157, 37.3882092 ], [ 126.6624126, 37.3882056 ], [ 126.6624095, 37.3882025 ], [ 126.6624063, 37.3881993 ], [ 126.6624033, 37.3881963 ], [ 126.6624, 37.388193 ], [ 126.6623969, 37.3881899 ], [ 126.6623939, 37.3881867 ], [ 126.662391, 37.3881838 ], [ 126.6623879, 37.3881804 ], [ 126.6623848, 37.3881773 ], [ 126.6623819, 37.388174 ], [ 126.6623788, 37.3881709 ], [ 126.6623756, 37.3881675 ], [ 126.6623724, 37.3881642 ], [ 126.6623694, 37.388161 ], [ 126.6623664, 37.3881578 ], [ 126.6623633, 37.3881545 ], [ 126.6623602, 37.3881513 ], [ 126.662357, 37.3881481 ], [ 126.6623537, 37.388145 ], [ 126.6623503, 37.3881417 ], [ 126.6623471, 37.3881384 ], [ 126.6623439, 37.3881352 ], [ 126.6623407, 37.3881321 ], [ 126.6623377, 37.3881289 ], [ 126.6623345, 37.3881257 ], [ 126.6623312, 37.3881223 ], [ 126.6623281, 37.3881191 ], [ 126.6623249, 37.3881158 ], [ 126.6623216, 37.3881125 ], [ 126.6623185, 37.3881091 ], [ 126.6623154, 37.388106 ], [ 126.6623122, 37.3881026 ], [ 126.6623092, 37.3880994 ], [ 126.6623059, 37.388096 ], [ 126.6623027, 37.3880928 ], [ 126.6622992, 37.3880894 ], [ 126.6622959, 37.3880861 ], [ 126.6622926, 37.3880829 ], [ 126.6622895, 37.3880797 ] ] } },
{ "type": "Feature", "properties": { "Vehicle_ID": 80, "Vehicle_Class": 0, "Num_Points": 150, "Start_Time": "2022-10-07 17:52:13.500", "End_Time": "2022-10-07 17:52:18.471", "Start_Frame": 0, "End_Frame": 149, "Mean_Speed": 1.1, "Max_Speed": 2.1, "Vehicle_Length": 4.45, "Vehicle_Width": 2.06 }, "geometry": { "type": "LineString", "coordinates": [ [ 126.6627155, 37.3882406 ], [ 126.6627156, 37.3882406 ], [ 126.6627155, 37.3882406 ], [ 126.6627154, 37.3882407 ], [ 126.6627153, 37.3882407 ], [ 126.6627153, 37.3882407 ], [ 126.6627152, 37.3882407 ], [ 126.6627152, 37.3882407 ], [ 126.662715, 37.3882407 ], [ 126.6627152, 37.3882406 ], [ 126.6627149, 37.3882406 ], [ 126.6627149, 37.3882406 ], [ 126.6627149, 37.3882406 ], [ 126.6627149, 37.3882407 ], [ 126.6627149, 37.3882407 ], [ 126.6627149, 37.3882407 ], [ 126.6627149, 37.3882407 ], [ 126.6627149, 37.3882406 ], [ 126.6627149, 37.3882406 ], [ 126.6627148, 37.3882406 ], [ 126.6627148, 37.3882405 ], [ 126.6627148, 37.3882405 ], [ 126.6627148, 37.3882405 ], [ 126.6627148, 37.3882405 ], [ 126.6627148, 37.3882404 ], [ 126.6627148, 37.3882404 ], [ 126.6627148, 37.3882404 ], [ 126.6627148, 37.3882404 ], [ 126.6627148, 37.3882404 ], [ 126.6627148, 37.3882404 ], [ 126.6627149, 37.3882404 ], [ 126.6627148, 37.3882404 ], [ 126.6627146, 37.3882402 ], [ 126.6627147, 37.3882403 ], [ 126.6627146, 37.3882403 ], [ 126.6627146, 37.3882403 ], [ 126.6627146, 37.3882403 ], [ 126.6627146, 37.3882404 ], [ 126.6627145, 37.3882404 ], [ 126.6627145, 37.3882404 ], [ 126.6627146, 37.3882405 ], [ 126.6627149, 37.3882403 ], [ 126.6627151, 37.3882402 ], [ 126.6627155, 37.3882405 ], [ 126.6627156, 37.3882405 ], [ 126.6627156, 37.3882405 ], [ 126.6627154, 37.3882406 ], [ 126.6627155, 37.3882405 ], [ 126.6627151, 37.3882401 ], [ 126.6627154, 37.3882404 ], [ 126.6627155, 37.3882401 ], [ 126.6627156, 37.3882404 ], [ 126.6627153, 37.3882401 ], [ 126.6627157, 37.3882404 ], [ 126.6627157, 37.3882403 ], [ 126.6627157, 37.3882403 ], [ 126.6627154, 37.3882404 ], [ 126.6627153, 37.3882402 ], [ 126.6627158, 37.3882404 ], [ 126.6627156, 37.3882403 ], [ 126.6627155, 37.3882403 ], [ 126.6627156, 37.3882403 ], [ 126.6627155, 37.3882404 ], [ 126.6627156, 37.3882404 ], [ 126.6627156, 37.3882401 ], [ 126.6627156, 37.3882404 ], [ 126.6627155, 37.3882402 ], [ 126.6627155, 37.3882403 ], [ 126.6627156, 37.3882404 ], [ 126.6627157, 37.3882404 ], [ 126.6627157, 37.3882406 ], [ 126.6627157, 37.3882405 ], [ 126.6627156, 37.3882405 ], [ 126.6627157, 37.3882405 ], [ 126.6627156, 37.3882405 ], [ 126.6627157, 37.3882405 ], [ 126.6627157, 37.3882405 ], [ 126.6627158, 37.3882405 ], [ 126.6627157, 37.3882405 ], [ 126.6627158, 37.3882405 ], [ 126.6627157, 37.3882405 ], [ 126.6627158, 37.3882404 ], [ 126.6627158, 37.3882404 ], [ 126.6627158, 37.3882405 ], [ 126.6627158, 37.3882405 ], [ 126.6627157, 37.3882405 ], [ 126.6627157, 37.3882405 ], [ 126.6627157, 37.3882405 ], [ 126.6627157, 37.3882404 ], [ 126.6627157, 37.3882405 ], [ 126.6627157, 37.3882404 ], [ 126.6627156, 37.3882404 ], [ 126.6627157, 37.3882403 ], [ 126.6627157, 37.3882404 ], [ 126.6627157, 37.3882403 ], [ 126.6627157, 37.3882403 ], [ 126.6627158, 37.3882403 ], [ 126.6627158, 37.3882403 ], [ 126.6627158, 37.3882404 ], [ 126.6627158, 37.3882404 ], [ 126.6627159, 37.3882405 ], [ 126.6627159, 37.3882405 ], [ 126.662716, 37.3882406 ], [ 126.6627159, 37.3882405 ], [ 126.6627157, 37.3882403 ], [ 126.6627161, 37.3882405 ], [ 126.6627161, 37.3882405 ], [ 126.662716, 37.3882405 ], [ 126.6627159, 37.3882405 ], [ 126.6627159, 37.3882405 ], [ 126.6627159, 37.3882404 ], [ 126.6627159, 37.3882405 ], [ 126.6627159, 37.3882405 ], [ 126.662716, 37.3882405 ], [ 126.662716, 37.3882405 ], [ 126.662716, 37.3882404 ], [ 126.6627159, 37.3882404 ], [ 126.6627159, 37.3882405 ], [ 126.6627159, 37.3882405 ], [ 126.6627158, 37.3882405 ], [ 126.6627159, 37.3882406 ], [ 126.6627159, 37.3882406 ], [ 126.6627158, 37.3882406 ], [ 126.6627157, 37.3882405 ], [ 126.6627158, 37.3882406 ], [ 126.6627158, 37.3882406 ], [ 126.6627159, 37.3882407 ], [ 126.6627158, 37.3882407 ], [ 126.6627158, 37.3882407 ], [ 126.6627158, 37.3882407 ], [ 126.6627158, 37.3882407 ], [ 126.6627159, 37.3882407 ], [ 126.6627158, 37.3882407 ], [ 126.6627158, 37.3882407 ], [ 126.6627159, 37.3882407 ], [ 126.6627158, 37.3882407 ], [ 126.6627158, 37.3882406 ], [ 126.6627158, 37.3882406 ], [ 126.6627158, 37.3882406 ], [ 126.6627157, 37.3882406 ], [ 126.6627158, 37.3882406 ], [ 126.6627159, 37.3882406 ], [ 126.6627159, 37.3882407 ], [ 126.6627159, 37.3882407 ], [ 126.6627159, 37.3882406 ], [ 126.6627158, 37.3882406 ], [ 126.6627159, 37.3882406 ], [ 126.6627159, 37.3882406 ], [ 126.6627159, 37.3882405 ], [ 126.6627159, 37.3882406 ] ] } },
{ "type": "Feature", "properties": { "Vehicle_ID": 81, "Vehicle_Class": 0, "Num_Points": 95, "Start_Time": "2022-10-07 17:52:13.500", "End_Time": "2022-10-07 17:52:16.636", "Start_Frame": 0, "End_Frame": 94, "Mean_Speed": 46.0, "Max_Speed": 46.7, "Vehicle_Length": 4.49, "Vehicle_Width": 2.08 }, "geometry": { "type": "LineString", "coordinates": [ [ 126.6625293, 37.3883313 ], [ 126.6625272, 37.3883289 ], [ 126.6625244, 37.3883255 ], [ 126.6625211, 37.3883219 ], [ 126.662518, 37.3883184 ], [ 126.6625148, 37.3883149 ], [ 126.6625113, 37.3883116 ], [ 126.6625081, 37.3883084 ], [ 126.6625051, 37.3883056 ], [ 126.6625025, 37.3883027 ], [ 126.6624992, 37.3882996 ], [ 126.662496, 37.3882963 ], [ 126.662493, 37.3882932 ], [ 126.6624903, 37.3882902 ], [ 126.6624874, 37.3882873 ], [ 126.6624849, 37.3882844 ], [ 126.662482, 37.3882815 ], [ 126.6624792, 37.3882784 ], [ 126.6624763, 37.3882752 ], [ 126.6624733, 37.3882722 ], [ 126.6624702, 37.388269 ], [ 126.6624673, 37.388266 ], [ 126.6624643, 37.3882629 ], [ 126.6624614, 37.38826 ], [ 126.6624585, 37.3882571 ], [ 126.6624556, 37.3882541 ], [ 126.6624529, 37.3882512 ], [ 126.6624502, 37.3882483 ], [ 126.6624474, 37.3882455 ], [ 126.6624444, 37.3882426 ], [ 126.6624416, 37.3882397 ], [ 126.6624387, 37.3882367 ], [ 126.6624355, 37.3882334 ], [ 126.6624328, 37.3882306 ], [ 126.6624301, 37.3882278 ], [ 126.6624273, 37.3882249 ], [ 126.6624245, 37.388222 ], [ 126.6624217, 37.388219 ], [ 126.6624188, 37.388216 ], [ 126.6624159, 37.3882129 ], [ 126.6624128, 37.3882098 ], [ 126.6624101, 37.3882064 ], [ 126.6624071, 37.3882034 ], [ 126.6624045, 37.3882004 ], [ 126.6624015, 37.3881974 ], [ 126.6623987, 37.3881945 ], [ 126.6623954, 37.3881917 ], [ 126.6623928, 37.3881887 ], [ 126.6623893, 37.3881852 ], [ 126.6623869, 37.3881828 ], [ 126.662384, 37.3881794 ], [ 126.6623815, 37.3881768 ], [ 126.6623781, 37.3881735 ], [ 126.6623759, 37.3881708 ], [ 126.6623729, 37.3881676 ], [ 126.6623699, 37.3881645 ], [ 126.6623667, 37.3881614 ], [ 126.6623633, 37.3881582 ], [ 126.6623609, 37.3881554 ], [ 126.6623575, 37.3881524 ], [ 126.6623544, 37.3881491 ], [ 126.6623515, 37.388146 ], [ 126.6623483, 37.3881429 ], [ 126.6623453, 37.3881399 ], [ 126.6623421, 37.3881365 ], [ 126.6623394, 37.3881338 ], [ 126.6623365, 37.3881305 ], [ 126.6623335, 37.3881276 ], [ 126.6623309, 37.3881247 ], [ 126.662328, 37.3881216 ], [ 126.6623252, 37.3881186 ], [ 126.6623222, 37.3881155 ], [ 126.6623192, 37.3881124 ], [ 126.6623163, 37.3881093 ], [ 126.6623133, 37.3881062 ], [ 126.6623103, 37.388103 ], [ 126.6623073, 37.3880998 ], [ 126.6623045, 37.3880968 ], [ 126.6623014, 37.3880936 ], [ 126.6622984, 37.3880906 ], [ 126.6622954, 37.3880875 ], [ 126.6622923, 37.3880843 ], [ 126.6622894, 37.3880813 ], [ 126.6622866, 37.3880784 ], [ 126.6622837, 37.3880753 ], [ 126.6622807, 37.3880721 ], [ 126.6622791, 37.3880703 ], [ 126.6622776, 37.3880688 ], [ 126.662276, 37.3880671 ], [ 126.6622744, 37.3880656 ], [ 126.662273, 37.3880642 ], [ 126.6622713, 37.3880627 ], [ 126.6622698, 37.3880612 ], [ 126.6622683, 37.3880596 ], [ 126.6622669, 37.3880583 ] ] } },
{ "type": "Feature", "properties": { "Vehicle_ID": 82, "Vehicle_Class": 0, "Num_Points": 150, "Start_Time": "2022-10-07 17:52:13.500", "End_Time": "2022-10-07 17:52:18.471", "Start_Frame": 0, "End_Frame": 149, "Mean_Speed": 24.4, "Max_Speed": 26.3, "Vehicle_Length": 4.11, "Vehicle_Width": 1.89 }, "geometry": { "type": "LineString", "coordinates": [ [ 126.6636016, 37.3893365 ], [ 126.6636002, 37.3893352 ], [ 126.6635987, 37.3893338 ], [ 126.6635973, 37.3893323 ], [ 126.663596, 37.3893308 ], [ 126.6635945, 37.3893295 ], [ 126.663593, 37.389328 ], [ 126.6635916, 37.3893266 ], [ 126.66359, 37.3893249 ], [ 126.6635887, 37.3893235 ], [ 126.6635871, 37.389322 ], [ 126.6635856, 37.3893204 ], [ 126.6635842, 37.3893188 ], [ 126.6635828, 37.3893174 ], [ 126.6635815, 37.3893161 ], [ 126.6635801, 37.3893148 ], [ 126.6635788, 37.3893134 ], [ 126.6635773, 37.3893117 ], [ 126.663576, 37.3893104 ], [ 126.6635745, 37.3893088 ], [ 126.6635732, 37.3893073 ], [ 126.6635717, 37.3893056 ], [ 126.6635704, 37.3893042 ], [ 126.6635691, 37.3893028 ], [ 126.6635678, 37.3893014 ], [ 126.6635664, 37.3892999 ], [ 126.663565, 37.3892984 ], [ 126.6635635, 37.3892969 ], [ 126.6635621, 37.3892955 ], [ 126.6635607, 37.389294 ], [ 126.6635593, 37.3892926 ], [ 126.6635578, 37.3892911 ], [ 126.6635564, 37.3892897 ], [ 126.6635549, 37.3892882 ], [ 126.6635533, 37.3892865 ], [ 126.6635518, 37.3892851 ], [ 126.6635503, 37.3892835 ], [ 126.6635489, 37.3892822 ], [ 126.6635473, 37.3892805 ], [ 126.6635459, 37.3892791 ], [ 126.6635446, 37.3892778 ], [ 126.6635436, 37.3892765 ], [ 126.6635416, 37.3892744 ], [ 126.6635408, 37.3892732 ], [ 126.6635393, 37.3892717 ], [ 126.6635378, 37.3892701 ], [ 126.6635363, 37.3892685 ], [ 126.6635348, 37.389267 ], [ 126.663533, 37.3892656 ], [ 126.6635314, 37.3892635 ], [ 126.6635297, 37.3892622 ], [ 126.6635283, 37.3892609 ], [ 126.6635274, 37.3892594 ], [ 126.6635254, 37.3892575 ], [ 126.663524, 37.389256 ], [ 126.6635227, 37.3892547 ], [ 126.6635206, 37.3892529 ], [ 126.6635196, 37.3892514 ], [ 126.663518, 37.3892497 ], [ 126.6635164, 37.3892476 ], [ 126.6635145, 37.389246 ], [ 126.6635134, 37.3892448 ], [ 126.6635115, 37.3892431 ], [ 126.6635103, 37.3892416 ], [ 126.6635088, 37.38924 ], [ 126.663507, 37.3892378 ], [ 126.6635057, 37.3892368 ], [ 126.6635043, 37.3892355 ], [ 126.6635025, 37.3892336 ], [ 126.6635009, 37.389232 ], [ 126.6634994, 37.3892304 ], [ 126.6634978, 37.3892287 ], [ 126.6634961, 37.3892271 ], [ 126.6634946, 37.3892256 ], [ 126.6634931, 37.389224 ], [ 126.6634914, 37.3892222 ], [ 126.6634896, 37.3892205 ], [ 126.663488, 37.3892188 ], [ 126.6634862, 37.3892171 ], [ 126.6634848, 37.3892156 ], [ 126.663483, 37.3892139 ], [ 126.6634815, 37.3892123 ], [ 126.6634798, 37.3892105 ], [ 126.6634781, 37.3892088 ], [ 126.6634763, 37.3892071 ], [ 126.6634745, 37.3892055 ], [ 126.663473, 37.3892038 ], [ 126.6634714, 37.3892022 ], [ 126.6634698, 37.3892005 ], [ 126.6634682, 37.3891988 ], [ 126.6634665, 37.389197 ], [ 126.6634649, 37.3891952 ], [ 126.6634631, 37.3891934 ], [ 126.6634615, 37.3891917 ], [ 126.66346, 37.3891901 ], [ 126.6634585, 37.3891884 ], [ 126.663457, 37.3891868 ], [ 126.6634552, 37.3891848 ], [ 126.6634534, 37.3891831 ], [ 126.6634519, 37.3891816 ], [ 126.6634504, 37.38918 ], [ 126.6634485, 37.3891781 ], [ 126.6634469, 37.3891764 ], [ 126.6634453, 37.3891747 ], [ 126.6634435, 37.3891728 ], [ 126.6634417, 37.3891711 ], [ 126.6634401, 37.3891693 ], [ 126.6634385, 37.3891676 ], [ 126.6634366, 37.3891657 ], [ 126.663435, 37.3891642 ], [ 126.663433, 37.389162 ], [ 126.6634312, 37.3891601 ], [ 126.6634291, 37.3891578 ], [ 126.6634271, 37.3891559 ], [ 126.6634258, 37.3891544 ], [ 126.6634241, 37.3891527 ], [ 126.6634225, 37.3891511 ], [ 126.6634209, 37.3891496 ], [ 126.6634198, 37.3891485 ], [ 126.6634184, 37.3891471 ], [ 126.6634172, 37.389146 ], [ 126.6634161, 37.3891448 ], [ 126.6634149, 37.3891437 ], [ 126.6634137, 37.3891423 ], [ 126.6634124, 37.3891408 ], [ 126.6634111, 37.3891395 ], [ 126.6634099, 37.3891381 ], [ 126.6634084, 37.3891363 ], [ 126.6634068, 37.3891346 ], [ 126.6634049, 37.3891326 ], [ 126.6634028, 37.3891305 ], [ 126.6634006, 37.3891282 ], [ 126.6633987, 37.3891262 ], [ 126.663397, 37.3891245 ], [ 126.6633953, 37.3891226 ], [ 126.6633934, 37.3891207 ], [ 126.6633917, 37.3891189 ], [ 126.6633899, 37.389117 ], [ 126.6633882, 37.3891153 ], [ 126.6633865, 37.3891136 ], [ 126.6633848, 37.389112 ], [ 126.663383, 37.3891101 ], [ 126.6633813, 37.3891082 ], [ 126.6633795, 37.3891065 ], [ 126.6633778, 37.3891047 ], [ 126.6633763, 37.3891031 ], [ 126.6633747, 37.3891014 ], [ 126.6633732, 37.3890998 ], [ 126.6633716, 37.3890981 ], [ 126.6633699, 37.3890964 ] ] } },
{ "type": "Feature", "properties": { "Vehicle_ID": 83, "Vehicle_Class": 0, "Num_Points": 150, "Start_Time": "2022-10-07 17:52:13.500", "End_Time": "2022-10-07 17:52:18.471", "Start_Frame": 0, "End_Frame": 149, "Mean_Speed": 31.4, "Max_Speed": 38.8, "Vehicle_Length": 5.22, "Vehicle_Width": 2.25 }, "geometry": { "type": "LineString", "coordinates": [ [ 126.6626791, 37.3881524 ], [ 126.6626805, 37.3881537 ], [ 126.6626817, 37.3881551 ], [ 126.6626832, 37.3881567 ], [ 126.6626848, 37.3881584 ], [ 126.6626865, 37.3881601 ], [ 126.6626881, 37.3881618 ], [ 126.6626895, 37.3881633 ], [ 126.662691, 37.3881649 ], [ 126.6626928, 37.3881664 ], [ 126.662694, 37.388168 ], [ 126.6626952, 37.3881693 ], [ 126.6626965, 37.3881707 ], [ 126.6626979, 37.3881722 ], [ 126.6626994, 37.3881737 ], [ 126.6627008, 37.3881753 ], [ 126.6627024, 37.3881771 ], [ 126.6627039, 37.3881787 ], [ 126.6627057, 37.3881805 ], [ 126.6627071, 37.388182 ], [ 126.6627087, 37.3881836 ], [ 126.6627102, 37.3881852 ], [ 126.6627118, 37.3881869 ], [ 126.6627133, 37.3881885 ], [ 126.6627149, 37.3881903 ], [ 126.6627165, 37.388192 ], [ 126.6627183, 37.3881937 ], [ 126.66272, 37.3881954 ], [ 126.6627218, 37.3881972 ], [ 126.6627235, 37.388199 ], [ 126.6627253, 37.3882008 ], [ 126.6627268, 37.3882025 ], [ 126.6627283, 37.3882041 ], [ 126.6627301, 37.388206 ], [ 126.6627316, 37.3882077 ], [ 126.6627333, 37.3882096 ], [ 126.662735, 37.3882114 ], [ 126.6627367, 37.3882132 ], [ 126.6627383, 37.3882149 ], [ 126.66274, 37.3882169 ], [ 126.6627417, 37.3882187 ], [ 126.6627437, 37.3882202 ], [ 126.6627456, 37.3882218 ], [ 126.6627477, 37.3882239 ], [ 126.6627495, 37.3882257 ], [ 126.6627511, 37.3882274 ], [ 126.6627525, 37.3882293 ], [ 126.6627543, 37.3882308 ], [ 126.6627557, 37.3882321 ], [ 126.6627579, 37.3882344 ], [ 126.66276, 37.3882361 ], [ 126.662762, 37.3882384 ], [ 126.6627636, 37.38824 ], [ 126.6627657, 37.3882421 ], [ 126.6627677, 37.388244 ], [ 126.6627696, 37.3882458 ], [ 126.6627712, 37.3882479 ], [ 126.6627731, 37.3882497 ], [ 126.6627754, 37.3882518 ], [ 126.6627773, 37.3882538 ], [ 126.6627791, 37.3882558 ], [ 126.6627812, 37.3882577 ], [ 126.6627831, 37.3882599 ], [ 126.6627851, 37.3882619 ], [ 126.6627872, 37.3882638 ], [ 126.662789, 37.388266 ], [ 126.6627909, 37.3882679 ], [ 126.6627928, 37.38827 ], [ 126.6627948, 37.388272 ], [ 126.6627968, 37.3882741 ], [ 126.6627988, 37.3882761 ], [ 126.6628007, 37.3882779 ], [ 126.6628026, 37.38828 ], [ 126.6628045, 37.388282 ], [ 126.6628062, 37.3882837 ], [ 126.6628082, 37.3882858 ], [ 126.6628102, 37.3882878 ], [ 126.6628123, 37.3882898 ], [ 126.6628142, 37.3882918 ], [ 126.6628164, 37.3882939 ], [ 126.6628184, 37.388296 ], [ 126.6628207, 37.3882982 ], [ 126.6628229, 37.3883004 ], [ 126.6628251, 37.3883027 ], [ 126.6628271, 37.3883049 ], [ 126.6628292, 37.3883072 ], [ 126.6628312, 37.3883094 ], [ 126.6628333, 37.3883116 ], [ 126.6628353, 37.3883137 ], [ 126.6628372, 37.3883158 ], [ 126.6628393, 37.3883181 ], [ 126.6628413, 37.3883202 ], [ 126.6628435, 37.3883225 ], [ 126.6628456, 37.388325 ], [ 126.6628477, 37.3883271 ], [ 126.6628498, 37.3883292 ], [ 126.6628518, 37.3883314 ], [ 126.6628538, 37.3883338 ], [ 126.6628559, 37.3883361 ], [ 126.6628579, 37.3883386 ], [ 126.6628602, 37.388341 ], [ 126.6628621, 37.3883432 ], [ 126.6628643, 37.3883457 ], [ 126.6628664, 37.3883478 ], [ 126.6628686, 37.3883501 ], [ 126.6628713, 37.3883527 ], [ 126.6628737, 37.388355 ], [ 126.6628762, 37.3883575 ], [ 126.6628785, 37.3883598 ], [ 126.6628809, 37.3883621 ], [ 126.6628828, 37.388364 ], [ 126.6628848, 37.388366 ], [ 126.6628871, 37.3883683 ], [ 126.6628893, 37.3883706 ], [ 126.6628921, 37.3883732 ], [ 126.6628945, 37.3883758 ], [ 126.6628967, 37.3883781 ], [ 126.6628989, 37.3883804 ], [ 126.662901, 37.3883826 ], [ 126.6629026, 37.3883845 ], [ 126.6629049, 37.3883866 ], [ 126.6629071, 37.3883891 ], [ 126.6629092, 37.3883915 ], [ 126.6629113, 37.3883941 ], [ 126.6629138, 37.388397 ], [ 126.6629162, 37.3883996 ], [ 126.6629189, 37.3884026 ], [ 126.6629214, 37.3884053 ], [ 126.6629238, 37.3884079 ], [ 126.662926, 37.3884104 ], [ 126.6629286, 37.3884128 ], [ 126.6629313, 37.3884154 ], [ 126.6629343, 37.3884182 ], [ 126.6629372, 37.3884208 ], [ 126.66294, 37.3884236 ], [ 126.6629425, 37.3884263 ], [ 126.6629447, 37.3884287 ], [ 126.6629468, 37.3884308 ], [ 126.662949, 37.3884331 ], [ 126.6629513, 37.3884353 ], [ 126.6629538, 37.3884378 ], [ 126.6629564, 37.3884405 ], [ 126.6629589, 37.3884429 ], [ 126.6629613, 37.3884452 ], [ 126.6629636, 37.3884477 ], [ 126.6629659, 37.3884505 ], [ 126.6629682, 37.3884532 ], [ 126.6629707, 37.388456 ], [ 126.6629734, 37.388459 ], [ 126.6629759, 37.388462 ] ] } },
{ "type": "Feature", "properties": { "Vehicle_ID": 84, "Vehicle_Class": 0, "Num_Points": 62, "Start_Time": "2022-10-07 17:52:13.500", "End_Time": "2022-10-07 17:52:15.535", "Start_Frame": 0, "End_Frame": 61, "Mean_Speed": 73.3, "Max_Speed": 76.6, "Vehicle_Length": 5.07, "Vehicle_Width": 2.33 }, "geometry": { "type": "LineString", "coordinates": [ [ 126.6636712, 37.3891805 ], [ 126.6636748, 37.3891845 ], [ 126.6636789, 37.3891884 ], [ 126.6636836, 37.3891932 ], [ 126.6636884, 37.3891981 ], [ 126.6636928, 37.3892028 ], [ 126.6636971, 37.3892074 ], [ 126.6637018, 37.3892122 ], [ 126.6637061, 37.3892167 ], [ 126.6637107, 37.3892213 ], [ 126.6637148, 37.3892259 ], [ 126.6637192, 37.3892307 ], [ 126.6637237, 37.3892357 ], [ 126.6637283, 37.3892406 ], [ 126.6637328, 37.3892452 ], [ 126.6637374, 37.3892498 ], [ 126.6637422, 37.3892544 ], [ 126.6637465, 37.3892589 ], [ 126.663751, 37.3892635 ], [ 126.6637553, 37.3892681 ], [ 126.6637598, 37.3892728 ], [ 126.6637647, 37.3892779 ], [ 126.663769, 37.3892824 ], [ 126.6637727, 37.3892868 ], [ 126.6637764, 37.3892911 ], [ 126.663782, 37.3892968 ], [ 126.6637875, 37.3893023 ], [ 126.6637925, 37.3893073 ], [ 126.6637973, 37.3893123 ], [ 126.6638018, 37.3893169 ], [ 126.6638065, 37.3893217 ], [ 126.6638108, 37.3893261 ], [ 126.6638155, 37.3893309 ], [ 126.6638205, 37.389336 ], [ 126.6638251, 37.3893409 ], [ 126.6638297, 37.3893458 ], [ 126.6638346, 37.3893511 ], [ 126.6638393, 37.3893562 ], [ 126.6638437, 37.3893607 ], [ 126.6638487, 37.3893657 ], [ 126.6638538, 37.389371 ], [ 126.6638594, 37.3893763 ], [ 126.6638635, 37.3893805 ], [ 126.6638691, 37.389386 ], [ 126.6638739, 37.3893911 ], [ 126.6638788, 37.3893962 ], [ 126.663884, 37.3894016 ], [ 126.6638888, 37.389407 ], [ 126.6638929, 37.389412 ], [ 126.6638976, 37.3894162 ], [ 126.6639024, 37.3894215 ], [ 126.6639081, 37.3894274 ], [ 126.6639138, 37.3894326 ], [ 126.6639181, 37.3894373 ], [ 126.6639232, 37.3894427 ], [ 126.6639285, 37.3894482 ], [ 126.6639304, 37.3894504 ], [ 126.6639335, 37.3894533 ], [ 126.6639355, 37.3894557 ], [ 126.663938, 37.3894575 ], [ 126.66394, 37.3894603 ], [ 126.6639417, 37.3894636 ] ] } },
{ "type": "Feature", "properties": { "Vehicle_ID": 85, "Vehicle_Class": 0, "Num_Points": 110, "Start_Time": "2022-10-07 17:52:13.500", "End_Time": "2022-10-07 17:52:17.136", "Start_Frame": 0, "End_Frame": 109, "Mean_Speed": 43.9, "Max_Speed": 44.8, "Vehicle_Length": 4.74, "Vehicle_Width": 2.13 }, "geometry": { "type": "LineString", "coordinates": [ [ 126.6626196, 37.3883219 ], [ 126.662617, 37.3883193 ], [ 126.6626144, 37.3883165 ], [ 126.6626117, 37.3883137 ], [ 126.6626091, 37.3883111 ], [ 126.6626058, 37.3883077 ], [ 126.6626024, 37.3883042 ], [ 126.6625997, 37.3883016 ], [ 126.6625975, 37.3882994 ], [ 126.6625951, 37.3882965 ], [ 126.6625925, 37.3882941 ], [ 126.6625901, 37.3882915 ], [ 126.6625872, 37.3882887 ], [ 126.6625843, 37.3882856 ], [ 126.6625812, 37.3882824 ], [ 126.6625785, 37.3882794 ], [ 126.6625757, 37.3882766 ], [ 126.6625727, 37.3882737 ], [ 126.6625698, 37.3882707 ], [ 126.6625667, 37.3882676 ], [ 126.6625642, 37.3882649 ], [ 126.6625614, 37.3882621 ], [ 126.6625585, 37.388259 ], [ 126.6625556, 37.388256 ], [ 126.6625528, 37.388253 ], [ 126.6625501, 37.3882502 ], [ 126.6625475, 37.3882475 ], [ 126.6625449, 37.3882447 ], [ 126.6625421, 37.3882418 ], [ 126.6625394, 37.3882389 ], [ 126.6625368, 37.3882362 ], [ 126.662534, 37.3882333 ], [ 126.6625309, 37.3882303 ], [ 126.6625283, 37.3882276 ], [ 126.6625255, 37.3882246 ], [ 126.6625226, 37.3882216 ], [ 126.6625198, 37.3882186 ], [ 126.6625169, 37.3882157 ], [ 126.6625141, 37.3882128 ], [ 126.6625112, 37.38821 ], [ 126.6625086, 37.3882072 ], [ 126.6625062, 37.3882042 ], [ 126.6625036, 37.3882013 ], [ 126.662501, 37.3881985 ], [ 126.6624983, 37.3881956 ], [ 126.6624955, 37.3881928 ], [ 126.6624926, 37.3881901 ], [ 126.66249, 37.3881872 ], [ 126.6624868, 37.3881838 ], [ 126.6624844, 37.3881813 ], [ 126.6624816, 37.3881781 ], [ 126.662479, 37.3881755 ], [ 126.6624756, 37.3881722 ], [ 126.6624733, 37.3881696 ], [ 126.6624705, 37.3881666 ], [ 126.6624676, 37.3881635 ], [ 126.6624645, 37.3881607 ], [ 126.6624613, 37.3881575 ], [ 126.662459, 37.3881547 ], [ 126.6624559, 37.3881517 ], [ 126.6624531, 37.3881488 ], [ 126.6624505, 37.3881457 ], [ 126.6624476, 37.3881428 ], [ 126.6624448, 37.38814 ], [ 126.6624418, 37.3881368 ], [ 126.6624393, 37.3881343 ], [ 126.6624365, 37.3881313 ], [ 126.6624337, 37.3881283 ], [ 126.6624311, 37.3881256 ], [ 126.6624283, 37.3881227 ], [ 126.6624255, 37.3881198 ], [ 126.6624226, 37.3881167 ], [ 126.6624197, 37.3881137 ], [ 126.6624168, 37.3881107 ], [ 126.6624138, 37.3881077 ], [ 126.6624109, 37.3881046 ], [ 126.662408, 37.3881017 ], [ 126.6624053, 37.3880988 ], [ 126.6624024, 37.3880959 ], [ 126.6623998, 37.3880931 ], [ 126.662397, 37.3880903 ], [ 126.6623943, 37.3880873 ], [ 126.6623913, 37.3880843 ], [ 126.6623886, 37.3880815 ], [ 126.6623857, 37.3880785 ], [ 126.662383, 37.3880755 ], [ 126.6623801, 37.3880726 ], [ 126.6623773, 37.3880696 ], [ 126.6623743, 37.3880665 ], [ 126.6623716, 37.3880636 ], [ 126.6623687, 37.3880605 ], [ 126.6623658, 37.3880574 ], [ 126.662363, 37.3880543 ], [ 126.6623604, 37.3880515 ], [ 126.6623574, 37.3880483 ], [ 126.6623546, 37.3880454 ], [ 126.6623519, 37.3880423 ], [ 126.6623492, 37.3880393 ], [ 126.6623464, 37.3880362 ], [ 126.6623439, 37.3880334 ], [ 126.6623429, 37.3880321 ], [ 126.6623417, 37.3880308 ], [ 126.6623404, 37.3880291 ], [ 126.6623392, 37.3880274 ], [ 126.6623377, 37.388026 ], [ 126.6623367, 37.3880246 ], [ 126.662335, 37.3880231 ], [ 126.6623338, 37.3880215 ], [ 126.6623325, 37.3880202 ], [ 126.6623315, 37.3880194 ] ] } },
{ "type": "Feature", "properties": { "Vehicle_ID": 86, "Vehicle_Class": 0, "Num_Points": 150, "Start_Time": "2022-10-07 17:52:13.500", "End_Time": "2022-10-07 17:52:18.471", "Start_Frame": 0, "End_Frame": 149, "Mean_Speed": 21.0, "Max_Speed": 23.7, "Vehicle_Length": 4.58, "Vehicle_Width": 2.12 }, "geometry": { "type": "LineString", "coordinates": [ [ 126.6635985, 37.3889078 ], [ 126.6635992, 37.3889085 ], [ 126.6635998, 37.3889093 ], [ 126.6636005, 37.3889102 ], [ 126.6636011, 37.3889109 ], [ 126.6636018, 37.3889116 ], [ 126.6636025, 37.3889123 ], [ 126.6636032, 37.3889131 ], [ 126.663604, 37.3889138 ], [ 126.6636048, 37.3889145 ], [ 126.6636057, 37.3889155 ], [ 126.6636065, 37.3889163 ], [ 126.6636072, 37.3889173 ], [ 126.6636079, 37.3889181 ], [ 126.6636088, 37.3889192 ], [ 126.6636097, 37.3889201 ], [ 126.6636107, 37.3889212 ], [ 126.6636117, 37.3889221 ], [ 126.6636129, 37.3889233 ], [ 126.6636138, 37.3889243 ], [ 126.6636149, 37.3889254 ], [ 126.6636159, 37.3889264 ], [ 126.663617, 37.3889276 ], [ 126.663618, 37.3889285 ], [ 126.6636191, 37.3889295 ], [ 126.6636198, 37.3889303 ], [ 126.6636204, 37.388931 ], [ 126.6636211, 37.3889317 ], [ 126.6636221, 37.3889327 ], [ 126.6636234, 37.3889338 ], [ 126.6636247, 37.3889353 ], [ 126.6636255, 37.3889363 ], [ 126.6636267, 37.3889375 ], [ 126.6636278, 37.3889387 ], [ 126.6636289, 37.3889398 ], [ 126.6636298, 37.3889408 ], [ 126.6636308, 37.3889418 ], [ 126.6636318, 37.3889428 ], [ 126.6636327, 37.3889438 ], [ 126.663634, 37.3889449 ], [ 126.6636354, 37.3889463 ], [ 126.6636372, 37.3889476 ], [ 126.6636383, 37.3889484 ], [ 126.6636405, 37.3889504 ], [ 126.663642, 37.3889519 ], [ 126.6636435, 37.3889535 ], [ 126.6636452, 37.3889552 ], [ 126.6636465, 37.3889566 ], [ 126.6636475, 37.3889581 ], [ 126.6636489, 37.3889591 ], [ 126.6636502, 37.3889607 ], [ 126.6636515, 37.3889622 ], [ 126.6636533, 37.3889636 ], [ 126.6636545, 37.3889653 ], [ 126.6636562, 37.3889671 ], [ 126.6636581, 37.388969 ], [ 126.6636588, 37.3889703 ], [ 126.6636612, 37.388972 ], [ 126.6636624, 37.3889734 ], [ 126.6636638, 37.3889744 ], [ 126.6636648, 37.3889759 ], [ 126.6636668, 37.3889779 ], [ 126.6636679, 37.3889795 ], [ 126.6636696, 37.388981 ], [ 126.6636717, 37.3889826 ], [ 126.6636725, 37.3889837 ], [ 126.6636746, 37.3889858 ], [ 126.6636762, 37.3889875 ], [ 126.6636776, 37.3889888 ], [ 126.663679, 37.3889903 ], [ 126.6636805, 37.3889918 ], [ 126.6636819, 37.3889931 ], [ 126.6636832, 37.3889946 ], [ 126.6636847, 37.3889962 ], [ 126.6636862, 37.3889978 ], [ 126.6636875, 37.3889995 ], [ 126.663689, 37.3890011 ], [ 126.6636905, 37.3890027 ], [ 126.6636919, 37.3890043 ], [ 126.6636937, 37.3890061 ], [ 126.663695, 37.3890076 ], [ 126.6636966, 37.3890093 ], [ 126.6636982, 37.3890109 ], [ 126.6636998, 37.3890125 ], [ 126.6637011, 37.389014 ], [ 126.6637026, 37.3890157 ], [ 126.6637042, 37.3890173 ], [ 126.6637057, 37.3890189 ], [ 126.6637071, 37.3890204 ], [ 126.6637086, 37.389022 ], [ 126.6637102, 37.3890237 ], [ 126.6637117, 37.3890252 ], [ 126.663713, 37.3890266 ], [ 126.6637146, 37.3890283 ], [ 126.6637164, 37.38903 ], [ 126.6637181, 37.3890316 ], [ 126.6637195, 37.3890331 ], [ 126.6637207, 37.3890345 ], [ 126.6637222, 37.3890361 ], [ 126.6637238, 37.3890378 ], [ 126.6637254, 37.3890393 ], [ 126.6637267, 37.3890407 ], [ 126.6637282, 37.3890423 ], [ 126.6637297, 37.3890437 ], [ 126.6637311, 37.3890449 ], [ 126.6637325, 37.3890464 ], [ 126.663734, 37.3890479 ], [ 126.6637355, 37.3890494 ], [ 126.6637369, 37.389051 ], [ 126.6637385, 37.3890526 ], [ 126.6637396, 37.389054 ], [ 126.663741, 37.3890554 ], [ 126.6637425, 37.3890568 ], [ 126.6637438, 37.3890583 ], [ 126.6637456, 37.3890601 ], [ 126.6637469, 37.3890616 ], [ 126.6637483, 37.3890631 ], [ 126.6637496, 37.3890646 ], [ 126.6637512, 37.3890662 ], [ 126.6637525, 37.3890677 ], [ 126.6637539, 37.3890693 ], [ 126.6637556, 37.3890709 ], [ 126.6637567, 37.3890723 ], [ 126.6637583, 37.3890739 ], [ 126.6637598, 37.3890755 ], [ 126.6637614, 37.3890771 ], [ 126.6637631, 37.3890787 ], [ 126.6637644, 37.3890803 ], [ 126.6637659, 37.3890818 ], [ 126.6637673, 37.3890834 ], [ 126.6637688, 37.3890849 ], [ 126.6637703, 37.3890865 ], [ 126.6637719, 37.3890881 ], [ 126.6637734, 37.3890897 ], [ 126.6637748, 37.3890911 ], [ 126.6637762, 37.3890927 ], [ 126.6637779, 37.3890944 ], [ 126.6637794, 37.3890959 ], [ 126.6637808, 37.3890974 ], [ 126.6637824, 37.3890991 ], [ 126.6637842, 37.389101 ], [ 126.6637855, 37.3891023 ], [ 126.663787, 37.3891036 ], [ 126.6637883, 37.3891051 ], [ 126.6637898, 37.3891067 ], [ 126.6637913, 37.3891083 ], [ 126.6637929, 37.3891098 ], [ 126.6637943, 37.3891114 ], [ 126.6637959, 37.3891132 ], [ 126.6637976, 37.3891148 ] ] } },
{ "type": "Feature", "properties": { "Vehicle_ID": 87, "Vehicle_Class": 0, "Num_Points": 150, "Start_Time": "2022-10-07 17:52:13.500", "End_Time": "2022-10-07 17:52:18.471", "Start_Frame": 0, "End_Frame": 149, "Mean_Speed": 1.8, "Max_Speed": 3.6, "Vehicle_Length": 4.29, "Vehicle_Width": 2.1 }, "geometry": { "type": "LineString", "coordinates": [ [ 126.6637287, 37.3891423 ], [ 126.6637285, 37.3891422 ], [ 126.6637284, 37.3891422 ], [ 126.6637283, 37.3891423 ], [ 126.6637283, 37.3891423 ], [ 126.6637283, 37.3891423 ], [ 126.6637283, 37.3891423 ], [ 126.6637283, 37.3891423 ], [ 126.6637282, 37.3891423 ], [ 126.6637283, 37.3891422 ], [ 126.6637282, 37.3891423 ], [ 126.6637281, 37.3891423 ], [ 126.6637282, 37.3891423 ], [ 126.663728, 37.3891423 ], [ 126.663728, 37.3891423 ], [ 126.663728, 37.3891423 ], [ 126.6637281, 37.3891423 ], [ 126.663728, 37.3891423 ], [ 126.6637281, 37.3891423 ], [ 126.663728, 37.3891422 ], [ 126.6637279, 37.3891422 ], [ 126.6637279, 37.3891421 ], [ 126.6637279, 37.3891421 ], [ 126.663728, 37.3891421 ], [ 126.663728, 37.3891422 ], [ 126.663728, 37.3891422 ], [ 126.663728, 37.3891422 ], [ 126.663728, 37.3891422 ], [ 126.663728, 37.3891422 ], [ 126.663728, 37.3891422 ], [ 126.6637281, 37.3891424 ], [ 126.663728, 37.3891423 ], [ 126.6637281, 37.3891423 ], [ 126.663728, 37.3891422 ], [ 126.6637279, 37.3891422 ], [ 126.6637279, 37.3891422 ], [ 126.6637279, 37.3891422 ], [ 126.6637279, 37.3891423 ], [ 126.6637278, 37.3891422 ], [ 126.6637277, 37.3891422 ], [ 126.6637278, 37.3891424 ], [ 126.6637284, 37.3891424 ], [ 126.6637279, 37.3891418 ], [ 126.6637286, 37.3891422 ], [ 126.6637286, 37.3891423 ], [ 126.6637286, 37.3891423 ], [ 126.6637288, 37.3891424 ], [ 126.6637287, 37.3891423 ], [ 126.6637283, 37.3891423 ], [ 126.6637283, 37.3891418 ], [ 126.6637283, 37.3891422 ], [ 126.6637285, 37.3891425 ], [ 126.663729, 37.3891425 ], [ 126.6637286, 37.3891423 ], [ 126.6637287, 37.3891423 ], [ 126.663729, 37.3891426 ], [ 126.6637282, 37.3891423 ], [ 126.663729, 37.3891424 ], [ 126.6637287, 37.3891423 ], [ 126.6637287, 37.3891418 ], [ 126.6637281, 37.3891417 ], [ 126.6637286, 37.3891422 ], [ 126.6637282, 37.3891422 ], [ 126.6637286, 37.3891423 ], [ 126.6637288, 37.3891423 ], [ 126.6637283, 37.3891417 ], [ 126.6637288, 37.3891424 ], [ 126.6637291, 37.3891427 ], [ 126.6637289, 37.3891424 ], [ 126.6637288, 37.3891424 ], [ 126.6637288, 37.3891424 ], [ 126.6637288, 37.3891424 ], [ 126.6637287, 37.3891423 ], [ 126.6637287, 37.3891424 ], [ 126.6637288, 37.3891424 ], [ 126.6637287, 37.3891423 ], [ 126.6637287, 37.3891423 ], [ 126.6637287, 37.3891423 ], [ 126.6637287, 37.3891423 ], [ 126.6637288, 37.3891424 ], [ 126.6637287, 37.3891423 ], [ 126.6637288, 37.3891423 ], [ 126.6637288, 37.3891423 ], [ 126.6637289, 37.3891423 ], [ 126.6637288, 37.3891423 ], [ 126.6637288, 37.3891423 ], [ 126.6637288, 37.3891424 ], [ 126.6637288, 37.3891423 ], [ 126.6637287, 37.3891423 ], [ 126.6637287, 37.3891423 ], [ 126.6637287, 37.3891423 ], [ 126.6637287, 37.3891422 ], [ 126.6637286, 37.3891422 ], [ 126.6637287, 37.3891422 ], [ 126.6637288, 37.3891423 ], [ 126.6637289, 37.3891423 ], [ 126.663729, 37.3891424 ], [ 126.6637288, 37.3891423 ], [ 126.6637289, 37.3891423 ], [ 126.6637289, 37.3891424 ], [ 126.6637291, 37.3891425 ], [ 126.6637288, 37.3891423 ], [ 126.6637289, 37.3891423 ], [ 126.6637288, 37.3891422 ], [ 126.6637288, 37.3891421 ], [ 126.6637288, 37.3891422 ], [ 126.6637288, 37.3891421 ], [ 126.6637288, 37.3891422 ], [ 126.6637288, 37.3891421 ], [ 126.663729, 37.3891424 ], [ 126.6637287, 37.3891421 ], [ 126.6637287, 37.3891422 ], [ 126.6637287, 37.3891422 ], [ 126.6637286, 37.3891422 ], [ 126.663729, 37.3891424 ], [ 126.6637289, 37.3891422 ], [ 126.6637287, 37.3891421 ], [ 126.6637286, 37.3891421 ], [ 126.6637286, 37.3891421 ], [ 126.6637286, 37.3891421 ], [ 126.6637286, 37.3891422 ], [ 126.6637288, 37.3891422 ], [ 126.6637286, 37.3891421 ], [ 126.6637286, 37.3891421 ], [ 126.6637284, 37.3891421 ], [ 126.6637284, 37.3891422 ], [ 126.6637288, 37.3891423 ], [ 126.6637287, 37.3891422 ], [ 126.6637287, 37.3891421 ], [ 126.6637284, 37.3891422 ], [ 126.6637284, 37.3891421 ], [ 126.6637285, 37.3891422 ], [ 126.6637285, 37.3891422 ], [ 126.6637286, 37.3891422 ], [ 126.6637285, 37.3891421 ], [ 126.6637284, 37.3891422 ], [ 126.6637284, 37.3891422 ], [ 126.6637284, 37.3891422 ], [ 126.6637286, 37.3891422 ], [ 126.6637286, 37.3891422 ], [ 126.6637289, 37.3891424 ], [ 126.6637287, 37.3891422 ], [ 126.6637287, 37.3891421 ], [ 126.6637286, 37.3891421 ], [ 126.6637286, 37.3891421 ], [ 126.6637286, 37.3891421 ], [ 126.6637287, 37.3891421 ], [ 126.6637286, 37.389142 ], [ 126.6637287, 37.3891421 ], [ 126.6637287, 37.3891421 ] ] } },
{ "type": "Feature", "properties": { "Vehicle_ID": 88, "Vehicle_Class": 0, "Num_Points": 150, "Start_Time": "2022-10-07 17:52:13.500", "End_Time": "2022-10-07 17:52:18.471", "Start_Frame": 0, "End_Frame": 149, "Mean_Speed": 28.3, "Max_Speed": 31.0, "Vehicle_Length": 5.22, "Vehicle_Width": 2.35 }, "geometry": { "type": "LineString", "coordinates": [ [ 126.662686, 37.3880681 ], [ 126.6626876, 37.3880695 ], [ 126.6626888, 37.3880709 ], [ 126.6626902, 37.3880725 ], [ 126.6626917, 37.388074 ], [ 126.6626932, 37.3880754 ], [ 126.6626945, 37.3880769 ], [ 126.6626956, 37.3880782 ], [ 126.662697, 37.3880797 ], [ 126.6626985, 37.3880809 ], [ 126.6626998, 37.3880825 ], [ 126.662701, 37.3880838 ], [ 126.6627024, 37.3880853 ], [ 126.6627038, 37.3880868 ], [ 126.6627054, 37.3880883 ], [ 126.6627069, 37.3880899 ], [ 126.6627084, 37.3880915 ], [ 126.6627099, 37.3880931 ], [ 126.6627117, 37.3880949 ], [ 126.6627132, 37.3880965 ], [ 126.6627148, 37.388098 ], [ 126.6627163, 37.3880996 ], [ 126.6627178, 37.3881011 ], [ 126.662719, 37.3881023 ], [ 126.6627204, 37.3881039 ], [ 126.6627221, 37.3881056 ], [ 126.6627239, 37.3881074 ], [ 126.6627257, 37.3881093 ], [ 126.6627273, 37.388111 ], [ 126.662729, 37.3881127 ], [ 126.6627308, 37.3881145 ], [ 126.6627323, 37.3881161 ], [ 126.6627337, 37.3881174 ], [ 126.6627355, 37.3881192 ], [ 126.6627372, 37.388121 ], [ 126.6627387, 37.3881227 ], [ 126.6627404, 37.3881243 ], [ 126.6627422, 37.3881262 ], [ 126.6627438, 37.3881279 ], [ 126.6627454, 37.3881297 ], [ 126.6627471, 37.3881314 ], [ 126.6627492, 37.388133 ], [ 126.662751, 37.3881344 ], [ 126.6627531, 37.3881365 ], [ 126.6627547, 37.3881382 ], [ 126.6627565, 37.3881401 ], [ 126.6627579, 37.3881419 ], [ 126.6627598, 37.3881436 ], [ 126.6627612, 37.388145 ], [ 126.6627632, 37.3881472 ], [ 126.6627652, 37.3881487 ], [ 126.662767, 37.3881509 ], [ 126.6627685, 37.3881525 ], [ 126.6627704, 37.3881545 ], [ 126.6627723, 37.3881564 ], [ 126.6627743, 37.3881582 ], [ 126.6627758, 37.3881602 ], [ 126.6627774, 37.3881619 ], [ 126.6627796, 37.3881639 ], [ 126.6627812, 37.3881658 ], [ 126.6627828, 37.3881676 ], [ 126.6627848, 37.3881696 ], [ 126.6627864, 37.3881717 ], [ 126.6627883, 37.3881735 ], [ 126.6627903, 37.3881752 ], [ 126.6627921, 37.3881775 ], [ 126.662794, 37.3881792 ], [ 126.6627959, 37.3881813 ], [ 126.6627979, 37.3881835 ], [ 126.6627998, 37.3881854 ], [ 126.6628017, 37.3881875 ], [ 126.6628036, 37.3881894 ], [ 126.6628055, 37.3881914 ], [ 126.6628074, 37.3881932 ], [ 126.6628092, 37.3881952 ], [ 126.6628112, 37.3881972 ], [ 126.6628131, 37.3881991 ], [ 126.6628151, 37.3882013 ], [ 126.6628171, 37.3882033 ], [ 126.6628194, 37.3882054 ], [ 126.6628211, 37.3882075 ], [ 126.6628232, 37.3882095 ], [ 126.6628252, 37.3882116 ], [ 126.6628272, 37.3882137 ], [ 126.6628292, 37.3882158 ], [ 126.6628313, 37.3882179 ], [ 126.6628332, 37.3882199 ], [ 126.6628352, 37.3882219 ], [ 126.6628372, 37.3882239 ], [ 126.6628392, 37.388226 ], [ 126.6628413, 37.388228 ], [ 126.6628432, 37.3882301 ], [ 126.6628453, 37.3882322 ], [ 126.6628473, 37.3882343 ], [ 126.6628493, 37.3882363 ], [ 126.6628513, 37.3882383 ], [ 126.6628532, 37.3882403 ], [ 126.6628551, 37.3882424 ], [ 126.6628572, 37.3882445 ], [ 126.662859, 37.3882465 ], [ 126.6628611, 37.3882485 ], [ 126.6628631, 37.3882506 ], [ 126.6628651, 37.3882527 ], [ 126.6628672, 37.3882549 ], [ 126.662869, 37.3882568 ], [ 126.6628712, 37.3882591 ], [ 126.6628731, 37.3882612 ], [ 126.6628751, 37.3882633 ], [ 126.662877, 37.3882653 ], [ 126.662879, 37.3882673 ], [ 126.6628811, 37.3882694 ], [ 126.662883, 37.3882715 ], [ 126.6628849, 37.3882736 ], [ 126.6628869, 37.3882756 ], [ 126.6628892, 37.3882777 ], [ 126.6628909, 37.3882796 ], [ 126.6628929, 37.3882817 ], [ 126.6628948, 37.3882838 ], [ 126.6628966, 37.3882858 ], [ 126.6628985, 37.3882879 ], [ 126.6629006, 37.38829 ], [ 126.6629023, 37.3882918 ], [ 126.6629042, 37.3882938 ], [ 126.6629061, 37.3882959 ], [ 126.662908, 37.3882979 ], [ 126.6629099, 37.3882999 ], [ 126.662912, 37.3883022 ], [ 126.6629139, 37.3883042 ], [ 126.6629157, 37.3883063 ], [ 126.6629177, 37.3883086 ], [ 126.6629197, 37.3883106 ], [ 126.6629216, 37.3883125 ], [ 126.6629235, 37.3883145 ], [ 126.6629256, 37.3883166 ], [ 126.6629275, 37.3883186 ], [ 126.6629296, 37.3883207 ], [ 126.6629315, 37.3883227 ], [ 126.6629332, 37.3883246 ], [ 126.6629352, 37.3883266 ], [ 126.662937, 37.3883283 ], [ 126.6629386, 37.3883298 ], [ 126.6629402, 37.3883316 ], [ 126.662942, 37.3883334 ], [ 126.6629439, 37.3883354 ], [ 126.6629458, 37.3883374 ], [ 126.6629478, 37.3883393 ], [ 126.6629498, 37.3883411 ], [ 126.6629517, 37.3883431 ], [ 126.6629537, 37.3883449 ], [ 126.6629555, 37.3883468 ] ] } },
{ "type": "Feature", "properties": { "Vehicle_ID": 89, "Vehicle_Class": 0, "Num_Points": 150, "Start_Time": "2022-10-07 17:52:13.500", "End_Time": "2022-10-07 17:52:18.471", "Start_Frame": 0, "End_Frame": 149, "Mean_Speed": 13.2, "Max_Speed": 17.1, "Vehicle_Length": 4.59, "Vehicle_Width": 2.14 }, "geometry": { "type": "LineString", "coordinates": [ [ 126.6632729, 37.3886089 ], [ 126.6632738, 37.3886097 ], [ 126.6632748, 37.3886107 ], [ 126.663276, 37.3886118 ], [ 126.6632774, 37.3886128 ], [ 126.6632789, 37.388614 ], [ 126.6632803, 37.388615 ], [ 126.6632816, 37.3886162 ], [ 126.663283, 37.3886172 ], [ 126.6632842, 37.3886182 ], [ 126.6632854, 37.3886193 ], [ 126.6632867, 37.3886202 ], [ 126.6632878, 37.3886212 ], [ 126.6632891, 37.3886222 ], [ 126.6632903, 37.3886232 ], [ 126.6632915, 37.3886241 ], [ 126.6632931, 37.3886252 ], [ 126.6632944, 37.388626 ], [ 126.6632957, 37.3886271 ], [ 126.6632968, 37.3886279 ], [ 126.6632981, 37.388629 ], [ 126.6632995, 37.3886302 ], [ 126.663301, 37.3886312 ], [ 126.6633025, 37.3886322 ], [ 126.663304, 37.3886332 ], [ 126.6633052, 37.3886342 ], [ 126.6633063, 37.388635 ], [ 126.6633076, 37.3886358 ], [ 126.6633087, 37.3886366 ], [ 126.6633098, 37.3886373 ], [ 126.6633111, 37.3886384 ], [ 126.6633122, 37.3886393 ], [ 126.6633134, 37.38864 ], [ 126.6633148, 37.3886411 ], [ 126.663316, 37.388642 ], [ 126.663317, 37.388643 ], [ 126.6633183, 37.388644 ], [ 126.6633196, 37.388645 ], [ 126.6633206, 37.3886458 ], [ 126.6633219, 37.3886469 ], [ 126.6633233, 37.3886479 ], [ 126.6633246, 37.3886487 ], [ 126.6633257, 37.3886492 ], [ 126.6633274, 37.3886505 ], [ 126.6633285, 37.3886513 ], [ 126.6633298, 37.3886523 ], [ 126.6633309, 37.3886532 ], [ 126.6633321, 37.388654 ], [ 126.6633331, 37.3886548 ], [ 126.6633343, 37.3886556 ], [ 126.6633356, 37.3886567 ], [ 126.6633367, 37.3886578 ], [ 126.6633381, 37.3886586 ], [ 126.6633391, 37.3886596 ], [ 126.6633404, 37.3886606 ], [ 126.6633418, 37.3886616 ], [ 126.6633421, 37.3886623 ], [ 126.6633435, 37.388663 ], [ 126.6633447, 37.388664 ], [ 126.6633458, 37.3886647 ], [ 126.6633466, 37.3886653 ], [ 126.663348, 37.3886664 ], [ 126.6633488, 37.3886674 ], [ 126.6633501, 37.3886682 ], [ 126.6633514, 37.3886691 ], [ 126.663352, 37.3886698 ], [ 126.6633533, 37.3886708 ], [ 126.6633546, 37.3886718 ], [ 126.6633555, 37.3886727 ], [ 126.6633565, 37.3886735 ], [ 126.6633575, 37.3886743 ], [ 126.6633585, 37.3886752 ], [ 126.6633593, 37.388676 ], [ 126.6633605, 37.3886768 ], [ 126.6633615, 37.3886776 ], [ 126.6633625, 37.3886785 ], [ 126.6633636, 37.3886793 ], [ 126.6633647, 37.3886801 ], [ 126.6633656, 37.388681 ], [ 126.6633668, 37.388682 ], [ 126.6633675, 37.3886827 ], [ 126.6633686, 37.3886835 ], [ 126.6633696, 37.3886844 ], [ 126.6633706, 37.3886853 ], [ 126.6633714, 37.388686 ], [ 126.6633724, 37.3886869 ], [ 126.6633732, 37.3886878 ], [ 126.663374, 37.3886885 ], [ 126.6633749, 37.3886892 ], [ 126.6633758, 37.3886901 ], [ 126.6633767, 37.388691 ], [ 126.6633776, 37.3886917 ], [ 126.6633785, 37.3886923 ], [ 126.6633794, 37.3886932 ], [ 126.6633804, 37.3886941 ], [ 126.6633811, 37.3886948 ], [ 126.663382, 37.3886956 ], [ 126.6633826, 37.3886964 ], [ 126.6633834, 37.3886972 ], [ 126.6633841, 37.3886979 ], [ 126.663385, 37.3886986 ], [ 126.6633856, 37.3886992 ], [ 126.6633864, 37.3886999 ], [ 126.6633871, 37.3887006 ], [ 126.6633878, 37.3887011 ], [ 126.6633886, 37.3887019 ], [ 126.6633893, 37.3887026 ], [ 126.66339, 37.3887034 ], [ 126.6633906, 37.3887041 ], [ 126.6633914, 37.3887048 ], [ 126.663392, 37.3887053 ], [ 126.6633926, 37.388706 ], [ 126.6633933, 37.3887067 ], [ 126.6633939, 37.3887075 ], [ 126.6633948, 37.3887081 ], [ 126.6633953, 37.3887086 ], [ 126.6633958, 37.3887091 ], [ 126.6633963, 37.3887098 ], [ 126.663397, 37.3887104 ], [ 126.6633974, 37.3887109 ], [ 126.663398, 37.3887115 ], [ 126.6633988, 37.3887122 ], [ 126.6633992, 37.3887126 ], [ 126.6633998, 37.3887132 ], [ 126.6634003, 37.3887138 ], [ 126.6634009, 37.3887142 ], [ 126.6634016, 37.3887149 ], [ 126.6634022, 37.3887155 ], [ 126.6634026, 37.388716 ], [ 126.6634032, 37.3887167 ], [ 126.6634038, 37.388717 ], [ 126.6634044, 37.3887176 ], [ 126.663405, 37.3887181 ], [ 126.6634056, 37.3887187 ], [ 126.6634062, 37.3887193 ], [ 126.6634067, 37.38872 ], [ 126.6634072, 37.3887205 ], [ 126.6634079, 37.388721 ], [ 126.6634085, 37.3887217 ], [ 126.663409, 37.3887223 ], [ 126.6634097, 37.388723 ], [ 126.6634101, 37.3887235 ], [ 126.6634107, 37.3887239 ], [ 126.6634112, 37.3887245 ], [ 126.6634118, 37.3887251 ], [ 126.6634124, 37.3887257 ], [ 126.663413, 37.3887262 ], [ 126.6634135, 37.3887267 ], [ 126.663414, 37.388727 ], [ 126.6634145, 37.3887275 ] ] } },
{ "type": "Feature", "properties": { "Vehicle_ID": 90, "Vehicle_Class": 0, "Num_Points": 150, "Start_Time": "2022-10-07 17:52:13.500", "End_Time": "2022-10-07 17:52:18.471", "Start_Frame": 0, "End_Frame": 149, "Mean_Speed": 2.7, "Max_Speed": 4.8, "Vehicle_Length": 5.07, "Vehicle_Width": 2.28 }, "geometry": { "type": "LineString", "coordinates": [ [ 126.6633192, 37.3887152 ], [ 126.6633193, 37.3887155 ], [ 126.6633195, 37.3887157 ], [ 126.6633199, 37.3887163 ], [ 126.6633204, 37.3887168 ], [ 126.6633207, 37.3887172 ], [ 126.663321, 37.3887176 ], [ 126.6633213, 37.388718 ], [ 126.6633215, 37.3887183 ], [ 126.6633219, 37.3887186 ], [ 126.663322, 37.388719 ], [ 126.6633222, 37.3887193 ], [ 126.6633224, 37.3887196 ], [ 126.6633228, 37.3887199 ], [ 126.6633232, 37.3887203 ], [ 126.6633236, 37.3887206 ], [ 126.6633239, 37.3887209 ], [ 126.6633242, 37.3887211 ], [ 126.6633245, 37.3887214 ], [ 126.6633247, 37.3887215 ], [ 126.6633249, 37.3887217 ], [ 126.6633251, 37.3887219 ], [ 126.6633253, 37.3887222 ], [ 126.6633255, 37.3887224 ], [ 126.6633257, 37.3887227 ], [ 126.6633261, 37.388723 ], [ 126.6633265, 37.3887232 ], [ 126.6633268, 37.3887235 ], [ 126.6633271, 37.3887237 ], [ 126.6633273, 37.3887239 ], [ 126.6633276, 37.3887241 ], [ 126.6633278, 37.3887243 ], [ 126.663328, 37.3887243 ], [ 126.6633281, 37.3887244 ], [ 126.6633282, 37.3887245 ], [ 126.6633283, 37.3887247 ], [ 126.6633284, 37.3887249 ], [ 126.6633285, 37.3887251 ], [ 126.6633285, 37.3887251 ], [ 126.6633285, 37.3887254 ], [ 126.6633287, 37.3887257 ], [ 126.6633291, 37.3887257 ], [ 126.6633293, 37.3887257 ], [ 126.6633301, 37.3887263 ], [ 126.6633304, 37.3887266 ], [ 126.6633306, 37.3887268 ], [ 126.6633307, 37.3887269 ], [ 126.6633308, 37.3887268 ], [ 126.6633306, 37.3887269 ], [ 126.6633308, 37.3887268 ], [ 126.6633311, 37.3887271 ], [ 126.6633311, 37.3887274 ], [ 126.6633314, 37.3887273 ], [ 126.6633313, 37.3887274 ], [ 126.6633315, 37.3887275 ], [ 126.6633317, 37.3887276 ], [ 126.6633311, 37.3887274 ], [ 126.6633316, 37.3887275 ], [ 126.6633316, 37.3887277 ], [ 126.6633316, 37.3887274 ], [ 126.6633313, 37.3887275 ], [ 126.6633316, 37.3887277 ], [ 126.6633314, 37.3887279 ], [ 126.6633316, 37.388728 ], [ 126.663332, 37.388728 ], [ 126.6633316, 37.3887278 ], [ 126.6633319, 37.3887281 ], [ 126.6633321, 37.3887283 ], [ 126.6633321, 37.3887283 ], [ 126.6633321, 37.3887283 ], [ 126.6633323, 37.3887285 ], [ 126.6633324, 37.3887285 ], [ 126.6633323, 37.3887286 ], [ 126.6633324, 37.3887287 ], [ 126.6633326, 37.3887288 ], [ 126.6633326, 37.3887288 ], [ 126.6633327, 37.3887289 ], [ 126.6633328, 37.388729 ], [ 126.6633328, 37.3887291 ], [ 126.6633331, 37.3887293 ], [ 126.6633331, 37.3887294 ], [ 126.6633334, 37.3887295 ], [ 126.6633335, 37.3887296 ], [ 126.6633337, 37.3887298 ], [ 126.6633339, 37.3887298 ], [ 126.6633341, 37.38873 ], [ 126.6633342, 37.3887302 ], [ 126.6633343, 37.3887303 ], [ 126.6633344, 37.3887303 ], [ 126.6633345, 37.3887304 ], [ 126.6633346, 37.3887305 ], [ 126.6633346, 37.3887306 ], [ 126.6633347, 37.3887306 ], [ 126.6633349, 37.3887308 ], [ 126.6633352, 37.3887311 ], [ 126.6633353, 37.3887313 ], [ 126.6633356, 37.3887315 ], [ 126.6633356, 37.3887316 ], [ 126.6633358, 37.3887318 ], [ 126.6633359, 37.388732 ], [ 126.6633361, 37.3887322 ], [ 126.6633361, 37.3887323 ], [ 126.6633363, 37.3887324 ], [ 126.6633364, 37.3887325 ], [ 126.6633363, 37.3887324 ], [ 126.6633366, 37.3887327 ], [ 126.6633367, 37.3887328 ], [ 126.6633367, 37.388733 ], [ 126.6633368, 37.3887331 ], [ 126.6633371, 37.3887334 ], [ 126.6633372, 37.3887335 ], [ 126.6633373, 37.3887336 ], [ 126.6633374, 37.3887338 ], [ 126.6633376, 37.388734 ], [ 126.663338, 37.3887342 ], [ 126.663338, 37.3887342 ], [ 126.6633379, 37.3887342 ], [ 126.6633379, 37.3887344 ], [ 126.663338, 37.3887345 ], [ 126.663338, 37.3887347 ], [ 126.6633381, 37.3887348 ], [ 126.6633383, 37.388735 ], [ 126.6633383, 37.388735 ], [ 126.6633383, 37.388735 ], [ 126.6633385, 37.3887352 ], [ 126.6633387, 37.3887353 ], [ 126.6633389, 37.3887355 ], [ 126.6633388, 37.3887354 ], [ 126.6633389, 37.3887355 ], [ 126.663339, 37.3887355 ], [ 126.6633391, 37.3887355 ], [ 126.6633392, 37.3887356 ], [ 126.6633392, 37.3887356 ], [ 126.6633393, 37.3887355 ], [ 126.6633393, 37.3887355 ], [ 126.6633391, 37.3887355 ], [ 126.663339, 37.3887355 ], [ 126.6633389, 37.3887354 ], [ 126.6633388, 37.3887355 ], [ 126.6633388, 37.3887356 ], [ 126.663339, 37.3887359 ], [ 126.663339, 37.3887361 ], [ 126.6633391, 37.3887361 ], [ 126.6633393, 37.3887362 ], [ 126.6633395, 37.3887363 ], [ 126.6633396, 37.3887365 ], [ 126.6633398, 37.3887366 ], [ 126.6633399, 37.3887366 ], [ 126.6633399, 37.3887366 ], [ 126.6633401, 37.3887367 ] ] } },
{ "type": "Feature", "properties": { "Vehicle_ID": 91, "Vehicle_Class": 0, "Num_Points": 150, "Start_Time": "2022-10-07 17:52:13.500", "End_Time": "2022-10-07 17:52:18.471", "Start_Frame": 0, "End_Frame": 149, "Mean_Speed": 22.6, "Max_Speed": 25.4, "Vehicle_Length": 5.32, "Vehicle_Width": 2.29 }, "geometry": { "type": "LineString", "coordinates": [ [ 126.6625893, 37.387972 ], [ 126.6625903, 37.387973 ], [ 126.6625915, 37.3879744 ], [ 126.6625927, 37.3879758 ], [ 126.662594, 37.387977 ], [ 126.662595, 37.3879781 ], [ 126.6625959, 37.387979 ], [ 126.6625968, 37.3879799 ], [ 126.662598, 37.3879811 ], [ 126.6625993, 37.3879822 ], [ 126.6626, 37.3879833 ], [ 126.662601, 37.3879843 ], [ 126.662602, 37.3879853 ], [ 126.6626031, 37.3879864 ], [ 126.6626042, 37.3879875 ], [ 126.6626053, 37.3879887 ], [ 126.6626064, 37.3879898 ], [ 126.6626075, 37.387991 ], [ 126.6626086, 37.3879921 ], [ 126.6626099, 37.3879934 ], [ 126.6626112, 37.3879947 ], [ 126.6626123, 37.3879959 ], [ 126.6626135, 37.3879971 ], [ 126.6626146, 37.3879981 ], [ 126.6626159, 37.3879993 ], [ 126.6626173, 37.3880008 ], [ 126.6626183, 37.388002 ], [ 126.6626195, 37.3880032 ], [ 126.6626205, 37.3880042 ], [ 126.6626217, 37.3880054 ], [ 126.662623, 37.3880065 ], [ 126.6626241, 37.3880078 ], [ 126.6626252, 37.3880089 ], [ 126.6626264, 37.3880102 ], [ 126.6626281, 37.388012 ], [ 126.6626296, 37.3880136 ], [ 126.6626309, 37.3880149 ], [ 126.6626324, 37.3880164 ], [ 126.6626337, 37.3880177 ], [ 126.6626352, 37.3880193 ], [ 126.6626364, 37.3880206 ], [ 126.662638, 37.3880218 ], [ 126.6626396, 37.3880229 ], [ 126.6626413, 37.3880246 ], [ 126.6626428, 37.3880261 ], [ 126.6626441, 37.3880275 ], [ 126.6626452, 37.388029 ], [ 126.6626468, 37.3880303 ], [ 126.6626477, 37.3880311 ], [ 126.6626494, 37.388033 ], [ 126.6626508, 37.3880339 ], [ 126.6626523, 37.388036 ], [ 126.6626532, 37.3880369 ], [ 126.6626551, 37.3880388 ], [ 126.6626565, 37.3880401 ], [ 126.662658, 37.3880416 ], [ 126.6626592, 37.3880432 ], [ 126.6626603, 37.3880443 ], [ 126.6626622, 37.3880459 ], [ 126.6626634, 37.3880472 ], [ 126.6626647, 37.3880487 ], [ 126.6626664, 37.3880503 ], [ 126.6626678, 37.3880519 ], [ 126.6626693, 37.3880534 ], [ 126.6626709, 37.3880546 ], [ 126.6626725, 37.3880566 ], [ 126.6626739, 37.388058 ], [ 126.6626753, 37.3880595 ], [ 126.6626772, 37.3880615 ], [ 126.6626786, 37.388063 ], [ 126.66268, 37.3880646 ], [ 126.6626814, 37.3880658 ], [ 126.6626828, 37.3880674 ], [ 126.6626843, 37.3880689 ], [ 126.6626858, 37.3880706 ], [ 126.6626872, 37.388072 ], [ 126.6626886, 37.3880734 ], [ 126.6626902, 37.3880751 ], [ 126.6626917, 37.3880767 ], [ 126.6626933, 37.3880783 ], [ 126.6626947, 37.3880799 ], [ 126.6626963, 37.3880815 ], [ 126.6626978, 37.3880832 ], [ 126.6626994, 37.3880849 ], [ 126.6627008, 37.3880864 ], [ 126.6627023, 37.388088 ], [ 126.6627038, 37.3880897 ], [ 126.6627055, 37.3880915 ], [ 126.6627071, 37.3880932 ], [ 126.6627088, 37.388095 ], [ 126.6627106, 37.3880967 ], [ 126.662712, 37.3880982 ], [ 126.6627137, 37.3880999 ], [ 126.6627153, 37.3881015 ], [ 126.6627168, 37.388103 ], [ 126.6627183, 37.3881047 ], [ 126.6627198, 37.3881065 ], [ 126.6627213, 37.3881082 ], [ 126.6627232, 37.38811 ], [ 126.6627248, 37.3881117 ], [ 126.6627267, 37.3881136 ], [ 126.6627284, 37.3881153 ], [ 126.6627301, 37.388117 ], [ 126.6627317, 37.3881186 ], [ 126.662733, 37.38812 ], [ 126.662735, 37.3881219 ], [ 126.6627366, 37.3881236 ], [ 126.6627382, 37.3881252 ], [ 126.6627397, 37.388127 ], [ 126.6627414, 37.3881287 ], [ 126.6627431, 37.3881303 ], [ 126.6627447, 37.3881321 ], [ 126.6627462, 37.3881338 ], [ 126.6627481, 37.3881355 ], [ 126.6627497, 37.388137 ], [ 126.6627513, 37.3881387 ], [ 126.6627528, 37.3881403 ], [ 126.6627545, 37.3881422 ], [ 126.6627562, 37.3881439 ], [ 126.6627578, 37.3881458 ], [ 126.6627595, 37.3881475 ], [ 126.6627612, 37.3881493 ], [ 126.6627625, 37.3881509 ], [ 126.6627641, 37.3881525 ], [ 126.6627657, 37.3881541 ], [ 126.6627673, 37.3881558 ], [ 126.662769, 37.3881575 ], [ 126.6627704, 37.3881591 ], [ 126.662772, 37.3881608 ], [ 126.6627734, 37.3881624 ], [ 126.662775, 37.3881639 ], [ 126.6627766, 37.3881655 ], [ 126.6627782, 37.3881672 ], [ 126.6627797, 37.3881688 ], [ 126.6627814, 37.3881706 ], [ 126.6627829, 37.3881722 ], [ 126.6627845, 37.3881738 ], [ 126.662786, 37.3881753 ], [ 126.6627876, 37.388177 ], [ 126.662789, 37.3881785 ], [ 126.6627907, 37.38818 ], [ 126.6627923, 37.3881817 ], [ 126.6627939, 37.3881833 ], [ 126.6627954, 37.3881849 ], [ 126.6627969, 37.3881865 ], [ 126.6627984, 37.3881881 ], [ 126.6628, 37.3881896 ], [ 126.6628015, 37.3881912 ], [ 126.6628031, 37.3881928 ], [ 126.6628047, 37.3881944 ] ] } },
{ "type": "Feature", "properties": { "Vehicle_ID": 92, "Vehicle_Class": 0, "Num_Points": 150, "Start_Time": "2022-10-07 17:52:13.500", "End_Time": "2022-10-07 17:52:18.471", "Start_Frame": 0, "End_Frame": 149, "Mean_Speed": 31.9, "Max_Speed": 37.9, "Vehicle_Length": 4.19, "Vehicle_Width": 2.09 }, "geometry": { "type": "LineString", "coordinates": [ [ 126.6628343, 37.3882672 ], [ 126.6628357, 37.3882688 ], [ 126.6628372, 37.3882704 ], [ 126.6628389, 37.3882722 ], [ 126.6628406, 37.388274 ], [ 126.6628423, 37.3882759 ], [ 126.662844, 37.3882776 ], [ 126.6628458, 37.3882795 ], [ 126.6628474, 37.3882812 ], [ 126.6628493, 37.388283 ], [ 126.6628508, 37.3882849 ], [ 126.6628525, 37.3882866 ], [ 126.6628542, 37.3882883 ], [ 126.6628559, 37.3882901 ], [ 126.6628576, 37.3882919 ], [ 126.6628593, 37.3882936 ], [ 126.6628611, 37.3882955 ], [ 126.6628628, 37.3882972 ], [ 126.6628646, 37.388299 ], [ 126.6628662, 37.3883007 ], [ 126.6628681, 37.3883026 ], [ 126.6628698, 37.3883045 ], [ 126.6628716, 37.3883062 ], [ 126.6628733, 37.388308 ], [ 126.6628752, 37.38831 ], [ 126.662877, 37.3883118 ], [ 126.6628785, 37.3883134 ], [ 126.6628804, 37.3883152 ], [ 126.6628823, 37.3883172 ], [ 126.662884, 37.388319 ], [ 126.6628859, 37.3883209 ], [ 126.6628877, 37.3883228 ], [ 126.6628895, 37.3883246 ], [ 126.6628913, 37.3883266 ], [ 126.6628931, 37.3883285 ], [ 126.6628951, 37.3883306 ], [ 126.662897, 37.3883325 ], [ 126.6628989, 37.3883345 ], [ 126.6629006, 37.3883362 ], [ 126.6629023, 37.3883382 ], [ 126.662904, 37.3883401 ], [ 126.6629059, 37.3883415 ], [ 126.6629076, 37.388343 ], [ 126.6629096, 37.388345 ], [ 126.6629112, 37.3883467 ], [ 126.6629132, 37.3883488 ], [ 126.6629149, 37.3883508 ], [ 126.6629171, 37.3883527 ], [ 126.6629188, 37.3883546 ], [ 126.6629209, 37.3883568 ], [ 126.6629229, 37.3883587 ], [ 126.6629247, 37.3883609 ], [ 126.6629262, 37.3883622 ], [ 126.6629279, 37.3883641 ], [ 126.6629298, 37.3883659 ], [ 126.6629321, 37.3883681 ], [ 126.6629337, 37.3883703 ], [ 126.662936, 37.3883725 ], [ 126.6629385, 37.3883746 ], [ 126.6629402, 37.3883763 ], [ 126.662942, 37.3883781 ], [ 126.6629438, 37.3883798 ], [ 126.6629451, 37.3883813 ], [ 126.6629475, 37.3883838 ], [ 126.6629499, 37.3883861 ], [ 126.6629518, 37.3883884 ], [ 126.6629536, 37.3883903 ], [ 126.6629556, 37.3883924 ], [ 126.6629577, 37.3883943 ], [ 126.6629596, 37.3883962 ], [ 126.6629613, 37.3883979 ], [ 126.6629635, 37.3884001 ], [ 126.6629657, 37.3884028 ], [ 126.6629679, 37.3884051 ], [ 126.6629695, 37.3884069 ], [ 126.6629709, 37.3884085 ], [ 126.6629729, 37.3884105 ], [ 126.662975, 37.3884125 ], [ 126.6629768, 37.3884146 ], [ 126.6629791, 37.3884169 ], [ 126.6629811, 37.3884193 ], [ 126.6629833, 37.3884217 ], [ 126.6629855, 37.3884241 ], [ 126.6629876, 37.3884262 ], [ 126.6629894, 37.3884281 ], [ 126.6629916, 37.3884304 ], [ 126.6629939, 37.3884325 ], [ 126.6629958, 37.3884342 ], [ 126.6629984, 37.3884365 ], [ 126.6630006, 37.3884386 ], [ 126.663002, 37.3884404 ], [ 126.6630036, 37.3884419 ], [ 126.6630055, 37.3884439 ], [ 126.6630075, 37.3884463 ], [ 126.6630101, 37.388449 ], [ 126.6630127, 37.3884515 ], [ 126.6630147, 37.3884538 ], [ 126.6630164, 37.3884555 ], [ 126.6630185, 37.3884579 ], [ 126.6630203, 37.3884603 ], [ 126.6630223, 37.3884623 ], [ 126.663024, 37.3884642 ], [ 126.663026, 37.3884663 ], [ 126.6630284, 37.3884686 ], [ 126.6630305, 37.3884708 ], [ 126.663033, 37.3884735 ], [ 126.6630355, 37.3884762 ], [ 126.6630378, 37.3884787 ], [ 126.66304, 37.3884812 ], [ 126.663042, 37.3884833 ], [ 126.6630441, 37.3884854 ], [ 126.6630466, 37.388488 ], [ 126.663049, 37.3884907 ], [ 126.6630515, 37.3884933 ], [ 126.6630542, 37.3884956 ], [ 126.663056, 37.3884978 ], [ 126.663058, 37.3885 ], [ 126.6630601, 37.3885023 ], [ 126.6630624, 37.3885046 ], [ 126.6630647, 37.3885072 ], [ 126.6630671, 37.3885097 ], [ 126.6630694, 37.3885122 ], [ 126.6630715, 37.3885145 ], [ 126.6630738, 37.3885169 ], [ 126.6630761, 37.3885194 ], [ 126.6630785, 37.3885218 ], [ 126.6630809, 37.3885243 ], [ 126.6630831, 37.3885267 ], [ 126.6630854, 37.3885292 ], [ 126.6630877, 37.3885318 ], [ 126.66309, 37.3885342 ], [ 126.6630926, 37.3885367 ], [ 126.6630948, 37.3885392 ], [ 126.6630972, 37.3885418 ], [ 126.6630995, 37.3885443 ], [ 126.6631019, 37.3885468 ], [ 126.6631043, 37.3885494 ], [ 126.6631067, 37.3885518 ], [ 126.6631091, 37.3885545 ], [ 126.6631115, 37.388557 ], [ 126.663114, 37.3885595 ], [ 126.6631163, 37.3885621 ], [ 126.6631187, 37.3885646 ], [ 126.6631211, 37.3885671 ], [ 126.6631235, 37.3885697 ], [ 126.663126, 37.3885723 ], [ 126.6631284, 37.3885748 ], [ 126.6631309, 37.3885773 ], [ 126.6631333, 37.3885798 ], [ 126.6631358, 37.3885824 ] ] } },
{ "type": "Feature", "properties": { "Vehicle_ID": 93, "Vehicle_Class": 0, "Num_Points": 150, "Start_Time": "2022-10-07 17:52:13.500", "End_Time": "2022-10-07 17:52:18.471", "Start_Frame": 0, "End_Frame": 149, "Mean_Speed": 26.1, "Max_Speed": 28.7, "Vehicle_Length": 4.37, "Vehicle_Width": 2.07 }, "geometry": { "type": "LineString", "coordinates": [ [ 126.6632252, 37.3889955 ], [ 126.6632239, 37.3889943 ], [ 126.6632225, 37.3889928 ], [ 126.6632206, 37.3889912 ], [ 126.6632191, 37.3889897 ], [ 126.6632177, 37.3889882 ], [ 126.6632162, 37.3889866 ], [ 126.6632146, 37.388985 ], [ 126.663213, 37.3889835 ], [ 126.6632117, 37.388982 ], [ 126.6632101, 37.3889806 ], [ 126.6632083, 37.3889789 ], [ 126.6632069, 37.3889775 ], [ 126.6632053, 37.3889759 ], [ 126.6632039, 37.3889743 ], [ 126.6632023, 37.3889727 ], [ 126.663201, 37.3889714 ], [ 126.6631994, 37.3889698 ], [ 126.663198, 37.3889684 ], [ 126.6631963, 37.3889667 ], [ 126.6631948, 37.3889652 ], [ 126.6631933, 37.3889636 ], [ 126.6631919, 37.388962 ], [ 126.6631903, 37.3889604 ], [ 126.663189, 37.388959 ], [ 126.6631875, 37.3889577 ], [ 126.6631861, 37.3889562 ], [ 126.6631848, 37.3889548 ], [ 126.6631832, 37.3889533 ], [ 126.663182, 37.3889518 ], [ 126.6631806, 37.3889504 ], [ 126.6631791, 37.3889489 ], [ 126.6631775, 37.3889473 ], [ 126.663176, 37.3889458 ], [ 126.6631746, 37.3889442 ], [ 126.6631731, 37.3889428 ], [ 126.6631714, 37.3889412 ], [ 126.6631698, 37.3889399 ], [ 126.6631681, 37.3889382 ], [ 126.6631664, 37.3889364 ], [ 126.6631649, 37.3889349 ], [ 126.6631637, 37.3889332 ], [ 126.6631619, 37.3889314 ], [ 126.6631608, 37.38893 ], [ 126.6631593, 37.3889283 ], [ 126.6631576, 37.3889268 ], [ 126.6631559, 37.3889252 ], [ 126.6631542, 37.3889235 ], [ 126.6631524, 37.3889216 ], [ 126.6631508, 37.3889198 ], [ 126.6631493, 37.3889186 ], [ 126.6631479, 37.3889173 ], [ 126.6631464, 37.3889156 ], [ 126.6631449, 37.3889141 ], [ 126.6631433, 37.3889124 ], [ 126.663142, 37.388911 ], [ 126.6631402, 37.3889095 ], [ 126.6631395, 37.3889087 ], [ 126.6631389, 37.3889079 ], [ 126.6631377, 37.3889064 ], [ 126.663136, 37.388905 ], [ 126.6631347, 37.3889036 ], [ 126.6631327, 37.3889018 ], [ 126.663131, 37.3889 ], [ 126.6631296, 37.3888985 ], [ 126.6631273, 37.388896 ], [ 126.663125, 37.3888938 ], [ 126.6631227, 37.3888917 ], [ 126.6631209, 37.3888899 ], [ 126.6631196, 37.3888885 ], [ 126.6631182, 37.3888872 ], [ 126.6631167, 37.3888854 ], [ 126.6631147, 37.3888832 ], [ 126.6631133, 37.3888816 ], [ 126.6631118, 37.3888799 ], [ 126.6631103, 37.3888784 ], [ 126.6631084, 37.3888764 ], [ 126.6631064, 37.3888743 ], [ 126.6631045, 37.3888722 ], [ 126.6631026, 37.3888703 ], [ 126.6631005, 37.3888682 ], [ 126.6630986, 37.3888665 ], [ 126.6630969, 37.3888645 ], [ 126.663095, 37.3888626 ], [ 126.6630933, 37.3888608 ], [ 126.6630916, 37.388859 ], [ 126.6630899, 37.3888573 ], [ 126.6630882, 37.3888556 ], [ 126.6630864, 37.3888537 ], [ 126.6630846, 37.3888517 ], [ 126.6630831, 37.3888503 ], [ 126.6630816, 37.3888487 ], [ 126.6630799, 37.3888469 ], [ 126.6630785, 37.3888454 ], [ 126.663077, 37.3888437 ], [ 126.663075, 37.3888417 ], [ 126.663073, 37.3888397 ], [ 126.6630711, 37.3888378 ], [ 126.6630693, 37.3888359 ], [ 126.6630676, 37.3888341 ], [ 126.6630658, 37.3888322 ], [ 126.6630638, 37.3888302 ], [ 126.6630618, 37.3888281 ], [ 126.6630598, 37.3888261 ], [ 126.6630579, 37.3888242 ], [ 126.6630561, 37.3888224 ], [ 126.6630544, 37.3888204 ], [ 126.6630527, 37.3888186 ], [ 126.6630507, 37.3888168 ], [ 126.663049, 37.3888151 ], [ 126.663047, 37.388813 ], [ 126.6630451, 37.388811 ], [ 126.6630431, 37.388809 ], [ 126.6630414, 37.3888072 ], [ 126.6630399, 37.3888054 ], [ 126.6630379, 37.3888035 ], [ 126.6630358, 37.3888015 ], [ 126.663034, 37.3887997 ], [ 126.6630321, 37.3887977 ], [ 126.6630304, 37.3887957 ], [ 126.6630286, 37.3887939 ], [ 126.6630266, 37.3887921 ], [ 126.6630246, 37.3887901 ], [ 126.6630227, 37.3887882 ], [ 126.663021, 37.3887864 ], [ 126.6630192, 37.3887847 ], [ 126.6630176, 37.3887829 ], [ 126.6630158, 37.3887811 ], [ 126.6630138, 37.3887793 ], [ 126.6630118, 37.3887773 ], [ 126.6630099, 37.3887754 ], [ 126.6630081, 37.3887735 ], [ 126.6630062, 37.3887716 ], [ 126.6630043, 37.3887695 ], [ 126.6630025, 37.3887677 ], [ 126.6630004, 37.3887656 ], [ 126.6629982, 37.3887634 ], [ 126.6629964, 37.3887615 ], [ 126.6629947, 37.3887598 ], [ 126.6629929, 37.3887581 ], [ 126.6629912, 37.3887565 ], [ 126.6629892, 37.3887547 ], [ 126.6629871, 37.3887527 ], [ 126.6629853, 37.3887508 ], [ 126.6629837, 37.3887489 ], [ 126.662982, 37.3887473 ], [ 126.6629803, 37.3887455 ], [ 126.6629786, 37.3887437 ], [ 126.6629766, 37.3887418 ], [ 126.6629744, 37.3887401 ] ] } },
{ "type": "Feature", "properties": { "Vehicle_ID": 94, "Vehicle_Class": 0, "Num_Points": 150, "Start_Time": "2022-10-07 17:52:13.500", "End_Time": "2022-10-07 17:52:18.471", "Start_Frame": 0, "End_Frame": 149, "Mean_Speed": 33.8, "Max_Speed": 39.7, "Vehicle_Length": 4.17, "Vehicle_Width": 2.03 }, "geometry": { "type": "LineString", "coordinates": [ [ 126.6628321, 37.3883094 ], [ 126.6628336, 37.388311 ], [ 126.6628352, 37.3883127 ], [ 126.6628369, 37.3883145 ], [ 126.6628387, 37.3883163 ], [ 126.6628405, 37.388318 ], [ 126.6628422, 37.3883199 ], [ 126.6628439, 37.3883217 ], [ 126.6628456, 37.3883235 ], [ 126.6628476, 37.3883253 ], [ 126.6628492, 37.3883272 ], [ 126.6628508, 37.3883288 ], [ 126.6628526, 37.3883306 ], [ 126.6628544, 37.3883325 ], [ 126.662856, 37.3883342 ], [ 126.6628578, 37.3883363 ], [ 126.6628597, 37.3883382 ], [ 126.6628615, 37.3883402 ], [ 126.6628634, 37.3883422 ], [ 126.6628653, 37.3883442 ], [ 126.6628671, 37.388346 ], [ 126.6628689, 37.388348 ], [ 126.6628708, 37.38835 ], [ 126.6628725, 37.3883517 ], [ 126.6628744, 37.3883537 ], [ 126.6628763, 37.3883556 ], [ 126.6628781, 37.3883575 ], [ 126.6628796, 37.388359 ], [ 126.6628813, 37.3883607 ], [ 126.6628829, 37.3883622 ], [ 126.6628845, 37.388364 ], [ 126.6628865, 37.3883661 ], [ 126.6628885, 37.3883681 ], [ 126.6628906, 37.3883703 ], [ 126.6628926, 37.3883723 ], [ 126.6628945, 37.3883742 ], [ 126.6628964, 37.3883762 ], [ 126.662898, 37.3883779 ], [ 126.6628996, 37.3883796 ], [ 126.6629014, 37.3883814 ], [ 126.6629033, 37.3883833 ], [ 126.6629057, 37.3883853 ], [ 126.6629081, 37.3883874 ], [ 126.6629105, 37.3883898 ], [ 126.6629126, 37.388392 ], [ 126.6629148, 37.3883943 ], [ 126.6629164, 37.3883962 ], [ 126.6629179, 37.3883976 ], [ 126.6629197, 37.3883997 ], [ 126.6629219, 37.3884023 ], [ 126.6629241, 37.3884047 ], [ 126.6629263, 37.3884073 ], [ 126.6629282, 37.3884093 ], [ 126.6629304, 37.3884116 ], [ 126.6629327, 37.3884136 ], [ 126.6629346, 37.3884155 ], [ 126.6629362, 37.3884177 ], [ 126.6629387, 37.38842 ], [ 126.6629416, 37.3884228 ], [ 126.6629436, 37.3884249 ], [ 126.6629455, 37.3884268 ], [ 126.6629476, 37.3884286 ], [ 126.6629492, 37.3884306 ], [ 126.6629514, 37.3884327 ], [ 126.6629536, 37.3884347 ], [ 126.662956, 37.3884373 ], [ 126.6629583, 37.3884396 ], [ 126.6629604, 37.3884419 ], [ 126.6629626, 37.3884442 ], [ 126.6629649, 37.3884464 ], [ 126.662967, 37.3884487 ], [ 126.6629692, 37.3884507 ], [ 126.6629716, 37.3884529 ], [ 126.6629737, 37.3884552 ], [ 126.6629751, 37.388457 ], [ 126.6629765, 37.3884582 ], [ 126.6629779, 37.3884598 ], [ 126.6629797, 37.3884618 ], [ 126.6629821, 37.3884643 ], [ 126.6629853, 37.3884677 ], [ 126.6629874, 37.38847 ], [ 126.6629894, 37.3884718 ], [ 126.6629918, 37.3884744 ], [ 126.662994, 37.3884769 ], [ 126.6629959, 37.3884793 ], [ 126.6629977, 37.3884815 ], [ 126.6630001, 37.3884838 ], [ 126.6630027, 37.3884862 ], [ 126.6630051, 37.3884887 ], [ 126.6630076, 37.3884914 ], [ 126.6630101, 37.3884941 ], [ 126.6630122, 37.3884965 ], [ 126.6630143, 37.3884988 ], [ 126.6630164, 37.3885009 ], [ 126.6630186, 37.3885033 ], [ 126.6630211, 37.3885059 ], [ 126.6630235, 37.3885085 ], [ 126.6630261, 37.3885112 ], [ 126.6630284, 37.3885137 ], [ 126.6630306, 37.3885162 ], [ 126.6630329, 37.3885186 ], [ 126.6630352, 37.388521 ], [ 126.6630376, 37.3885235 ], [ 126.66304, 37.3885259 ], [ 126.663042, 37.3885281 ], [ 126.6630445, 37.3885307 ], [ 126.6630468, 37.3885332 ], [ 126.6630491, 37.3885356 ], [ 126.6630514, 37.388538 ], [ 126.6630538, 37.3885405 ], [ 126.6630562, 37.3885428 ], [ 126.6630585, 37.3885453 ], [ 126.663061, 37.3885479 ], [ 126.6630635, 37.3885505 ], [ 126.6630661, 37.3885529 ], [ 126.6630683, 37.3885553 ], [ 126.6630706, 37.3885577 ], [ 126.6630729, 37.3885602 ], [ 126.6630754, 37.3885627 ], [ 126.6630778, 37.3885652 ], [ 126.6630802, 37.3885677 ], [ 126.6630827, 37.3885704 ], [ 126.663085, 37.3885728 ], [ 126.6630874, 37.3885753 ], [ 126.66309, 37.3885779 ], [ 126.6630923, 37.3885803 ], [ 126.6630948, 37.388583 ], [ 126.6630972, 37.3885855 ], [ 126.6630996, 37.3885881 ], [ 126.6631022, 37.3885907 ], [ 126.6631047, 37.3885932 ], [ 126.6631072, 37.3885958 ], [ 126.6631097, 37.3885984 ], [ 126.6631122, 37.388601 ], [ 126.6631148, 37.3886035 ], [ 126.6631171, 37.3886061 ], [ 126.6631196, 37.3886087 ], [ 126.6631222, 37.3886114 ], [ 126.6631248, 37.3886141 ], [ 126.6631273, 37.3886166 ], [ 126.6631299, 37.3886193 ], [ 126.6631324, 37.3886219 ], [ 126.6631351, 37.3886245 ], [ 126.6631376, 37.3886272 ], [ 126.6631403, 37.3886298 ], [ 126.6631429, 37.3886326 ], [ 126.6631455, 37.3886352 ], [ 126.663148, 37.3886379 ], [ 126.6631507, 37.3886405 ], [ 126.6631533, 37.3886432 ] ] } },
{ "type": "Feature", "properties": { "Vehicle_ID": 95, "Vehicle_Class": 0, "Num_Points": 134, "Start_Time": "2022-10-07 17:52:13.500", "End_Time": "2022-10-07 17:52:17.937", "Start_Frame": 0, "End_Frame": 133, "Mean_Speed": 52.6, "Max_Speed": 56.9, "Vehicle_Length": 4.92, "Vehicle_Width": 2.2 }, "geometry": { "type": "LineString", "coordinates": [ [ 126.6634825, 37.3890324 ], [ 126.6634841, 37.3890342 ], [ 126.6634863, 37.3890369 ], [ 126.6634893, 37.3890405 ], [ 126.6634924, 37.3890439 ], [ 126.663496, 37.3890478 ], [ 126.6634997, 37.3890514 ], [ 126.6635032, 37.3890552 ], [ 126.6635062, 37.3890583 ], [ 126.6635097, 37.3890618 ], [ 126.6635129, 37.3890654 ], [ 126.663516, 37.3890687 ], [ 126.663519, 37.3890719 ], [ 126.6635223, 37.3890752 ], [ 126.6635253, 37.3890784 ], [ 126.6635284, 37.3890817 ], [ 126.6635315, 37.3890849 ], [ 126.6635346, 37.389088 ], [ 126.6635377, 37.3890914 ], [ 126.6635407, 37.3890946 ], [ 126.6635437, 37.3890979 ], [ 126.6635469, 37.3891011 ], [ 126.6635499, 37.3891044 ], [ 126.663553, 37.3891076 ], [ 126.6635558, 37.3891107 ], [ 126.6635593, 37.3891141 ], [ 126.6635623, 37.3891173 ], [ 126.6635655, 37.3891207 ], [ 126.6635687, 37.3891241 ], [ 126.6635719, 37.3891274 ], [ 126.6635753, 37.389131 ], [ 126.6635783, 37.3891341 ], [ 126.6635814, 37.3891373 ], [ 126.6635845, 37.3891407 ], [ 126.6635877, 37.3891439 ], [ 126.6635907, 37.3891472 ], [ 126.6635939, 37.3891505 ], [ 126.6635971, 37.389154 ], [ 126.6636003, 37.3891573 ], [ 126.6636033, 37.3891605 ], [ 126.6636066, 37.3891639 ], [ 126.6636105, 37.3891674 ], [ 126.6636134, 37.3891704 ], [ 126.6636173, 37.389174 ], [ 126.6636205, 37.3891774 ], [ 126.6636238, 37.3891809 ], [ 126.6636271, 37.3891843 ], [ 126.6636302, 37.3891876 ], [ 126.6636331, 37.3891909 ], [ 126.6636364, 37.3891938 ], [ 126.6636396, 37.3891976 ], [ 126.6636431, 37.3892012 ], [ 126.663647, 37.3892046 ], [ 126.6636499, 37.3892079 ], [ 126.6636531, 37.3892114 ], [ 126.6636568, 37.389215 ], [ 126.6636593, 37.3892181 ], [ 126.6636633, 37.3892216 ], [ 126.6636664, 37.3892249 ], [ 126.6636698, 37.3892279 ], [ 126.6636726, 37.3892314 ], [ 126.6636765, 37.3892353 ], [ 126.6636793, 37.3892387 ], [ 126.6636831, 37.3892422 ], [ 126.6636867, 37.3892457 ], [ 126.6636895, 37.3892485 ], [ 126.6636932, 37.3892526 ], [ 126.663697, 37.3892564 ], [ 126.6637002, 37.3892596 ], [ 126.6637034, 37.3892628 ], [ 126.6637069, 37.3892663 ], [ 126.6637104, 37.3892698 ], [ 126.6637137, 37.3892733 ], [ 126.6637173, 37.389277 ], [ 126.6637207, 37.3892804 ], [ 126.6637239, 37.3892837 ], [ 126.6637273, 37.3892874 ], [ 126.6637308, 37.3892909 ], [ 126.6637342, 37.3892944 ], [ 126.663738, 37.3892983 ], [ 126.6637411, 37.3893017 ], [ 126.6637445, 37.3893051 ], [ 126.6637471, 37.3893079 ], [ 126.6637503, 37.3893111 ], [ 126.6637543, 37.389315 ], [ 126.6637581, 37.3893187 ], [ 126.6637617, 37.3893226 ], [ 126.6637656, 37.3893267 ], [ 126.6637694, 37.3893306 ], [ 126.6637736, 37.3893349 ], [ 126.6637772, 37.3893386 ], [ 126.6637804, 37.3893418 ], [ 126.6637832, 37.3893446 ], [ 126.6637865, 37.3893478 ], [ 126.6637902, 37.3893515 ], [ 126.6637939, 37.3893551 ], [ 126.6637975, 37.3893589 ], [ 126.663801, 37.3893626 ], [ 126.6638047, 37.3893664 ], [ 126.6638082, 37.3893698 ], [ 126.6638118, 37.3893734 ], [ 126.6638151, 37.3893768 ], [ 126.6638188, 37.3893805 ], [ 126.6638221, 37.3893841 ], [ 126.6638259, 37.3893879 ], [ 126.6638293, 37.3893916 ], [ 126.6638329, 37.3893952 ], [ 126.6638364, 37.389399 ], [ 126.66384, 37.3894027 ], [ 126.6638439, 37.3894067 ], [ 126.6638472, 37.38941 ], [ 126.6638511, 37.3894139 ], [ 126.6638548, 37.3894177 ], [ 126.6638581, 37.3894213 ], [ 126.6638623, 37.3894253 ], [ 126.6638657, 37.3894287 ], [ 126.6638695, 37.3894324 ], [ 126.6638731, 37.3894362 ], [ 126.6638767, 37.38944 ], [ 126.6638804, 37.3894439 ], [ 126.663884, 37.3894477 ], [ 126.6638879, 37.3894516 ], [ 126.6638914, 37.3894552 ], [ 126.6638949, 37.3894591 ], [ 126.6638988, 37.3894632 ], [ 126.6639019, 37.3894666 ], [ 126.6639039, 37.3894685 ], [ 126.6639059, 37.3894702 ], [ 126.6639076, 37.3894722 ], [ 126.6639093, 37.3894741 ], [ 126.6639115, 37.3894758 ], [ 126.6639137, 37.3894778 ], [ 126.6639156, 37.3894799 ], [ 126.6639173, 37.3894814 ] ] } },
{ "type": "Feature", "properties": { "Vehicle_ID": 96, "Vehicle_Class": 0, "Num_Points": 150, "Start_Time": "2022-10-07 17:52:13.500", "End_Time": "2022-10-07 17:52:18.471", "Start_Frame": 0, "End_Frame": 149, "Mean_Speed": 12.0, "Max_Speed": 15.1, "Vehicle_Length": 4.97, "Vehicle_Width": 2.25 }, "geometry": { "type": "LineString", "coordinates": [ [ 126.6633913, 37.3886959 ], [ 126.6633919, 37.3886968 ], [ 126.663393, 37.388698 ], [ 126.663394, 37.3886992 ], [ 126.6633949, 37.3887002 ], [ 126.6633962, 37.3887014 ], [ 126.6633971, 37.3887025 ], [ 126.6633981, 37.3887036 ], [ 126.6633992, 37.3887047 ], [ 126.6634003, 37.3887057 ], [ 126.6634012, 37.388707 ], [ 126.6634022, 37.3887081 ], [ 126.6634031, 37.3887091 ], [ 126.663404, 37.3887101 ], [ 126.6634049, 37.388711 ], [ 126.6634058, 37.388712 ], [ 126.6634067, 37.388713 ], [ 126.6634076, 37.3887139 ], [ 126.6634086, 37.3887149 ], [ 126.6634093, 37.3887157 ], [ 126.6634101, 37.3887166 ], [ 126.6634109, 37.3887174 ], [ 126.6634117, 37.3887183 ], [ 126.6634125, 37.3887193 ], [ 126.6634133, 37.3887202 ], [ 126.6634141, 37.3887211 ], [ 126.6634149, 37.3887219 ], [ 126.6634157, 37.3887228 ], [ 126.6634163, 37.3887235 ], [ 126.6634171, 37.3887242 ], [ 126.6634179, 37.3887251 ], [ 126.6634185, 37.3887259 ], [ 126.6634194, 37.3887266 ], [ 126.6634201, 37.3887274 ], [ 126.6634207, 37.3887281 ], [ 126.6634214, 37.388729 ], [ 126.663422, 37.3887297 ], [ 126.6634229, 37.3887305 ], [ 126.6634236, 37.3887313 ], [ 126.6634243, 37.388732 ], [ 126.663425, 37.388733 ], [ 126.663426, 37.3887336 ], [ 126.6634266, 37.3887338 ], [ 126.6634278, 37.388735 ], [ 126.6634284, 37.3887357 ], [ 126.6634291, 37.3887364 ], [ 126.6634298, 37.3887371 ], [ 126.6634305, 37.3887376 ], [ 126.6634311, 37.3887384 ], [ 126.6634318, 37.3887388 ], [ 126.6634327, 37.3887398 ], [ 126.6634334, 37.3887408 ], [ 126.6634344, 37.3887414 ], [ 126.6634347, 37.388742 ], [ 126.6634355, 37.3887428 ], [ 126.6634365, 37.3887437 ], [ 126.6634366, 37.3887443 ], [ 126.663438, 37.3887451 ], [ 126.6634386, 37.3887458 ], [ 126.6634393, 37.3887462 ], [ 126.6634396, 37.3887469 ], [ 126.6634406, 37.3887479 ], [ 126.6634409, 37.3887486 ], [ 126.6634418, 37.3887493 ], [ 126.6634428, 37.3887499 ], [ 126.663443, 37.3887503 ], [ 126.663444, 37.3887512 ], [ 126.663445, 37.3887521 ], [ 126.6634456, 37.3887526 ], [ 126.6634463, 37.3887534 ], [ 126.6634471, 37.3887542 ], [ 126.6634479, 37.3887549 ], [ 126.6634485, 37.3887556 ], [ 126.6634493, 37.3887565 ], [ 126.6634501, 37.3887573 ], [ 126.6634508, 37.3887581 ], [ 126.6634517, 37.3887589 ], [ 126.6634524, 37.3887596 ], [ 126.6634531, 37.3887604 ], [ 126.663454, 37.3887612 ], [ 126.6634545, 37.3887617 ], [ 126.6634553, 37.3887623 ], [ 126.6634561, 37.388763 ], [ 126.6634568, 37.3887638 ], [ 126.6634575, 37.3887644 ], [ 126.6634582, 37.3887652 ], [ 126.6634588, 37.3887659 ], [ 126.6634594, 37.3887665 ], [ 126.6634601, 37.3887673 ], [ 126.6634607, 37.3887679 ], [ 126.6634614, 37.3887686 ], [ 126.6634622, 37.3887694 ], [ 126.6634629, 37.3887702 ], [ 126.6634637, 37.3887709 ], [ 126.6634644, 37.3887717 ], [ 126.663465, 37.3887724 ], [ 126.6634657, 37.3887733 ], [ 126.6634661, 37.3887739 ], [ 126.6634667, 37.3887745 ], [ 126.6634675, 37.3887753 ], [ 126.6634683, 37.3887762 ], [ 126.663469, 37.388777 ], [ 126.6634697, 37.3887777 ], [ 126.6634704, 37.3887783 ], [ 126.663471, 37.3887789 ], [ 126.6634717, 37.3887798 ], [ 126.6634724, 37.3887805 ], [ 126.6634732, 37.3887813 ], [ 126.6634739, 37.3887821 ], [ 126.6634749, 37.3887831 ], [ 126.6634755, 37.3887839 ], [ 126.6634764, 37.3887847 ], [ 126.663477, 37.3887854 ], [ 126.6634777, 37.3887862 ], [ 126.6634786, 37.388787 ], [ 126.6634792, 37.3887876 ], [ 126.6634798, 37.3887882 ], [ 126.6634804, 37.388789 ], [ 126.6634811, 37.3887897 ], [ 126.6634817, 37.3887905 ], [ 126.6634825, 37.3887913 ], [ 126.6634833, 37.3887921 ], [ 126.6634838, 37.3887927 ], [ 126.6634844, 37.3887934 ], [ 126.6634852, 37.3887942 ], [ 126.663486, 37.3887951 ], [ 126.663487, 37.388796 ], [ 126.6634877, 37.3887968 ], [ 126.6634885, 37.3887975 ], [ 126.6634892, 37.3887983 ], [ 126.66349, 37.3887991 ], [ 126.6634908, 37.3887999 ], [ 126.6634914, 37.3888006 ], [ 126.6634922, 37.3888014 ], [ 126.663493, 37.3888022 ], [ 126.6634935, 37.3888029 ], [ 126.6634942, 37.3888036 ], [ 126.663495, 37.3888042 ], [ 126.6634958, 37.3888051 ], [ 126.6634964, 37.3888057 ], [ 126.6634973, 37.3888066 ], [ 126.6634978, 37.3888072 ], [ 126.6634986, 37.388808 ], [ 126.6634994, 37.3888088 ], [ 126.6635002, 37.3888097 ], [ 126.663501, 37.3888104 ], [ 126.663502, 37.3888112 ], [ 126.6635027, 37.3888119 ], [ 126.6635035, 37.3888127 ], [ 126.6635042, 37.3888135 ] ] } },
{ "type": "Feature", "properties": { "Vehicle_ID": 97, "Vehicle_Class": 0, "Num_Points": 150, "Start_Time": "2022-10-07 17:52:13.500", "End_Time": "2022-10-07 17:52:18.471", "Start_Frame": 0, "End_Frame": 149, "Mean_Speed": 47.4, "Max_Speed": 53.3, "Vehicle_Length": 4.62, "Vehicle_Width": 2.21 }, "geometry": { "type": "LineString", "coordinates": [ [ 126.6630245, 37.3885122 ], [ 126.6630266, 37.3885144 ], [ 126.6630288, 37.388517 ], [ 126.6630312, 37.3885197 ], [ 126.6630337, 37.3885222 ], [ 126.6630361, 37.3885247 ], [ 126.6630385, 37.3885271 ], [ 126.6630408, 37.3885296 ], [ 126.6630432, 37.388532 ], [ 126.6630458, 37.3885344 ], [ 126.6630482, 37.3885372 ], [ 126.6630506, 37.3885396 ], [ 126.6630531, 37.3885421 ], [ 126.6630556, 37.3885446 ], [ 126.6630581, 37.3885471 ], [ 126.6630607, 37.3885498 ], [ 126.6630633, 37.3885525 ], [ 126.6630659, 37.3885551 ], [ 126.6630685, 37.3885578 ], [ 126.6630709, 37.3885604 ], [ 126.6630735, 37.3885631 ], [ 126.6630761, 37.3885656 ], [ 126.6630785, 37.3885682 ], [ 126.6630811, 37.3885708 ], [ 126.6630838, 37.3885736 ], [ 126.6630865, 37.3885765 ], [ 126.6630891, 37.3885791 ], [ 126.6630918, 37.3885818 ], [ 126.6630945, 37.3885846 ], [ 126.6630973, 37.3885875 ], [ 126.6631001, 37.3885903 ], [ 126.6631027, 37.388593 ], [ 126.6631053, 37.3885957 ], [ 126.6631081, 37.3885987 ], [ 126.6631108, 37.3886014 ], [ 126.6631137, 37.3886043 ], [ 126.6631165, 37.3886072 ], [ 126.6631193, 37.3886101 ], [ 126.6631221, 37.388613 ], [ 126.663125, 37.3886159 ], [ 126.6631279, 37.388619 ], [ 126.663131, 37.3886216 ], [ 126.6631338, 37.3886243 ], [ 126.6631371, 37.3886275 ], [ 126.6631401, 37.3886305 ], [ 126.663143, 37.3886334 ], [ 126.6631458, 37.3886364 ], [ 126.6631487, 37.3886394 ], [ 126.6631514, 37.3886423 ], [ 126.6631544, 37.3886451 ], [ 126.6631573, 37.3886482 ], [ 126.6631602, 37.3886514 ], [ 126.6631633, 37.3886543 ], [ 126.6631664, 37.3886575 ], [ 126.6631696, 37.3886606 ], [ 126.6631727, 37.3886637 ], [ 126.6631751, 37.3886666 ], [ 126.6631784, 37.3886697 ], [ 126.6631815, 37.3886728 ], [ 126.6631845, 37.3886757 ], [ 126.6631872, 37.3886788 ], [ 126.6631905, 37.388682 ], [ 126.6631933, 37.3886852 ], [ 126.6631965, 37.3886883 ], [ 126.6631997, 37.3886914 ], [ 126.6632026, 37.3886943 ], [ 126.6632057, 37.3886975 ], [ 126.663209, 37.3887009 ], [ 126.663212, 37.3887039 ], [ 126.6632152, 37.388707 ], [ 126.6632183, 37.3887102 ], [ 126.6632215, 37.3887133 ], [ 126.6632244, 37.3887163 ], [ 126.6632276, 37.3887194 ], [ 126.6632307, 37.3887225 ], [ 126.6632339, 37.3887258 ], [ 126.663237, 37.3887289 ], [ 126.6632402, 37.388732 ], [ 126.6632433, 37.3887353 ], [ 126.6632466, 37.3887386 ], [ 126.6632495, 37.3887418 ], [ 126.6632527, 37.388745 ], [ 126.6632559, 37.3887483 ], [ 126.663259, 37.3887516 ], [ 126.6632621, 37.3887548 ], [ 126.6632653, 37.3887581 ], [ 126.6632685, 37.3887614 ], [ 126.6632716, 37.3887646 ], [ 126.6632748, 37.3887679 ], [ 126.6632781, 37.3887712 ], [ 126.6632814, 37.3887745 ], [ 126.6632845, 37.3887778 ], [ 126.6632878, 37.388781 ], [ 126.663291, 37.3887843 ], [ 126.6632945, 37.3887878 ], [ 126.6632977, 37.3887911 ], [ 126.6633011, 37.3887946 ], [ 126.6633042, 37.3887977 ], [ 126.6633075, 37.388801 ], [ 126.6633106, 37.3888043 ], [ 126.6633141, 37.3888077 ], [ 126.6633173, 37.388811 ], [ 126.6633206, 37.3888143 ], [ 126.6633237, 37.3888175 ], [ 126.6633268, 37.3888206 ], [ 126.6633303, 37.3888242 ], [ 126.6633335, 37.3888275 ], [ 126.6633369, 37.388831 ], [ 126.6633401, 37.3888344 ], [ 126.6633435, 37.3888379 ], [ 126.6633465, 37.3888412 ], [ 126.6633499, 37.3888447 ], [ 126.6633532, 37.3888481 ], [ 126.6633565, 37.3888516 ], [ 126.6633601, 37.3888552 ], [ 126.6633635, 37.3888586 ], [ 126.6633666, 37.3888617 ], [ 126.6633698, 37.3888651 ], [ 126.6633731, 37.3888686 ], [ 126.6633765, 37.388872 ], [ 126.6633799, 37.3888755 ], [ 126.6633833, 37.3888789 ], [ 126.6633865, 37.3888822 ], [ 126.6633898, 37.3888856 ], [ 126.6633932, 37.3888891 ], [ 126.6633965, 37.3888927 ], [ 126.6634, 37.3888963 ], [ 126.6634032, 37.3888995 ], [ 126.6634066, 37.388903 ], [ 126.66341, 37.3889065 ], [ 126.6634136, 37.3889101 ], [ 126.6634171, 37.3889135 ], [ 126.6634204, 37.3889169 ], [ 126.6634238, 37.3889204 ], [ 126.6634273, 37.388924 ], [ 126.6634307, 37.3889276 ], [ 126.663434, 37.3889311 ], [ 126.6634374, 37.3889344 ], [ 126.6634408, 37.3889379 ], [ 126.6634442, 37.3889414 ], [ 126.6634476, 37.3889453 ], [ 126.6634508, 37.3889488 ], [ 126.6634543, 37.3889522 ], [ 126.6634575, 37.3889556 ], [ 126.6634611, 37.3889594 ], [ 126.6634647, 37.388963 ], [ 126.6634682, 37.3889665 ], [ 126.6634714, 37.3889699 ], [ 126.6634748, 37.3889735 ], [ 126.6634784, 37.3889771 ] ] } },
{ "type": "Feature", "properties": { "Vehicle_ID": 98, "Vehicle_Class": 0, "Num_Points": 150, "Start_Time": "2022-10-07 17:52:13.500", "End_Time": "2022-10-07 17:52:18.471", "Start_Frame": 0, "End_Frame": 149, "Mean_Speed": 15.4, "Max_Speed": 22.8, "Vehicle_Length": 4.81, "Vehicle_Width": 2.16 }, "geometry": { "type": "LineString", "coordinates": [ [ 126.6637702, 37.3894628 ], [ 126.6637696, 37.3894624 ], [ 126.663769, 37.3894619 ], [ 126.6637684, 37.3894613 ], [ 126.663768, 37.3894609 ], [ 126.6637675, 37.3894604 ], [ 126.663767, 37.3894599 ], [ 126.6637665, 37.3894594 ], [ 126.6637661, 37.389459 ], [ 126.6637656, 37.3894583 ], [ 126.6637651, 37.389458 ], [ 126.6637646, 37.3894574 ], [ 126.6637642, 37.3894569 ], [ 126.6637638, 37.3894564 ], [ 126.6637633, 37.3894559 ], [ 126.6637628, 37.3894553 ], [ 126.6637623, 37.3894549 ], [ 126.6637616, 37.3894543 ], [ 126.6637612, 37.3894539 ], [ 126.6637606, 37.3894532 ], [ 126.6637601, 37.3894528 ], [ 126.6637595, 37.3894521 ], [ 126.663759, 37.3894517 ], [ 126.6637585, 37.3894512 ], [ 126.6637579, 37.3894505 ], [ 126.6637574, 37.3894499 ], [ 126.6637568, 37.3894492 ], [ 126.6637561, 37.3894485 ], [ 126.6637556, 37.389448 ], [ 126.6637549, 37.3894474 ], [ 126.6637545, 37.3894469 ], [ 126.6637537, 37.3894461 ], [ 126.663753, 37.3894453 ], [ 126.6637522, 37.3894445 ], [ 126.6637514, 37.3894436 ], [ 126.6637507, 37.3894429 ], [ 126.6637501, 37.3894422 ], [ 126.6637496, 37.3894416 ], [ 126.6637488, 37.3894409 ], [ 126.6637481, 37.3894402 ], [ 126.6637476, 37.3894398 ], [ 126.6637475, 37.3894393 ], [ 126.6637461, 37.389438 ], [ 126.663746, 37.3894374 ], [ 126.6637452, 37.3894367 ], [ 126.6637443, 37.3894358 ], [ 126.6637437, 37.389435 ], [ 126.6637428, 37.3894343 ], [ 126.6637417, 37.3894335 ], [ 126.6637408, 37.3894322 ], [ 126.6637398, 37.3894317 ], [ 126.6637394, 37.3894313 ], [ 126.6637394, 37.3894306 ], [ 126.6637382, 37.3894295 ], [ 126.6637375, 37.3894288 ], [ 126.663737, 37.3894284 ], [ 126.6637354, 37.3894272 ], [ 126.6637351, 37.3894263 ], [ 126.6637339, 37.3894251 ], [ 126.6637329, 37.3894236 ], [ 126.6637314, 37.3894226 ], [ 126.6637312, 37.3894223 ], [ 126.6637298, 37.3894213 ], [ 126.6637294, 37.3894207 ], [ 126.6637285, 37.3894197 ], [ 126.6637273, 37.3894182 ], [ 126.663727, 37.3894181 ], [ 126.6637265, 37.3894176 ], [ 126.6637254, 37.3894165 ], [ 126.6637246, 37.3894156 ], [ 126.6637237, 37.3894147 ], [ 126.6637228, 37.3894136 ], [ 126.6637218, 37.3894125 ], [ 126.6637209, 37.3894116 ], [ 126.66372, 37.3894107 ], [ 126.6637189, 37.3894096 ], [ 126.663718, 37.3894084 ], [ 126.6637171, 37.3894075 ], [ 126.6637161, 37.3894065 ], [ 126.6637152, 37.3894054 ], [ 126.6637142, 37.3894045 ], [ 126.6637133, 37.3894034 ], [ 126.6637124, 37.3894022 ], [ 126.6637115, 37.3894012 ], [ 126.6637104, 37.3894001 ], [ 126.6637092, 37.3893989 ], [ 126.6637081, 37.3893978 ], [ 126.6637071, 37.3893968 ], [ 126.6637059, 37.3893955 ], [ 126.6637049, 37.3893945 ], [ 126.6637041, 37.3893936 ], [ 126.6637035, 37.3893927 ], [ 126.6637026, 37.3893917 ], [ 126.6637016, 37.3893907 ], [ 126.6637008, 37.3893899 ], [ 126.6637002, 37.3893892 ], [ 126.6636991, 37.3893883 ], [ 126.6636972, 37.3893862 ], [ 126.6636956, 37.3893845 ], [ 126.6636942, 37.3893831 ], [ 126.6636927, 37.3893815 ], [ 126.6636911, 37.3893799 ], [ 126.6636897, 37.3893784 ], [ 126.6636885, 37.3893771 ], [ 126.6636874, 37.3893758 ], [ 126.6636861, 37.3893744 ], [ 126.6636851, 37.3893731 ], [ 126.6636837, 37.3893716 ], [ 126.6636824, 37.38937 ], [ 126.6636816, 37.3893689 ], [ 126.6636801, 37.389367 ], [ 126.663679, 37.3893652 ], [ 126.6636778, 37.3893637 ], [ 126.6636764, 37.3893623 ], [ 126.6636755, 37.389361 ], [ 126.6636736, 37.3893591 ], [ 126.6636717, 37.389357 ], [ 126.6636702, 37.3893554 ], [ 126.6636691, 37.389354 ], [ 126.6636681, 37.389353 ], [ 126.6636674, 37.3893519 ], [ 126.6636669, 37.3893511 ], [ 126.6636657, 37.3893497 ], [ 126.6636649, 37.3893486 ], [ 126.6636637, 37.3893472 ], [ 126.6636623, 37.3893456 ], [ 126.6636612, 37.3893442 ], [ 126.6636598, 37.3893424 ], [ 126.6636584, 37.3893408 ], [ 126.6636571, 37.3893393 ], [ 126.663656, 37.3893378 ], [ 126.6636547, 37.3893363 ], [ 126.6636536, 37.3893349 ], [ 126.6636523, 37.3893334 ], [ 126.6636512, 37.3893318 ], [ 126.6636499, 37.3893303 ], [ 126.6636486, 37.3893287 ], [ 126.6636473, 37.389327 ], [ 126.6636461, 37.3893255 ], [ 126.6636448, 37.3893239 ], [ 126.6636436, 37.3893227 ], [ 126.6636421, 37.3893209 ], [ 126.6636408, 37.3893191 ], [ 126.6636394, 37.3893174 ], [ 126.6636382, 37.3893158 ], [ 126.6636368, 37.3893141 ], [ 126.6636356, 37.3893124 ], [ 126.6636344, 37.3893106 ], [ 126.663633, 37.3893088 ], [ 126.6636317, 37.3893071 ] ] } },
{ "type": "Feature", "properties": { "Vehicle_ID": 99, "Vehicle_Class": 0, "Num_Points": 150, "Start_Time": "2022-10-07 17:52:13.500", "End_Time": "2022-10-07 17:52:18.471", "Start_Frame": 0, "End_Frame": 149, "Mean_Speed": 50.3, "Max_Speed": 55.2, "Vehicle_Length": 4.89, "Vehicle_Width": 2.22 }, "geometry": { "type": "LineString", "coordinates": [ [ 126.6628328, 37.3885424 ], [ 126.6628302, 37.3885397 ], [ 126.6628275, 37.3885371 ], [ 126.6628245, 37.3885341 ], [ 126.6628218, 37.3885312 ], [ 126.6628187, 37.3885279 ], [ 126.6628159, 37.388525 ], [ 126.6628135, 37.3885226 ], [ 126.6628109, 37.3885199 ], [ 126.6628079, 37.3885167 ], [ 126.6628044, 37.3885132 ], [ 126.6628014, 37.3885101 ], [ 126.6627985, 37.3885072 ], [ 126.6627958, 37.3885046 ], [ 126.6627926, 37.3885018 ], [ 126.6627889, 37.3884985 ], [ 126.6627852, 37.3884946 ], [ 126.6627816, 37.3884909 ], [ 126.6627788, 37.3884879 ], [ 126.6627762, 37.3884855 ], [ 126.6627732, 37.3884829 ], [ 126.6627704, 37.38848 ], [ 126.6627671, 37.3884768 ], [ 126.6627642, 37.3884734 ], [ 126.6627616, 37.3884707 ], [ 126.6627587, 37.3884679 ], [ 126.6627559, 37.3884654 ], [ 126.662753, 37.3884626 ], [ 126.6627496, 37.3884591 ], [ 126.6627466, 37.3884556 ], [ 126.6627438, 37.3884528 ], [ 126.6627415, 37.3884503 ], [ 126.6627384, 37.3884475 ], [ 126.662735, 37.3884443 ], [ 126.6627313, 37.3884408 ], [ 126.6627279, 37.3884374 ], [ 126.6627246, 37.3884341 ], [ 126.662721, 37.3884306 ], [ 126.6627176, 37.3884273 ], [ 126.6627141, 37.3884242 ], [ 126.6627107, 37.3884213 ], [ 126.662708, 37.3884182 ], [ 126.6627048, 37.388415 ], [ 126.6627021, 37.3884122 ], [ 126.662699, 37.3884091 ], [ 126.662696, 37.388406 ], [ 126.6626927, 37.3884032 ], [ 126.6626897, 37.3884001 ], [ 126.6626861, 37.3883968 ], [ 126.662683, 37.388394 ], [ 126.6626798, 37.388391 ], [ 126.6626766, 37.388388 ], [ 126.6626731, 37.3883847 ], [ 126.66267, 37.3883816 ], [ 126.662667, 37.3883787 ], [ 126.6626637, 37.3883755 ], [ 126.6626603, 37.3883725 ], [ 126.6626569, 37.3883692 ], [ 126.6626541, 37.3883664 ], [ 126.6626504, 37.388363 ], [ 126.6626469, 37.3883598 ], [ 126.6626438, 37.3883565 ], [ 126.6626404, 37.3883535 ], [ 126.6626372, 37.3883504 ], [ 126.6626342, 37.3883474 ], [ 126.6626312, 37.3883445 ], [ 126.662628, 37.3883411 ], [ 126.6626246, 37.3883379 ], [ 126.6626213, 37.3883347 ], [ 126.662618, 37.3883316 ], [ 126.6626149, 37.3883286 ], [ 126.6626115, 37.3883254 ], [ 126.662608, 37.3883224 ], [ 126.662605, 37.3883192 ], [ 126.6626015, 37.3883157 ], [ 126.6625979, 37.3883116 ], [ 126.6625946, 37.3883076 ], [ 126.6625917, 37.3883046 ], [ 126.6625882, 37.3883014 ], [ 126.6625855, 37.3882987 ], [ 126.6625826, 37.3882959 ], [ 126.6625787, 37.3882924 ], [ 126.6625749, 37.388289 ], [ 126.6625713, 37.3882859 ], [ 126.6625676, 37.3882827 ], [ 126.6625639, 37.3882793 ], [ 126.6625603, 37.3882761 ], [ 126.662557, 37.3882729 ], [ 126.6625534, 37.3882697 ], [ 126.6625501, 37.3882664 ], [ 126.6625466, 37.3882631 ], [ 126.6625431, 37.3882596 ], [ 126.6625397, 37.3882562 ], [ 126.6625363, 37.3882528 ], [ 126.6625328, 37.3882495 ], [ 126.6625294, 37.3882461 ], [ 126.6625262, 37.388243 ], [ 126.6625226, 37.3882395 ], [ 126.6625191, 37.3882363 ], [ 126.6625157, 37.3882329 ], [ 126.6625125, 37.38823 ], [ 126.6625091, 37.3882266 ], [ 126.6625055, 37.3882233 ], [ 126.662502, 37.3882198 ], [ 126.6624982, 37.3882161 ], [ 126.662495, 37.3882128 ], [ 126.6624916, 37.3882095 ], [ 126.6624882, 37.3882061 ], [ 126.6624843, 37.3882024 ], [ 126.6624807, 37.388199 ], [ 126.6624772, 37.3881954 ], [ 126.6624739, 37.3881921 ], [ 126.6624702, 37.3881886 ], [ 126.6624668, 37.3881851 ], [ 126.6624632, 37.3881816 ], [ 126.6624595, 37.3881778 ], [ 126.6624559, 37.3881744 ], [ 126.6624525, 37.3881713 ], [ 126.6624493, 37.3881681 ], [ 126.6624456, 37.3881646 ], [ 126.662442, 37.3881611 ], [ 126.6624385, 37.3881578 ], [ 126.6624348, 37.3881544 ], [ 126.6624312, 37.3881509 ], [ 126.6624275, 37.3881473 ], [ 126.6624238, 37.3881435 ], [ 126.6624199, 37.3881397 ], [ 126.6624165, 37.3881363 ], [ 126.662413, 37.3881329 ], [ 126.6624096, 37.3881294 ], [ 126.6624058, 37.3881256 ], [ 126.6624022, 37.3881219 ], [ 126.6623986, 37.3881185 ], [ 126.6623951, 37.3881151 ], [ 126.6623917, 37.3881119 ], [ 126.662388, 37.3881083 ], [ 126.6623841, 37.3881045 ], [ 126.6623803, 37.3881007 ], [ 126.6623767, 37.3880973 ], [ 126.662373, 37.3880936 ], [ 126.6623691, 37.3880897 ], [ 126.6623655, 37.3880861 ], [ 126.6623618, 37.3880823 ], [ 126.6623585, 37.3880789 ], [ 126.6623549, 37.3880752 ], [ 126.6623513, 37.3880715 ], [ 126.6623476, 37.3880679 ], [ 126.6623436, 37.388064 ], [ 126.6623404, 37.3880609 ], [ 126.6623369, 37.3880573 ] ] } },
{ "type": "Feature", "properties": { "Vehicle_ID": 100, "Vehicle_Class": 0, "Num_Points": 150, "Start_Time": "2022-10-07 17:52:13.500", "End_Time": "2022-10-07 17:52:18.471", "Start_Frame": 0, "End_Frame": 149, "Mean_Speed": 26.5, "Max_Speed": 34.3, "Vehicle_Length": 5.1, "Vehicle_Width": 2.21 }, "geometry": { "type": "LineString", "coordinates": [ [ 126.6636579, 37.3894417 ], [ 126.6636567, 37.3894408 ], [ 126.6636556, 37.3894396 ], [ 126.6636543, 37.3894384 ], [ 126.663653, 37.3894372 ], [ 126.6636519, 37.3894361 ], [ 126.6636505, 37.3894346 ], [ 126.6636494, 37.3894335 ], [ 126.6636482, 37.3894324 ], [ 126.6636474, 37.3894314 ], [ 126.6636465, 37.3894306 ], [ 126.6636454, 37.3894297 ], [ 126.6636446, 37.3894289 ], [ 126.6636435, 37.3894278 ], [ 126.663642, 37.3894264 ], [ 126.6636405, 37.3894246 ], [ 126.6636392, 37.3894231 ], [ 126.6636377, 37.3894214 ], [ 126.6636364, 37.3894201 ], [ 126.6636349, 37.3894185 ], [ 126.6636337, 37.389417 ], [ 126.6636324, 37.3894158 ], [ 126.663631, 37.3894143 ], [ 126.6636296, 37.3894129 ], [ 126.6636284, 37.3894117 ], [ 126.6636272, 37.3894105 ], [ 126.6636257, 37.389409 ], [ 126.6636242, 37.3894075 ], [ 126.6636226, 37.389406 ], [ 126.6636212, 37.3894045 ], [ 126.6636197, 37.3894032 ], [ 126.6636179, 37.3894015 ], [ 126.6636163, 37.3894001 ], [ 126.6636144, 37.3893981 ], [ 126.6636124, 37.3893963 ], [ 126.6636101, 37.3893942 ], [ 126.6636086, 37.3893928 ], [ 126.6636076, 37.3893918 ], [ 126.6636065, 37.3893905 ], [ 126.6636053, 37.3893894 ], [ 126.6636045, 37.3893884 ], [ 126.6636039, 37.3893872 ], [ 126.663602, 37.3893851 ], [ 126.6636012, 37.3893838 ], [ 126.6635996, 37.3893822 ], [ 126.6635979, 37.3893805 ], [ 126.6635965, 37.3893788 ], [ 126.6635951, 37.3893775 ], [ 126.6635934, 37.3893759 ], [ 126.6635919, 37.3893739 ], [ 126.6635902, 37.3893726 ], [ 126.6635892, 37.3893716 ], [ 126.6635882, 37.3893702 ], [ 126.6635863, 37.3893683 ], [ 126.6635849, 37.3893667 ], [ 126.6635839, 37.3893656 ], [ 126.6635817, 37.3893637 ], [ 126.6635806, 37.3893622 ], [ 126.6635791, 37.3893607 ], [ 126.6635778, 37.3893588 ], [ 126.6635759, 37.3893572 ], [ 126.6635749, 37.3893561 ], [ 126.6635729, 37.3893544 ], [ 126.6635719, 37.3893531 ], [ 126.6635704, 37.3893515 ], [ 126.6635684, 37.3893492 ], [ 126.663567, 37.3893482 ], [ 126.6635655, 37.3893468 ], [ 126.6635636, 37.3893448 ], [ 126.6635617, 37.3893431 ], [ 126.6635601, 37.3893415 ], [ 126.6635584, 37.3893397 ], [ 126.6635566, 37.3893378 ], [ 126.6635548, 37.3893361 ], [ 126.6635532, 37.3893343 ], [ 126.6635512, 37.3893322 ], [ 126.6635495, 37.3893304 ], [ 126.6635478, 37.3893285 ], [ 126.6635461, 37.3893268 ], [ 126.6635445, 37.389325 ], [ 126.6635428, 37.3893233 ], [ 126.6635413, 37.3893216 ], [ 126.6635396, 37.3893197 ], [ 126.663538, 37.389318 ], [ 126.6635363, 37.3893163 ], [ 126.6635348, 37.3893147 ], [ 126.6635331, 37.3893129 ], [ 126.6635312, 37.389311 ], [ 126.6635295, 37.3893092 ], [ 126.6635277, 37.3893073 ], [ 126.6635258, 37.3893055 ], [ 126.6635241, 37.3893037 ], [ 126.6635224, 37.3893019 ], [ 126.6635208, 37.3893001 ], [ 126.6635192, 37.3892985 ], [ 126.6635176, 37.3892967 ], [ 126.6635159, 37.389295 ], [ 126.6635138, 37.3892928 ], [ 126.6635119, 37.3892909 ], [ 126.6635101, 37.389289 ], [ 126.6635083, 37.3892871 ], [ 126.663506, 37.3892851 ], [ 126.6635041, 37.3892831 ], [ 126.6635019, 37.389281 ], [ 126.6634998, 37.3892789 ], [ 126.6634978, 37.389277 ], [ 126.6634959, 37.3892748 ], [ 126.6634939, 37.3892727 ], [ 126.663492, 37.3892707 ], [ 126.66349, 37.3892687 ], [ 126.6634877, 37.3892662 ], [ 126.663486, 37.3892642 ], [ 126.663484, 37.3892622 ], [ 126.6634818, 37.3892601 ], [ 126.6634802, 37.3892583 ], [ 126.6634779, 37.389256 ], [ 126.6634758, 37.3892538 ], [ 126.6634738, 37.3892517 ], [ 126.6634717, 37.3892497 ], [ 126.6634697, 37.3892476 ], [ 126.6634678, 37.3892457 ], [ 126.6634659, 37.3892436 ], [ 126.6634637, 37.3892414 ], [ 126.6634618, 37.3892393 ], [ 126.6634596, 37.3892372 ], [ 126.6634575, 37.3892352 ], [ 126.6634557, 37.3892333 ], [ 126.6634533, 37.389231 ], [ 126.6634509, 37.3892287 ], [ 126.6634487, 37.3892266 ], [ 126.6634465, 37.3892243 ], [ 126.6634442, 37.3892221 ], [ 126.663442, 37.38922 ], [ 126.6634396, 37.3892174 ], [ 126.6634373, 37.3892151 ], [ 126.6634352, 37.3892128 ], [ 126.6634331, 37.3892106 ], [ 126.6634309, 37.3892083 ], [ 126.6634287, 37.3892061 ], [ 126.6634264, 37.3892039 ], [ 126.6634246, 37.3892021 ], [ 126.6634224, 37.3892001 ], [ 126.6634203, 37.389198 ], [ 126.663418, 37.3891956 ], [ 126.6634159, 37.3891935 ], [ 126.6634135, 37.3891909 ], [ 126.6634112, 37.3891885 ], [ 126.6634089, 37.389186 ], [ 126.6634065, 37.3891835 ], [ 126.6634042, 37.3891812 ] ] } },
{ "type": "Feature", "properties": { "Vehicle_ID": 101, "Vehicle_Class": 0, "Num_Points": 150, "Start_Time": "2022-10-07 17:52:13.500", "End_Time": "2022-10-07 17:52:18.471", "Start_Frame": 0, "End_Frame": 149, "Mean_Speed": 6.5, "Max_Speed": 15.3, "Vehicle_Length": 4.38, "Vehicle_Width": 2.08 }, "geometry": { "type": "LineString", "coordinates": [ [ 126.663908, 37.3892813 ], [ 126.6639079, 37.3892814 ], [ 126.6639078, 37.3892813 ], [ 126.6639077, 37.3892814 ], [ 126.6639077, 37.3892814 ], [ 126.6639076, 37.3892814 ], [ 126.6639076, 37.3892814 ], [ 126.6639076, 37.3892814 ], [ 126.6639074, 37.3892813 ], [ 126.6639074, 37.3892812 ], [ 126.6639075, 37.3892813 ], [ 126.6639075, 37.3892812 ], [ 126.6639075, 37.3892812 ], [ 126.6639075, 37.3892813 ], [ 126.6639074, 37.3892813 ], [ 126.6639074, 37.3892813 ], [ 126.6639075, 37.3892813 ], [ 126.6639074, 37.3892813 ], [ 126.6639075, 37.3892814 ], [ 126.6639075, 37.3892812 ], [ 126.6639075, 37.3892812 ], [ 126.6639075, 37.3892811 ], [ 126.6639074, 37.3892811 ], [ 126.6639074, 37.3892811 ], [ 126.6639075, 37.3892811 ], [ 126.6639075, 37.3892811 ], [ 126.6639075, 37.3892811 ], [ 126.6639075, 37.3892811 ], [ 126.6639075, 37.3892812 ], [ 126.6639075, 37.3892812 ], [ 126.6639077, 37.3892814 ], [ 126.6639075, 37.3892812 ], [ 126.6639076, 37.3892813 ], [ 126.6639074, 37.3892811 ], [ 126.6639073, 37.389281 ], [ 126.6639073, 37.389281 ], [ 126.6639073, 37.389281 ], [ 126.6639072, 37.3892811 ], [ 126.6639072, 37.389281 ], [ 126.6639071, 37.389281 ], [ 126.6639072, 37.3892812 ], [ 126.6639079, 37.3892815 ], [ 126.6639073, 37.3892808 ], [ 126.6639081, 37.3892812 ], [ 126.663908, 37.3892813 ], [ 126.6639081, 37.3892813 ], [ 126.6639083, 37.3892814 ], [ 126.6639083, 37.3892814 ], [ 126.6639077, 37.3892814 ], [ 126.6639077, 37.3892807 ], [ 126.6639076, 37.3892812 ], [ 126.663908, 37.3892817 ], [ 126.6639087, 37.3892817 ], [ 126.6639081, 37.3892815 ], [ 126.6639082, 37.3892816 ], [ 126.6639086, 37.3892819 ], [ 126.6639077, 37.3892815 ], [ 126.6639086, 37.3892817 ], [ 126.6639083, 37.3892816 ], [ 126.6639083, 37.389281 ], [ 126.6639076, 37.3892809 ], [ 126.6639084, 37.3892817 ], [ 126.663908, 37.3892817 ], [ 126.6639086, 37.389282 ], [ 126.6639088, 37.3892819 ], [ 126.6639082, 37.3892811 ], [ 126.6639089, 37.3892821 ], [ 126.6639093, 37.3892825 ], [ 126.6639091, 37.3892822 ], [ 126.6639091, 37.3892823 ], [ 126.6639092, 37.3892824 ], [ 126.6639092, 37.3892824 ], [ 126.6639092, 37.3892825 ], [ 126.6639093, 37.3892827 ], [ 126.6639095, 37.3892829 ], [ 126.6639096, 37.389283 ], [ 126.6639097, 37.3892831 ], [ 126.66391, 37.3892833 ], [ 126.6639102, 37.3892835 ], [ 126.6639105, 37.3892839 ], [ 126.6639105, 37.389284 ], [ 126.6639109, 37.3892842 ], [ 126.663911, 37.3892843 ], [ 126.6639113, 37.3892846 ], [ 126.6639114, 37.3892847 ], [ 126.6639117, 37.389285 ], [ 126.6639121, 37.3892854 ], [ 126.6639123, 37.3892856 ], [ 126.6639127, 37.3892859 ], [ 126.6639129, 37.3892861 ], [ 126.6639132, 37.3892865 ], [ 126.6639136, 37.3892869 ], [ 126.6639137, 37.3892871 ], [ 126.6639142, 37.3892876 ], [ 126.6639149, 37.3892882 ], [ 126.6639153, 37.3892885 ], [ 126.6639158, 37.3892891 ], [ 126.6639159, 37.3892893 ], [ 126.6639166, 37.38929 ], [ 126.6639172, 37.3892906 ], [ 126.6639178, 37.3892912 ], [ 126.6639181, 37.3892917 ], [ 126.6639187, 37.3892922 ], [ 126.6639191, 37.3892926 ], [ 126.6639197, 37.3892931 ], [ 126.6639201, 37.3892937 ], [ 126.6639207, 37.3892943 ], [ 126.6639212, 37.3892949 ], [ 126.6639216, 37.3892954 ], [ 126.6639224, 37.3892961 ], [ 126.6639226, 37.3892964 ], [ 126.6639235, 37.3892972 ], [ 126.6639241, 37.3892979 ], [ 126.6639246, 37.3892986 ], [ 126.6639257, 37.3892994 ], [ 126.6639263, 37.3893 ], [ 126.6639269, 37.3893006 ], [ 126.6639274, 37.3893013 ], [ 126.6639281, 37.389302 ], [ 126.6639289, 37.3893028 ], [ 126.6639295, 37.3893036 ], [ 126.6639306, 37.3893045 ], [ 126.663931, 37.389305 ], [ 126.663932, 37.3893059 ], [ 126.6639329, 37.3893067 ], [ 126.6639337, 37.3893078 ], [ 126.6639348, 37.3893087 ], [ 126.6639357, 37.3893095 ], [ 126.6639368, 37.3893105 ], [ 126.6639377, 37.3893115 ], [ 126.6639388, 37.3893125 ], [ 126.6639398, 37.3893135 ], [ 126.6639407, 37.3893144 ], [ 126.6639417, 37.3893153 ], [ 126.6639426, 37.3893163 ], [ 126.6639436, 37.3893174 ], [ 126.6639447, 37.3893184 ], [ 126.6639457, 37.3893193 ], [ 126.6639467, 37.3893206 ], [ 126.6639477, 37.3893216 ], [ 126.6639489, 37.3893229 ], [ 126.6639497, 37.3893237 ], [ 126.6639506, 37.3893246 ], [ 126.6639515, 37.3893256 ], [ 126.6639525, 37.3893266 ], [ 126.6639534, 37.3893276 ], [ 126.6639547, 37.3893287 ], [ 126.6639557, 37.3893298 ], [ 126.6639568, 37.3893309 ], [ 126.6639579, 37.389332 ] ] } },
{ "type": "Feature", "properties": { "Vehicle_ID": 102, "Vehicle_Class": 0, "Num_Points": 150, "Start_Time": "2022-10-07 17:52:13.500", "End_Time": "2022-10-07 17:52:18.471", "Start_Frame": 0, "End_Frame": 149, "Mean_Speed": 2.1, "Max_Speed": 4.4, "Vehicle_Length": 4.29, "Vehicle_Width": 2.08 }, "geometry": { "type": "LineString", "coordinates": [ [ 126.6638752, 37.3892976 ], [ 126.663875, 37.3892975 ], [ 126.6638749, 37.3892975 ], [ 126.6638748, 37.3892976 ], [ 126.6638748, 37.3892976 ], [ 126.6638748, 37.3892977 ], [ 126.6638747, 37.3892976 ], [ 126.6638747, 37.3892976 ], [ 126.6638746, 37.3892976 ], [ 126.6638746, 37.3892975 ], [ 126.6638746, 37.3892976 ], [ 126.6638745, 37.3892975 ], [ 126.6638745, 37.3892975 ], [ 126.6638745, 37.3892975 ], [ 126.6638745, 37.3892975 ], [ 126.6638745, 37.3892975 ], [ 126.6638746, 37.3892976 ], [ 126.6638745, 37.3892976 ], [ 126.6638746, 37.3892977 ], [ 126.6638745, 37.3892976 ], [ 126.6638745, 37.3892975 ], [ 126.6638745, 37.3892975 ], [ 126.6638745, 37.3892974 ], [ 126.6638744, 37.3892974 ], [ 126.6638745, 37.3892974 ], [ 126.6638745, 37.3892975 ], [ 126.6638745, 37.3892974 ], [ 126.6638745, 37.3892974 ], [ 126.6638745, 37.3892975 ], [ 126.6638745, 37.3892975 ], [ 126.6638747, 37.3892976 ], [ 126.6638746, 37.3892975 ], [ 126.6638747, 37.3892975 ], [ 126.6638744, 37.3892974 ], [ 126.6638743, 37.3892974 ], [ 126.6638743, 37.3892974 ], [ 126.6638743, 37.3892974 ], [ 126.6638743, 37.3892975 ], [ 126.6638742, 37.3892974 ], [ 126.6638741, 37.3892974 ], [ 126.6638742, 37.3892975 ], [ 126.663875, 37.3892978 ], [ 126.6638744, 37.3892971 ], [ 126.6638752, 37.3892975 ], [ 126.6638752, 37.3892976 ], [ 126.6638752, 37.3892976 ], [ 126.6638755, 37.3892977 ], [ 126.6638755, 37.3892978 ], [ 126.663875, 37.3892977 ], [ 126.6638749, 37.3892971 ], [ 126.6638748, 37.3892975 ], [ 126.6638752, 37.3892979 ], [ 126.6638759, 37.3892979 ], [ 126.6638753, 37.3892976 ], [ 126.6638753, 37.3892976 ], [ 126.6638757, 37.3892979 ], [ 126.6638749, 37.3892975 ], [ 126.6638757, 37.3892978 ], [ 126.6638753, 37.3892976 ], [ 126.6638753, 37.389297 ], [ 126.6638746, 37.3892969 ], [ 126.6638752, 37.3892976 ], [ 126.6638747, 37.3892975 ], [ 126.6638752, 37.3892977 ], [ 126.6638753, 37.3892976 ], [ 126.6638747, 37.3892969 ], [ 126.6638753, 37.3892978 ], [ 126.6638755, 37.3892981 ], [ 126.6638752, 37.3892979 ], [ 126.6638751, 37.3892978 ], [ 126.6638752, 37.3892979 ], [ 126.6638751, 37.3892978 ], [ 126.663875, 37.3892978 ], [ 126.663875, 37.3892979 ], [ 126.6638751, 37.3892979 ], [ 126.663875, 37.3892978 ], [ 126.663875, 37.3892977 ], [ 126.663875, 37.3892977 ], [ 126.663875, 37.3892978 ], [ 126.6638751, 37.389298 ], [ 126.663875, 37.3892979 ], [ 126.6638751, 37.3892979 ], [ 126.6638751, 37.3892978 ], [ 126.6638751, 37.3892979 ], [ 126.663875, 37.3892978 ], [ 126.6638751, 37.3892979 ], [ 126.6638751, 37.3892979 ], [ 126.6638752, 37.3892979 ], [ 126.6638752, 37.3892979 ], [ 126.6638752, 37.3892979 ], [ 126.6638751, 37.3892979 ], [ 126.6638751, 37.3892978 ], [ 126.663875, 37.3892977 ], [ 126.663875, 37.3892977 ], [ 126.6638752, 37.3892979 ], [ 126.6638753, 37.3892978 ], [ 126.6638754, 37.389298 ], [ 126.6638752, 37.3892979 ], [ 126.6638752, 37.3892979 ], [ 126.6638752, 37.389298 ], [ 126.6638753, 37.389298 ], [ 126.6638751, 37.3892979 ], [ 126.6638751, 37.3892978 ], [ 126.6638751, 37.3892978 ], [ 126.6638753, 37.3892978 ], [ 126.6638751, 37.3892979 ], [ 126.6638753, 37.3892978 ], [ 126.6638752, 37.3892978 ], [ 126.6638751, 37.3892978 ], [ 126.6638754, 37.3892981 ], [ 126.663875, 37.3892978 ], [ 126.6638751, 37.3892978 ], [ 126.6638752, 37.3892979 ], [ 126.663875, 37.3892979 ], [ 126.6638755, 37.3892981 ], [ 126.6638753, 37.389298 ], [ 126.6638752, 37.3892979 ], [ 126.6638751, 37.3892978 ], [ 126.6638751, 37.3892979 ], [ 126.6638751, 37.3892979 ], [ 126.6638751, 37.389298 ], [ 126.6638753, 37.389298 ], [ 126.6638751, 37.3892978 ], [ 126.6638751, 37.3892979 ], [ 126.6638751, 37.3892978 ], [ 126.6638752, 37.3892979 ], [ 126.6638755, 37.389298 ], [ 126.6638753, 37.3892979 ], [ 126.6638754, 37.3892979 ], [ 126.6638753, 37.3892978 ], [ 126.6638753, 37.3892978 ], [ 126.6638753, 37.3892978 ], [ 126.6638754, 37.3892978 ], [ 126.6638754, 37.3892979 ], [ 126.6638754, 37.3892979 ], [ 126.6638754, 37.389298 ], [ 126.6638755, 37.389298 ], [ 126.6638755, 37.389298 ], [ 126.6638755, 37.3892982 ], [ 126.6638756, 37.3892982 ], [ 126.6638759, 37.3892985 ], [ 126.6638756, 37.3892983 ], [ 126.6638756, 37.3892982 ], [ 126.6638754, 37.3892981 ], [ 126.6638755, 37.3892982 ], [ 126.6638755, 37.3892982 ], [ 126.6638757, 37.3892982 ], [ 126.6638756, 37.3892982 ], [ 126.6638757, 37.3892983 ], [ 126.6638758, 37.3892984 ] ] } },
{ "type": "Feature", "properties": { "Vehicle_ID": 103, "Vehicle_Class": 0, "Num_Points": 150, "Start_Time": "2022-10-07 17:52:13.500", "End_Time": "2022-10-07 17:52:18.471", "Start_Frame": 0, "End_Frame": 149, "Mean_Speed": 39.1, "Max_Speed": 39.8, "Vehicle_Length": 4.19, "Vehicle_Width": 2.0 }, "geometry": { "type": "LineString", "coordinates": [ [ 126.6631672, 37.3887954 ], [ 126.6631649, 37.3887932 ], [ 126.6631625, 37.3887907 ], [ 126.66316, 37.3887882 ], [ 126.6631576, 37.3887857 ], [ 126.6631552, 37.3887832 ], [ 126.6631527, 37.3887803 ], [ 126.6631501, 37.3887778 ], [ 126.6631477, 37.3887754 ], [ 126.6631451, 37.3887728 ], [ 126.6631425, 37.3887703 ], [ 126.6631401, 37.3887676 ], [ 126.6631378, 37.388765 ], [ 126.6631354, 37.3887626 ], [ 126.6631329, 37.3887601 ], [ 126.6631306, 37.3887578 ], [ 126.6631282, 37.3887553 ], [ 126.6631256, 37.3887528 ], [ 126.6631234, 37.3887505 ], [ 126.6631208, 37.3887479 ], [ 126.6631188, 37.3887457 ], [ 126.6631164, 37.3887432 ], [ 126.6631137, 37.3887404 ], [ 126.6631113, 37.388738 ], [ 126.6631088, 37.3887353 ], [ 126.6631062, 37.3887325 ], [ 126.6631033, 37.3887297 ], [ 126.6631006, 37.388727 ], [ 126.663098, 37.3887245 ], [ 126.6630954, 37.3887215 ], [ 126.6630928, 37.3887187 ], [ 126.66309, 37.3887159 ], [ 126.6630876, 37.3887133 ], [ 126.6630853, 37.3887111 ], [ 126.663083, 37.3887088 ], [ 126.6630807, 37.3887065 ], [ 126.6630782, 37.388704 ], [ 126.6630755, 37.3887015 ], [ 126.6630732, 37.3886991 ], [ 126.6630708, 37.3886967 ], [ 126.6630685, 37.3886944 ], [ 126.6630661, 37.3886915 ], [ 126.6630633, 37.3886884 ], [ 126.6630607, 37.3886857 ], [ 126.6630579, 37.3886829 ], [ 126.6630555, 37.3886804 ], [ 126.6630527, 37.3886779 ], [ 126.6630502, 37.3886753 ], [ 126.6630475, 37.3886726 ], [ 126.663045, 37.3886699 ], [ 126.6630425, 37.3886674 ], [ 126.6630399, 37.3886649 ], [ 126.6630375, 37.3886622 ], [ 126.663035, 37.3886597 ], [ 126.6630325, 37.3886571 ], [ 126.6630303, 37.3886547 ], [ 126.6630272, 37.388652 ], [ 126.6630248, 37.3886494 ], [ 126.6630227, 37.388647 ], [ 126.6630198, 37.3886442 ], [ 126.663017, 37.3886417 ], [ 126.6630147, 37.3886394 ], [ 126.6630121, 37.3886372 ], [ 126.6630098, 37.3886348 ], [ 126.6630074, 37.3886324 ], [ 126.6630049, 37.3886298 ], [ 126.6630022, 37.3886272 ], [ 126.6629996, 37.3886247 ], [ 126.6629972, 37.3886222 ], [ 126.6629947, 37.3886195 ], [ 126.6629923, 37.3886174 ], [ 126.6629899, 37.3886149 ], [ 126.6629874, 37.3886123 ], [ 126.6629849, 37.3886098 ], [ 126.6629822, 37.388607 ], [ 126.6629796, 37.3886043 ], [ 126.6629771, 37.3886015 ], [ 126.6629747, 37.3885992 ], [ 126.6629722, 37.3885967 ], [ 126.6629697, 37.3885942 ], [ 126.662967, 37.3885916 ], [ 126.6629645, 37.3885889 ], [ 126.662962, 37.3885865 ], [ 126.6629596, 37.3885841 ], [ 126.662957, 37.3885815 ], [ 126.6629545, 37.388579 ], [ 126.6629519, 37.3885763 ], [ 126.6629494, 37.3885739 ], [ 126.6629468, 37.3885714 ], [ 126.6629442, 37.3885687 ], [ 126.6629417, 37.3885662 ], [ 126.662939, 37.3885634 ], [ 126.6629365, 37.3885609 ], [ 126.6629342, 37.3885584 ], [ 126.6629317, 37.3885558 ], [ 126.6629293, 37.3885533 ], [ 126.6629267, 37.3885506 ], [ 126.6629241, 37.388548 ], [ 126.6629215, 37.3885455 ], [ 126.662919, 37.3885429 ], [ 126.6629165, 37.3885404 ], [ 126.6629139, 37.3885377 ], [ 126.6629114, 37.3885353 ], [ 126.6629089, 37.3885327 ], [ 126.6629062, 37.3885301 ], [ 126.6629039, 37.3885277 ], [ 126.6629013, 37.388525 ], [ 126.6628987, 37.3885225 ], [ 126.6628961, 37.3885199 ], [ 126.6628936, 37.3885174 ], [ 126.6628911, 37.3885148 ], [ 126.6628885, 37.3885121 ], [ 126.6628859, 37.3885096 ], [ 126.6628834, 37.388507 ], [ 126.662881, 37.3885045 ], [ 126.6628784, 37.3885019 ], [ 126.6628758, 37.3884993 ], [ 126.6628733, 37.3884969 ], [ 126.6628708, 37.3884943 ], [ 126.6628683, 37.3884917 ], [ 126.6628658, 37.3884891 ], [ 126.6628634, 37.3884867 ], [ 126.6628609, 37.3884841 ], [ 126.6628585, 37.3884818 ], [ 126.6628557, 37.3884787 ], [ 126.6628529, 37.3884757 ], [ 126.66285, 37.3884727 ], [ 126.6628473, 37.3884699 ], [ 126.6628447, 37.3884674 ], [ 126.662842, 37.388465 ], [ 126.6628394, 37.3884624 ], [ 126.6628369, 37.3884593 ], [ 126.6628339, 37.3884563 ], [ 126.6628309, 37.3884534 ], [ 126.6628282, 37.3884507 ], [ 126.6628256, 37.388448 ], [ 126.6628231, 37.3884456 ], [ 126.6628206, 37.388443 ], [ 126.6628186, 37.3884408 ], [ 126.6628167, 37.3884387 ], [ 126.6628146, 37.3884362 ], [ 126.6628115, 37.388433 ], [ 126.6628087, 37.3884301 ], [ 126.6628061, 37.3884273 ], [ 126.6628037, 37.3884246 ], [ 126.6628013, 37.3884219 ], [ 126.6627993, 37.3884197 ], [ 126.6627974, 37.3884177 ], [ 126.6627951, 37.3884154 ], [ 126.6627924, 37.3884126 ] ] } },
{ "type": "Feature", "properties": { "Vehicle_ID": 104, "Vehicle_Class": 0, "Num_Points": 150, "Start_Time": "2022-10-07 17:52:13.500", "End_Time": "2022-10-07 17:52:18.471", "Start_Frame": 0, "End_Frame": 149, "Mean_Speed": 24.3, "Max_Speed": 28.9, "Vehicle_Length": 4.91, "Vehicle_Width": 2.23 }, "geometry": { "type": "LineString", "coordinates": [ [ 126.6636496, 37.388976 ], [ 126.6636506, 37.388977 ], [ 126.6636515, 37.388978 ], [ 126.6636527, 37.3889793 ], [ 126.6636538, 37.3889804 ], [ 126.6636553, 37.3889818 ], [ 126.6636566, 37.388983 ], [ 126.6636579, 37.3889844 ], [ 126.6636593, 37.3889858 ], [ 126.6636606, 37.3889868 ], [ 126.6636619, 37.3889884 ], [ 126.6636633, 37.3889898 ], [ 126.6636649, 37.3889913 ], [ 126.6636661, 37.3889926 ], [ 126.6636674, 37.388994 ], [ 126.6636688, 37.3889956 ], [ 126.6636703, 37.3889971 ], [ 126.6636719, 37.3889986 ], [ 126.6636735, 37.3890001 ], [ 126.663675, 37.3890014 ], [ 126.6636766, 37.3890028 ], [ 126.6636781, 37.3890041 ], [ 126.6636798, 37.3890055 ], [ 126.6636815, 37.3890071 ], [ 126.6636832, 37.3890087 ], [ 126.6636848, 37.3890105 ], [ 126.6636865, 37.389012 ], [ 126.6636881, 37.3890137 ], [ 126.6636897, 37.3890153 ], [ 126.6636911, 37.3890168 ], [ 126.6636928, 37.3890184 ], [ 126.6636943, 37.38902 ], [ 126.663696, 37.3890216 ], [ 126.6636974, 37.3890231 ], [ 126.6636988, 37.3890244 ], [ 126.6637004, 37.3890261 ], [ 126.663702, 37.3890278 ], [ 126.6637034, 37.3890295 ], [ 126.6637048, 37.389031 ], [ 126.6637064, 37.3890325 ], [ 126.6637081, 37.3890342 ], [ 126.6637102, 37.3890357 ], [ 126.6637113, 37.3890366 ], [ 126.6637135, 37.3890385 ], [ 126.663715, 37.3890399 ], [ 126.6637164, 37.3890414 ], [ 126.6637178, 37.3890428 ], [ 126.6637193, 37.3890442 ], [ 126.6637204, 37.3890457 ], [ 126.6637218, 37.3890468 ], [ 126.6637234, 37.3890487 ], [ 126.663725, 37.3890506 ], [ 126.6637271, 37.389052 ], [ 126.6637282, 37.3890533 ], [ 126.6637299, 37.3890548 ], [ 126.6637316, 37.3890563 ], [ 126.6637324, 37.3890575 ], [ 126.6637348, 37.3890591 ], [ 126.6637361, 37.3890604 ], [ 126.6637376, 37.3890614 ], [ 126.6637386, 37.389063 ], [ 126.6637407, 37.389065 ], [ 126.6637417, 37.3890667 ], [ 126.6637437, 37.3890684 ], [ 126.6637456, 37.38907 ], [ 126.6637466, 37.3890709 ], [ 126.6637486, 37.3890731 ], [ 126.6637503, 37.3890748 ], [ 126.6637514, 37.3890761 ], [ 126.663753, 37.3890778 ], [ 126.6637544, 37.3890794 ], [ 126.6637557, 37.3890807 ], [ 126.663757, 37.3890822 ], [ 126.6637586, 37.3890838 ], [ 126.6637602, 37.3890854 ], [ 126.6637613, 37.3890868 ], [ 126.6637628, 37.3890883 ], [ 126.6637645, 37.3890898 ], [ 126.6637661, 37.3890915 ], [ 126.6637675, 37.3890931 ], [ 126.6637688, 37.3890945 ], [ 126.6637704, 37.3890959 ], [ 126.663772, 37.3890974 ], [ 126.6637735, 37.389099 ], [ 126.6637748, 37.3891005 ], [ 126.6637763, 37.3891021 ], [ 126.6637778, 37.3891037 ], [ 126.663779, 37.3891051 ], [ 126.6637804, 37.3891065 ], [ 126.6637817, 37.389108 ], [ 126.6637831, 37.3891096 ], [ 126.6637845, 37.3891109 ], [ 126.6637859, 37.3891123 ], [ 126.6637875, 37.3891137 ], [ 126.6637891, 37.3891153 ], [ 126.6637906, 37.3891166 ], [ 126.6637921, 37.3891181 ], [ 126.6637934, 37.3891194 ], [ 126.663795, 37.3891211 ], [ 126.6637967, 37.3891228 ], [ 126.6637983, 37.3891244 ], [ 126.6637998, 37.3891259 ], [ 126.6638015, 37.3891276 ], [ 126.6638031, 37.3891291 ], [ 126.6638047, 37.3891307 ], [ 126.663806, 37.3891323 ], [ 126.6638078, 37.3891339 ], [ 126.6638092, 37.3891355 ], [ 126.6638107, 37.3891373 ], [ 126.6638125, 37.3891391 ], [ 126.6638138, 37.3891405 ], [ 126.6638156, 37.3891422 ], [ 126.6638172, 37.389144 ], [ 126.6638186, 37.3891456 ], [ 126.6638208, 37.3891475 ], [ 126.6638223, 37.3891491 ], [ 126.6638239, 37.3891508 ], [ 126.6638253, 37.3891524 ], [ 126.6638273, 37.3891541 ], [ 126.6638288, 37.3891559 ], [ 126.6638304, 37.3891577 ], [ 126.6638324, 37.3891595 ], [ 126.6638339, 37.3891612 ], [ 126.6638357, 37.3891631 ], [ 126.6638374, 37.3891648 ], [ 126.6638394, 37.3891667 ], [ 126.6638414, 37.3891687 ], [ 126.663843, 37.3891703 ], [ 126.663845, 37.3891721 ], [ 126.6638467, 37.389174 ], [ 126.6638486, 37.3891758 ], [ 126.6638506, 37.3891778 ], [ 126.6638524, 37.3891795 ], [ 126.6638542, 37.3891814 ], [ 126.6638557, 37.3891831 ], [ 126.6638574, 37.3891849 ], [ 126.6638593, 37.3891869 ], [ 126.6638611, 37.3891887 ], [ 126.6638628, 37.3891906 ], [ 126.6638646, 37.3891925 ], [ 126.6638666, 37.3891948 ], [ 126.663868, 37.3891965 ], [ 126.6638699, 37.3891983 ], [ 126.6638717, 37.3892004 ], [ 126.6638738, 37.3892027 ], [ 126.6638761, 37.3892051 ], [ 126.6638785, 37.3892074 ], [ 126.6638804, 37.3892093 ], [ 126.6638821, 37.3892108 ], [ 126.6638835, 37.3892125 ] ] } },
{ "type": "Feature", "properties": { "Vehicle_ID": 105, "Vehicle_Class": 0, "Num_Points": 150, "Start_Time": "2022-10-07 17:52:13.500", "End_Time": "2022-10-07 17:52:18.471", "Start_Frame": 0, "End_Frame": 149, "Mean_Speed": 34.9, "Max_Speed": 39.4, "Vehicle_Length": 5.12, "Vehicle_Width": 2.24 }, "geometry": { "type": "LineString", "coordinates": [ [ 126.663136, 37.3888558 ], [ 126.6631337, 37.3888537 ], [ 126.6631311, 37.3888511 ], [ 126.6631285, 37.3888487 ], [ 126.663126, 37.3888463 ], [ 126.6631233, 37.3888435 ], [ 126.6631204, 37.3888407 ], [ 126.6631181, 37.3888384 ], [ 126.6631159, 37.3888362 ], [ 126.6631138, 37.388834 ], [ 126.6631113, 37.3888317 ], [ 126.6631089, 37.3888292 ], [ 126.6631063, 37.3888267 ], [ 126.6631039, 37.3888242 ], [ 126.6631014, 37.3888218 ], [ 126.663099, 37.3888193 ], [ 126.6630967, 37.3888168 ], [ 126.6630941, 37.3888143 ], [ 126.6630917, 37.3888117 ], [ 126.6630893, 37.3888092 ], [ 126.6630868, 37.3888065 ], [ 126.6630843, 37.3888039 ], [ 126.6630817, 37.3888012 ], [ 126.6630793, 37.3887986 ], [ 126.6630768, 37.3887961 ], [ 126.6630744, 37.3887935 ], [ 126.6630719, 37.388791 ], [ 126.6630694, 37.3887884 ], [ 126.663067, 37.3887859 ], [ 126.6630646, 37.3887834 ], [ 126.6630621, 37.3887808 ], [ 126.6630596, 37.3887782 ], [ 126.663057, 37.3887753 ], [ 126.6630546, 37.3887727 ], [ 126.6630519, 37.3887698 ], [ 126.6630496, 37.3887673 ], [ 126.6630472, 37.3887651 ], [ 126.6630447, 37.3887626 ], [ 126.6630419, 37.3887596 ], [ 126.6630392, 37.3887569 ], [ 126.6630366, 37.3887543 ], [ 126.6630342, 37.3887511 ], [ 126.6630317, 37.3887483 ], [ 126.6630297, 37.3887458 ], [ 126.6630273, 37.3887432 ], [ 126.6630248, 37.3887406 ], [ 126.6630223, 37.3887379 ], [ 126.66302, 37.3887352 ], [ 126.6630175, 37.3887325 ], [ 126.6630152, 37.3887296 ], [ 126.663013, 37.3887272 ], [ 126.6630109, 37.3887251 ], [ 126.6630085, 37.3887222 ], [ 126.6630058, 37.3887194 ], [ 126.6630031, 37.3887166 ], [ 126.6630003, 37.3887138 ], [ 126.6629971, 37.3887108 ], [ 126.6629946, 37.3887083 ], [ 126.6629922, 37.3887056 ], [ 126.6629894, 37.3887027 ], [ 126.6629868, 37.3887001 ], [ 126.6629846, 37.3886974 ], [ 126.6629821, 37.388695 ], [ 126.6629801, 37.3886927 ], [ 126.662978, 37.3886902 ], [ 126.6629756, 37.3886875 ], [ 126.6629731, 37.3886851 ], [ 126.6629707, 37.3886827 ], [ 126.662968, 37.3886802 ], [ 126.6629655, 37.3886775 ], [ 126.6629632, 37.388675 ], [ 126.662961, 37.3886726 ], [ 126.6629591, 37.3886704 ], [ 126.662957, 37.3886682 ], [ 126.6629545, 37.3886659 ], [ 126.6629522, 37.3886633 ], [ 126.6629499, 37.388661 ], [ 126.6629477, 37.3886587 ], [ 126.6629456, 37.3886564 ], [ 126.6629436, 37.3886544 ], [ 126.6629412, 37.3886519 ], [ 126.6629393, 37.3886496 ], [ 126.6629371, 37.3886474 ], [ 126.6629351, 37.3886452 ], [ 126.6629331, 37.3886432 ], [ 126.662931, 37.3886409 ], [ 126.6629288, 37.3886387 ], [ 126.6629268, 37.3886364 ], [ 126.6629246, 37.3886341 ], [ 126.6629224, 37.3886319 ], [ 126.6629205, 37.3886299 ], [ 126.6629184, 37.3886276 ], [ 126.6629162, 37.3886253 ], [ 126.662914, 37.388623 ], [ 126.662912, 37.3886208 ], [ 126.66291, 37.3886187 ], [ 126.662908, 37.3886166 ], [ 126.6629059, 37.3886144 ], [ 126.6629039, 37.3886122 ], [ 126.6629018, 37.38861 ], [ 126.6628997, 37.3886078 ], [ 126.6628978, 37.3886057 ], [ 126.6628958, 37.3886037 ], [ 126.6628937, 37.3886014 ], [ 126.6628916, 37.3885991 ], [ 126.6628897, 37.3885971 ], [ 126.6628878, 37.388595 ], [ 126.6628858, 37.388593 ], [ 126.6628837, 37.3885909 ], [ 126.6628817, 37.3885888 ], [ 126.6628797, 37.3885866 ], [ 126.6628776, 37.3885844 ], [ 126.6628756, 37.3885823 ], [ 126.6628737, 37.3885803 ], [ 126.6628718, 37.3885783 ], [ 126.6628697, 37.3885762 ], [ 126.6628677, 37.388574 ], [ 126.6628657, 37.3885719 ], [ 126.6628639, 37.38857 ], [ 126.6628619, 37.388568 ], [ 126.6628601, 37.388566 ], [ 126.6628581, 37.3885641 ], [ 126.662856, 37.3885619 ], [ 126.662854, 37.3885597 ], [ 126.6628521, 37.3885578 ], [ 126.6628502, 37.3885558 ], [ 126.6628485, 37.3885539 ], [ 126.6628464, 37.388552 ], [ 126.6628443, 37.3885498 ], [ 126.6628425, 37.3885479 ], [ 126.6628408, 37.3885461 ], [ 126.6628392, 37.3885442 ], [ 126.6628373, 37.3885422 ], [ 126.6628354, 37.3885403 ], [ 126.6628335, 37.3885384 ], [ 126.6628315, 37.3885363 ], [ 126.6628294, 37.3885343 ], [ 126.6628277, 37.3885326 ], [ 126.662826, 37.3885306 ], [ 126.6628242, 37.3885289 ], [ 126.6628224, 37.3885271 ], [ 126.6628206, 37.3885252 ], [ 126.6628193, 37.3885236 ], [ 126.6628176, 37.388522 ], [ 126.6628156, 37.3885201 ], [ 126.6628136, 37.3885179 ], [ 126.6628117, 37.3885162 ], [ 126.6628098, 37.3885144 ], [ 126.6628076, 37.388512 ], [ 126.662806, 37.3885103 ] ] } },
{ "type": "Feature", "properties": { "Vehicle_ID": 106, "Vehicle_Class": 0, "Num_Points": 150, "Start_Time": "2022-10-07 17:52:13.500", "End_Time": "2022-10-07 17:52:18.471", "Start_Frame": 0, "End_Frame": 149, "Mean_Speed": 45.7, "Max_Speed": 49.3, "Vehicle_Length": 4.45, "Vehicle_Width": 2.07 }, "geometry": { "type": "LineString", "coordinates": [ [ 126.6628727, 37.3884906 ], [ 126.6628704, 37.3884883 ], [ 126.662868, 37.3884859 ], [ 126.6628655, 37.3884834 ], [ 126.6628631, 37.3884812 ], [ 126.6628601, 37.3884784 ], [ 126.6628568, 37.3884751 ], [ 126.6628537, 37.388472 ], [ 126.6628506, 37.388469 ], [ 126.6628485, 37.3884667 ], [ 126.6628457, 37.3884643 ], [ 126.6628431, 37.3884612 ], [ 126.6628403, 37.3884581 ], [ 126.6628368, 37.3884546 ], [ 126.662834, 37.3884516 ], [ 126.6628316, 37.3884488 ], [ 126.6628292, 37.3884463 ], [ 126.6628269, 37.3884437 ], [ 126.6628246, 37.3884413 ], [ 126.6628223, 37.3884388 ], [ 126.6628198, 37.3884364 ], [ 126.6628174, 37.3884343 ], [ 126.6628145, 37.3884313 ], [ 126.6628115, 37.3884282 ], [ 126.662809, 37.3884258 ], [ 126.6628062, 37.3884235 ], [ 126.6628033, 37.3884208 ], [ 126.6628002, 37.3884181 ], [ 126.6627979, 37.3884158 ], [ 126.6627958, 37.3884132 ], [ 126.6627931, 37.3884105 ], [ 126.6627896, 37.3884072 ], [ 126.662786, 37.3884038 ], [ 126.6627831, 37.3884008 ], [ 126.6627802, 37.3883978 ], [ 126.6627772, 37.3883946 ], [ 126.6627741, 37.3883916 ], [ 126.6627712, 37.3883887 ], [ 126.6627682, 37.3883856 ], [ 126.6627653, 37.3883828 ], [ 126.6627628, 37.3883802 ], [ 126.6627601, 37.388377 ], [ 126.6627574, 37.388374 ], [ 126.662755, 37.3883713 ], [ 126.6627523, 37.3883685 ], [ 126.6627497, 37.3883659 ], [ 126.6627467, 37.3883632 ], [ 126.6627441, 37.3883603 ], [ 126.662741, 37.3883571 ], [ 126.6627386, 37.3883544 ], [ 126.6627358, 37.3883513 ], [ 126.6627331, 37.3883487 ], [ 126.66273, 37.3883454 ], [ 126.6627276, 37.3883427 ], [ 126.6627248, 37.3883399 ], [ 126.662722, 37.3883368 ], [ 126.6627186, 37.3883337 ], [ 126.6627157, 37.3883308 ], [ 126.6627135, 37.3883281 ], [ 126.6627106, 37.3883253 ], [ 126.6627078, 37.3883224 ], [ 126.6627051, 37.3883197 ], [ 126.6627019, 37.3883168 ], [ 126.6626989, 37.388314 ], [ 126.6626961, 37.3883108 ], [ 126.6626933, 37.3883079 ], [ 126.6626903, 37.3883047 ], [ 126.6626874, 37.3883017 ], [ 126.6626846, 37.3882987 ], [ 126.6626817, 37.3882954 ], [ 126.6626789, 37.3882926 ], [ 126.6626762, 37.3882896 ], [ 126.6626731, 37.3882866 ], [ 126.66267, 37.3882833 ], [ 126.662667, 37.3882802 ], [ 126.6626643, 37.3882774 ], [ 126.6626611, 37.3882744 ], [ 126.6626575, 37.3882707 ], [ 126.6626541, 37.3882675 ], [ 126.6626517, 37.3882649 ], [ 126.6626493, 37.3882625 ], [ 126.6626474, 37.3882605 ], [ 126.6626451, 37.3882582 ], [ 126.6626424, 37.3882554 ], [ 126.6626389, 37.388252 ], [ 126.6626358, 37.3882486 ], [ 126.6626326, 37.3882455 ], [ 126.6626293, 37.3882422 ], [ 126.662626, 37.388239 ], [ 126.6626229, 37.3882359 ], [ 126.6626205, 37.3882332 ], [ 126.6626173, 37.3882299 ], [ 126.6626139, 37.3882262 ], [ 126.6626106, 37.3882228 ], [ 126.6626075, 37.3882194 ], [ 126.6626044, 37.3882162 ], [ 126.6626016, 37.3882133 ], [ 126.6625986, 37.3882102 ], [ 126.6625959, 37.3882073 ], [ 126.6625927, 37.3882041 ], [ 126.6625896, 37.3882011 ], [ 126.6625864, 37.3881979 ], [ 126.6625832, 37.3881947 ], [ 126.6625799, 37.3881914 ], [ 126.6625766, 37.3881879 ], [ 126.6625737, 37.3881848 ], [ 126.6625707, 37.3881818 ], [ 126.6625675, 37.3881785 ], [ 126.6625644, 37.3881754 ], [ 126.6625611, 37.388172 ], [ 126.662558, 37.3881686 ], [ 126.6625546, 37.3881652 ], [ 126.6625516, 37.3881621 ], [ 126.6625484, 37.3881588 ], [ 126.6625453, 37.3881555 ], [ 126.6625421, 37.3881523 ], [ 126.6625392, 37.3881492 ], [ 126.6625359, 37.3881461 ], [ 126.6625326, 37.3881426 ], [ 126.6625293, 37.3881393 ], [ 126.6625261, 37.3881361 ], [ 126.662523, 37.3881329 ], [ 126.6625198, 37.3881296 ], [ 126.6625166, 37.3881262 ], [ 126.6625135, 37.388123 ], [ 126.6625104, 37.3881197 ], [ 126.6625072, 37.3881165 ], [ 126.6625039, 37.3881131 ], [ 126.6625007, 37.3881098 ], [ 126.6624975, 37.3881065 ], [ 126.6624942, 37.3881031 ], [ 126.6624911, 37.3880998 ], [ 126.6624879, 37.3880965 ], [ 126.6624848, 37.3880933 ], [ 126.6624816, 37.38809 ], [ 126.6624784, 37.3880868 ], [ 126.662475, 37.3880834 ], [ 126.662472, 37.3880803 ], [ 126.6624688, 37.388077 ], [ 126.6624656, 37.3880737 ], [ 126.6624626, 37.3880704 ], [ 126.6624597, 37.3880674 ], [ 126.6624565, 37.3880642 ], [ 126.6624535, 37.388061 ], [ 126.6624503, 37.3880577 ], [ 126.6624473, 37.3880546 ], [ 126.662444, 37.3880512 ], [ 126.6624411, 37.3880482 ], [ 126.662438, 37.3880448 ], [ 126.662435, 37.3880418 ] ] } },
{ "type": "Feature", "properties": { "Vehicle_ID": 107, "Vehicle_Class": 0, "Num_Points": 150, "Start_Time": "2022-10-07 17:52:13.500", "End_Time": "2022-10-07 17:52:18.471", "Start_Frame": 0, "End_Frame": 149, "Mean_Speed": 20.1, "Max_Speed": 27.5, "Vehicle_Length": 5.65, "Vehicle_Width": 2.44 }, "geometry": { "type": "LineString", "coordinates": [ [ 126.6625046, 37.3879283 ], [ 126.6625047, 37.3879286 ], [ 126.6625047, 37.3879287 ], [ 126.6625048, 37.387929 ], [ 126.662505, 37.3879292 ], [ 126.6625052, 37.3879295 ], [ 126.6625055, 37.3879297 ], [ 126.6625057, 37.3879299 ], [ 126.6625059, 37.3879301 ], [ 126.6625064, 37.3879302 ], [ 126.6625063, 37.3879304 ], [ 126.6625066, 37.3879306 ], [ 126.6625069, 37.3879309 ], [ 126.6625071, 37.3879311 ], [ 126.6625073, 37.3879313 ], [ 126.6625076, 37.3879315 ], [ 126.6625078, 37.3879317 ], [ 126.662508, 37.3879319 ], [ 126.6625082, 37.387932 ], [ 126.6625084, 37.3879324 ], [ 126.6625087, 37.3879329 ], [ 126.6625091, 37.3879332 ], [ 126.6625092, 37.3879335 ], [ 126.6625095, 37.3879338 ], [ 126.6625098, 37.3879341 ], [ 126.6625102, 37.3879344 ], [ 126.6625107, 37.3879353 ], [ 126.6625112, 37.3879355 ], [ 126.6625116, 37.3879357 ], [ 126.6625123, 37.3879363 ], [ 126.6625132, 37.3879371 ], [ 126.6625139, 37.3879379 ], [ 126.6625145, 37.3879385 ], [ 126.6625154, 37.3879395 ], [ 126.6625162, 37.3879404 ], [ 126.6625171, 37.3879415 ], [ 126.6625179, 37.3879423 ], [ 126.6625187, 37.3879432 ], [ 126.6625194, 37.387944 ], [ 126.6625202, 37.3879448 ], [ 126.6625209, 37.3879456 ], [ 126.662522, 37.3879463 ], [ 126.6625231, 37.3879469 ], [ 126.6625243, 37.3879479 ], [ 126.6625254, 37.387949 ], [ 126.6625264, 37.3879499 ], [ 126.6625269, 37.3879509 ], [ 126.6625279, 37.3879518 ], [ 126.6625281, 37.3879519 ], [ 126.6625294, 37.3879535 ], [ 126.6625303, 37.3879538 ], [ 126.6625316, 37.3879553 ], [ 126.6625319, 37.3879557 ], [ 126.6625334, 37.3879571 ], [ 126.6625343, 37.3879579 ], [ 126.6625353, 37.3879587 ], [ 126.662536, 37.3879599 ], [ 126.6625366, 37.3879605 ], [ 126.6625382, 37.3879617 ], [ 126.6625389, 37.3879627 ], [ 126.6625399, 37.3879637 ], [ 126.6625411, 37.3879646 ], [ 126.6625421, 37.3879656 ], [ 126.6625431, 37.3879667 ], [ 126.662544, 37.387967 ], [ 126.6625452, 37.3879685 ], [ 126.6625461, 37.3879693 ], [ 126.662547, 37.3879702 ], [ 126.6625482, 37.3879715 ], [ 126.6625494, 37.3879726 ], [ 126.6625505, 37.3879738 ], [ 126.6625516, 37.3879747 ], [ 126.6625528, 37.3879761 ], [ 126.6625539, 37.3879772 ], [ 126.6625549, 37.3879783 ], [ 126.6625562, 37.3879796 ], [ 126.6625574, 37.3879808 ], [ 126.6625589, 37.3879824 ], [ 126.6625597, 37.3879833 ], [ 126.6625609, 37.3879844 ], [ 126.6625619, 37.3879857 ], [ 126.6625632, 37.3879869 ], [ 126.6625646, 37.3879883 ], [ 126.6625659, 37.3879898 ], [ 126.662567, 37.3879909 ], [ 126.6625681, 37.3879922 ], [ 126.6625695, 37.3879936 ], [ 126.6625707, 37.3879949 ], [ 126.6625718, 37.3879962 ], [ 126.6625731, 37.3879975 ], [ 126.6625744, 37.3879988 ], [ 126.6625757, 37.3880001 ], [ 126.6625771, 37.3880014 ], [ 126.6625785, 37.3880029 ], [ 126.6625798, 37.3880042 ], [ 126.6625812, 37.3880056 ], [ 126.6625823, 37.3880069 ], [ 126.6625836, 37.3880083 ], [ 126.6625845, 37.3880093 ], [ 126.6625857, 37.3880104 ], [ 126.6625872, 37.3880117 ], [ 126.6625886, 37.388013 ], [ 126.6625902, 37.3880146 ], [ 126.6625915, 37.388016 ], [ 126.6625927, 37.3880174 ], [ 126.6625946, 37.3880192 ], [ 126.6625961, 37.388021 ], [ 126.6625975, 37.3880225 ], [ 126.6625989, 37.388024 ], [ 126.6626004, 37.3880254 ], [ 126.662602, 37.3880269 ], [ 126.6626034, 37.3880286 ], [ 126.6626047, 37.3880301 ], [ 126.6626064, 37.3880318 ], [ 126.662608, 37.3880334 ], [ 126.6626094, 37.3880349 ], [ 126.6626109, 37.3880365 ], [ 126.6626126, 37.3880381 ], [ 126.6626142, 37.3880397 ], [ 126.6626157, 37.3880414 ], [ 126.6626172, 37.388043 ], [ 126.6626187, 37.3880447 ], [ 126.66262, 37.3880463 ], [ 126.6626216, 37.3880479 ], [ 126.6626233, 37.3880496 ], [ 126.662625, 37.3880512 ], [ 126.6626266, 37.3880529 ], [ 126.6626282, 37.3880548 ], [ 126.6626299, 37.3880566 ], [ 126.6626314, 37.3880583 ], [ 126.6626329, 37.38806 ], [ 126.6626345, 37.3880616 ], [ 126.6626361, 37.3880633 ], [ 126.6626376, 37.3880649 ], [ 126.6626395, 37.3880669 ], [ 126.6626412, 37.3880688 ], [ 126.6626429, 37.3880705 ], [ 126.6626444, 37.3880723 ], [ 126.6626461, 37.3880741 ], [ 126.6626476, 37.3880757 ], [ 126.6626494, 37.3880774 ], [ 126.6626513, 37.3880794 ], [ 126.6626532, 37.3880814 ], [ 126.662655, 37.3880831 ], [ 126.6626567, 37.388085 ], [ 126.6626585, 37.3880871 ], [ 126.6626604, 37.3880891 ], [ 126.6626623, 37.388091 ], [ 126.6626643, 37.3880929 ], [ 126.6626662, 37.3880949 ] ] } },
{ "type": "Feature", "properties": { "Vehicle_ID": 108, "Vehicle_Class": 2, "Num_Points": 150, "Start_Time": "2022-10-07 17:52:13.500", "End_Time": "2022-10-07 17:52:18.471", "Start_Frame": 0, "End_Frame": 149, "Mean_Speed": 26.3, "Max_Speed": 28.8, "Vehicle_Length": 17.46, "Vehicle_Width": 3.34 }, "geometry": { "type": "LineString", "coordinates": [ [ 126.6628493, 37.3886065 ], [ 126.6628483, 37.3886053 ], [ 126.6628466, 37.3886036 ], [ 126.6628448, 37.388602 ], [ 126.6628427, 37.3886 ], [ 126.6628414, 37.3885985 ], [ 126.6628397, 37.3885968 ], [ 126.6628385, 37.3885953 ], [ 126.6628368, 37.3885937 ], [ 126.6628353, 37.388592 ], [ 126.6628337, 37.3885905 ], [ 126.662832, 37.3885888 ], [ 126.6628306, 37.3885873 ], [ 126.6628291, 37.3885858 ], [ 126.6628277, 37.3885843 ], [ 126.6628263, 37.3885826 ], [ 126.6628248, 37.388581 ], [ 126.6628232, 37.3885793 ], [ 126.6628214, 37.3885774 ], [ 126.6628194, 37.3885753 ], [ 126.6628176, 37.3885734 ], [ 126.662816, 37.3885717 ], [ 126.6628147, 37.3885701 ], [ 126.6628134, 37.3885687 ], [ 126.6628119, 37.3885672 ], [ 126.6628105, 37.3885658 ], [ 126.6628091, 37.3885642 ], [ 126.6628076, 37.3885627 ], [ 126.6628058, 37.3885606 ], [ 126.6628041, 37.3885587 ], [ 126.6628025, 37.3885571 ], [ 126.6628009, 37.3885555 ], [ 126.6627984, 37.388553 ], [ 126.6627966, 37.3885512 ], [ 126.6627956, 37.38855 ], [ 126.6627945, 37.3885488 ], [ 126.6627931, 37.3885473 ], [ 126.6627918, 37.3885459 ], [ 126.6627899, 37.3885439 ], [ 126.6627886, 37.3885426 ], [ 126.6627868, 37.3885408 ], [ 126.6627853, 37.3885387 ], [ 126.6627836, 37.3885369 ], [ 126.6627821, 37.388535 ], [ 126.6627806, 37.3885331 ], [ 126.6627788, 37.3885314 ], [ 126.6627769, 37.3885299 ], [ 126.6627758, 37.3885284 ], [ 126.6627744, 37.3885269 ], [ 126.6627725, 37.3885248 ], [ 126.6627706, 37.3885228 ], [ 126.6627686, 37.3885207 ], [ 126.6627667, 37.3885187 ], [ 126.6627653, 37.3885169 ], [ 126.6627638, 37.3885151 ], [ 126.6627621, 37.3885132 ], [ 126.6627599, 37.3885113 ], [ 126.6627583, 37.3885097 ], [ 126.6627571, 37.388508 ], [ 126.6627552, 37.3885059 ], [ 126.6627534, 37.3885041 ], [ 126.6627522, 37.3885025 ], [ 126.6627502, 37.3885007 ], [ 126.6627483, 37.3884988 ], [ 126.6627466, 37.388497 ], [ 126.6627449, 37.3884952 ], [ 126.6627432, 37.3884933 ], [ 126.6627417, 37.3884918 ], [ 126.6627405, 37.3884903 ], [ 126.6627388, 37.3884884 ], [ 126.6627371, 37.3884867 ], [ 126.6627354, 37.3884848 ], [ 126.6627337, 37.3884831 ], [ 126.6627321, 37.3884814 ], [ 126.6627305, 37.3884796 ], [ 126.6627291, 37.3884781 ], [ 126.6627275, 37.3884765 ], [ 126.6627257, 37.3884746 ], [ 126.6627236, 37.3884726 ], [ 126.6627222, 37.388471 ], [ 126.6627206, 37.3884693 ], [ 126.662719, 37.3884674 ], [ 126.6627173, 37.3884656 ], [ 126.6627159, 37.388464 ], [ 126.6627139, 37.388462 ], [ 126.6627125, 37.3884607 ], [ 126.6627109, 37.3884592 ], [ 126.662709, 37.3884574 ], [ 126.6627068, 37.3884552 ], [ 126.6627052, 37.3884536 ], [ 126.6627036, 37.3884518 ], [ 126.6627019, 37.3884501 ], [ 126.6626998, 37.388448 ], [ 126.6626982, 37.3884463 ], [ 126.6626969, 37.388445 ], [ 126.6626954, 37.3884433 ], [ 126.6626937, 37.3884416 ], [ 126.662692, 37.3884398 ], [ 126.6626902, 37.3884377 ], [ 126.6626879, 37.3884354 ], [ 126.6626861, 37.3884333 ], [ 126.6626845, 37.3884313 ], [ 126.662683, 37.3884295 ], [ 126.6626815, 37.3884276 ], [ 126.6626798, 37.3884257 ], [ 126.6626784, 37.3884242 ], [ 126.6626768, 37.3884227 ], [ 126.6626755, 37.3884214 ], [ 126.6626738, 37.3884196 ], [ 126.6626719, 37.3884178 ], [ 126.6626702, 37.3884157 ], [ 126.6626686, 37.388414 ], [ 126.662667, 37.3884123 ], [ 126.6626654, 37.3884104 ], [ 126.6626638, 37.3884086 ], [ 126.6626622, 37.3884068 ], [ 126.6626606, 37.388405 ], [ 126.6626589, 37.3884032 ], [ 126.6626572, 37.3884015 ], [ 126.6626557, 37.3884002 ], [ 126.6626543, 37.3883986 ], [ 126.6626528, 37.3883969 ], [ 126.6626511, 37.3883951 ], [ 126.6626494, 37.3883932 ], [ 126.6626483, 37.388391 ], [ 126.6626463, 37.3883891 ], [ 126.6626445, 37.3883873 ], [ 126.662643, 37.3883857 ], [ 126.6626417, 37.3883843 ], [ 126.6626405, 37.388383 ], [ 126.6626389, 37.3883811 ], [ 126.6626381, 37.3883794 ], [ 126.662636, 37.3883775 ], [ 126.6626354, 37.388377 ], [ 126.6626352, 37.3883766 ], [ 126.662633, 37.3883742 ], [ 126.6626303, 37.3883711 ], [ 126.6626288, 37.3883695 ], [ 126.6626272, 37.3883675 ], [ 126.6626248, 37.3883649 ], [ 126.6626231, 37.3883629 ], [ 126.6626214, 37.388361 ], [ 126.6626195, 37.3883587 ], [ 126.6626176, 37.3883565 ], [ 126.662616, 37.3883544 ], [ 126.6626141, 37.388352 ], [ 126.6626117, 37.3883495 ], [ 126.6626099, 37.3883475 ], [ 126.6626081, 37.3883455 ], [ 126.6626066, 37.3883437 ] ] } },
{ "type": "Feature", "properties": { "Vehicle_ID": 109, "Vehicle_Class": 0, "Num_Points": 150, "Start_Time": "2022-10-07 17:52:13.500", "End_Time": "2022-10-07 17:52:18.471", "Start_Frame": 0, "End_Frame": 149, "Mean_Speed": 6.8, "Max_Speed": 14.4, "Vehicle_Length": 5.09, "Vehicle_Width": 2.15 }, "geometry": { "type": "LineString", "coordinates": [ [ 126.6625206, 37.3889597 ], [ 126.6625216, 37.388959 ], [ 126.662523, 37.3889582 ], [ 126.6625243, 37.3889574 ], [ 126.6625254, 37.3889568 ], [ 126.6625268, 37.3889561 ], [ 126.662528, 37.3889553 ], [ 126.6625292, 37.3889547 ], [ 126.6625307, 37.3889538 ], [ 126.6625321, 37.388953 ], [ 126.6625332, 37.3889523 ], [ 126.6625345, 37.3889517 ], [ 126.6625359, 37.3889509 ], [ 126.6625372, 37.3889502 ], [ 126.6625383, 37.3889496 ], [ 126.6625396, 37.3889488 ], [ 126.6625409, 37.3889481 ], [ 126.662542, 37.3889474 ], [ 126.6625433, 37.3889468 ], [ 126.6625444, 37.3889461 ], [ 126.6625455, 37.3889453 ], [ 126.6625467, 37.3889448 ], [ 126.6625479, 37.3889442 ], [ 126.6625491, 37.3889435 ], [ 126.6625502, 37.3889428 ], [ 126.6625511, 37.3889424 ], [ 126.6625521, 37.3889419 ], [ 126.6625531, 37.3889414 ], [ 126.662554, 37.3889409 ], [ 126.6625548, 37.3889404 ], [ 126.6625558, 37.3889401 ], [ 126.6625569, 37.3889394 ], [ 126.6625576, 37.3889388 ], [ 126.6625588, 37.3889382 ], [ 126.6625596, 37.3889377 ], [ 126.6625604, 37.3889372 ], [ 126.6625612, 37.3889367 ], [ 126.6625621, 37.3889363 ], [ 126.6625629, 37.3889358 ], [ 126.6625637, 37.3889353 ], [ 126.6625646, 37.3889349 ], [ 126.6625659, 37.3889342 ], [ 126.6625667, 37.3889338 ], [ 126.6625679, 37.3889332 ], [ 126.6625685, 37.3889329 ], [ 126.6625693, 37.3889325 ], [ 126.6625699, 37.3889321 ], [ 126.6625706, 37.3889318 ], [ 126.6625713, 37.3889316 ], [ 126.6625719, 37.3889311 ], [ 126.6625725, 37.3889307 ], [ 126.6625733, 37.38893 ], [ 126.6625741, 37.3889298 ], [ 126.6625751, 37.3889292 ], [ 126.6625758, 37.3889288 ], [ 126.6625764, 37.3889286 ], [ 126.6625766, 37.3889282 ], [ 126.6625772, 37.3889278 ], [ 126.6625783, 37.3889274 ], [ 126.6625788, 37.388927 ], [ 126.6625794, 37.3889267 ], [ 126.6625802, 37.3889262 ], [ 126.6625808, 37.3889258 ], [ 126.6625815, 37.3889255 ], [ 126.6625821, 37.3889253 ], [ 126.6625829, 37.3889245 ], [ 126.6625837, 37.3889241 ], [ 126.6625843, 37.3889239 ], [ 126.662585, 37.3889235 ], [ 126.6625856, 37.3889231 ], [ 126.6625862, 37.3889229 ], [ 126.6625868, 37.3889225 ], [ 126.6625874, 37.388922 ], [ 126.662588, 37.3889217 ], [ 126.6625886, 37.3889215 ], [ 126.6625891, 37.3889212 ], [ 126.6625899, 37.3889208 ], [ 126.6625905, 37.3889206 ], [ 126.6625909, 37.3889203 ], [ 126.6625917, 37.3889199 ], [ 126.6625922, 37.3889195 ], [ 126.6625927, 37.3889193 ], [ 126.6625931, 37.388919 ], [ 126.6625937, 37.3889186 ], [ 126.6625941, 37.3889184 ], [ 126.6625946, 37.3889181 ], [ 126.6625949, 37.3889179 ], [ 126.6625954, 37.3889176 ], [ 126.6625959, 37.3889173 ], [ 126.6625963, 37.3889171 ], [ 126.6625967, 37.3889169 ], [ 126.6625971, 37.3889167 ], [ 126.6625974, 37.3889164 ], [ 126.6625979, 37.3889163 ], [ 126.6625983, 37.3889161 ], [ 126.6625986, 37.3889159 ], [ 126.6625989, 37.3889159 ], [ 126.6625991, 37.3889157 ], [ 126.6625994, 37.3889154 ], [ 126.6625998, 37.3889153 ], [ 126.6626003, 37.3889151 ], [ 126.6626007, 37.3889148 ], [ 126.662601, 37.3889147 ], [ 126.6626012, 37.3889145 ], [ 126.6626012, 37.3889143 ], [ 126.6626016, 37.3889143 ], [ 126.662602, 37.3889142 ], [ 126.6626023, 37.3889141 ], [ 126.6626025, 37.388914 ], [ 126.6626026, 37.3889141 ], [ 126.6626029, 37.3889138 ], [ 126.6626031, 37.3889137 ], [ 126.6626033, 37.3889136 ], [ 126.6626033, 37.3889136 ], [ 126.6626033, 37.3889137 ], [ 126.6626034, 37.3889135 ], [ 126.6626034, 37.3889134 ], [ 126.6626036, 37.3889133 ], [ 126.6626037, 37.3889132 ], [ 126.6626038, 37.3889131 ], [ 126.6626039, 37.388913 ], [ 126.6626041, 37.3889131 ], [ 126.6626042, 37.388913 ], [ 126.6626042, 37.3889129 ], [ 126.6626043, 37.3889128 ], [ 126.6626044, 37.3889128 ], [ 126.6626044, 37.3889129 ], [ 126.6626045, 37.3889128 ], [ 126.6626045, 37.3889127 ], [ 126.6626045, 37.3889127 ], [ 126.6626045, 37.3889127 ], [ 126.6626045, 37.3889127 ], [ 126.6626045, 37.3889127 ], [ 126.6626045, 37.3889127 ], [ 126.6626046, 37.3889127 ], [ 126.6626045, 37.3889127 ], [ 126.6626045, 37.3889127 ], [ 126.6626045, 37.3889128 ], [ 126.6626045, 37.3889127 ], [ 126.6626045, 37.3889128 ], [ 126.6626044, 37.3889129 ], [ 126.6626045, 37.3889129 ], [ 126.6626044, 37.3889128 ], [ 126.6626044, 37.3889128 ], [ 126.6626045, 37.3889128 ], [ 126.6626045, 37.3889128 ], [ 126.6626045, 37.3889128 ], [ 126.6626045, 37.3889128 ], [ 126.6626044, 37.3889128 ], [ 126.6626044, 37.3889128 ] ] } },
{ "type": "Feature", "properties": { "Vehicle_ID": 110, "Vehicle_Class": 0, "Num_Points": 150, "Start_Time": "2022-10-07 17:52:13.500", "End_Time": "2022-10-07 17:52:18.471", "Start_Frame": 0, "End_Frame": 149, "Mean_Speed": 1.3, "Max_Speed": 2.3, "Vehicle_Length": 5.15, "Vehicle_Width": 2.27 }, "geometry": { "type": "LineString", "coordinates": [ [ 126.6626239, 37.3881447 ], [ 126.6626239, 37.3881447 ], [ 126.6626238, 37.3881447 ], [ 126.6626237, 37.3881447 ], [ 126.6626237, 37.3881447 ], [ 126.6626237, 37.3881447 ], [ 126.6626236, 37.3881447 ], [ 126.6626235, 37.3881448 ], [ 126.6626234, 37.3881447 ], [ 126.6626237, 37.3881447 ], [ 126.6626234, 37.3881448 ], [ 126.6626234, 37.3881449 ], [ 126.6626233, 37.3881449 ], [ 126.6626233, 37.3881449 ], [ 126.6626233, 37.3881449 ], [ 126.6626233, 37.3881449 ], [ 126.6626234, 37.388145 ], [ 126.6626233, 37.388145 ], [ 126.6626234, 37.388145 ], [ 126.6626233, 37.388145 ], [ 126.6626233, 37.388145 ], [ 126.6626233, 37.388145 ], [ 126.6626233, 37.388145 ], [ 126.6626233, 37.388145 ], [ 126.6626233, 37.388145 ], [ 126.6626233, 37.388145 ], [ 126.6626233, 37.3881451 ], [ 126.6626233, 37.3881451 ], [ 126.6626233, 37.3881451 ], [ 126.6626233, 37.3881451 ], [ 126.6626233, 37.3881452 ], [ 126.6626233, 37.3881452 ], [ 126.6626231, 37.3881449 ], [ 126.6626232, 37.3881451 ], [ 126.6626233, 37.3881451 ], [ 126.6626232, 37.388145 ], [ 126.6626232, 37.388145 ], [ 126.6626233, 37.3881451 ], [ 126.6626232, 37.388145 ], [ 126.6626231, 37.388145 ], [ 126.6626232, 37.388145 ], [ 126.6626235, 37.3881448 ], [ 126.6626236, 37.3881446 ], [ 126.6626239, 37.3881448 ], [ 126.662624, 37.3881448 ], [ 126.662624, 37.3881448 ], [ 126.6626237, 37.3881449 ], [ 126.662624, 37.3881449 ], [ 126.6626235, 37.3881444 ], [ 126.6626238, 37.3881448 ], [ 126.6626239, 37.3881445 ], [ 126.662624, 37.3881449 ], [ 126.6626237, 37.3881445 ], [ 126.662624, 37.3881448 ], [ 126.6626239, 37.3881447 ], [ 126.6626239, 37.3881445 ], [ 126.6626236, 37.3881447 ], [ 126.6626234, 37.3881445 ], [ 126.662624, 37.3881447 ], [ 126.6626238, 37.3881448 ], [ 126.6626238, 37.3881449 ], [ 126.662624, 37.3881448 ], [ 126.6626239, 37.3881449 ], [ 126.6626239, 37.388145 ], [ 126.6626239, 37.3881446 ], [ 126.6626239, 37.3881449 ], [ 126.6626238, 37.3881446 ], [ 126.6626238, 37.3881447 ], [ 126.662624, 37.3881449 ], [ 126.662624, 37.3881448 ], [ 126.6626241, 37.3881449 ], [ 126.662624, 37.3881448 ], [ 126.6626239, 37.3881448 ], [ 126.6626239, 37.3881448 ], [ 126.6626238, 37.3881448 ], [ 126.6626239, 37.3881447 ], [ 126.6626238, 37.3881447 ], [ 126.662624, 37.3881448 ], [ 126.6626238, 37.3881448 ], [ 126.6626239, 37.3881448 ], [ 126.6626237, 37.3881448 ], [ 126.6626238, 37.3881448 ], [ 126.6626238, 37.3881448 ], [ 126.6626239, 37.3881449 ], [ 126.6626238, 37.3881449 ], [ 126.6626237, 37.3881448 ], [ 126.6626237, 37.3881448 ], [ 126.6626237, 37.3881448 ], [ 126.6626236, 37.3881448 ], [ 126.6626236, 37.3881448 ], [ 126.6626236, 37.3881447 ], [ 126.6626235, 37.3881447 ], [ 126.6626236, 37.3881447 ], [ 126.6626237, 37.3881448 ], [ 126.6626236, 37.3881447 ], [ 126.6626236, 37.3881447 ], [ 126.6626236, 37.3881448 ], [ 126.6626236, 37.3881448 ], [ 126.6626236, 37.3881448 ], [ 126.6626236, 37.3881447 ], [ 126.6626237, 37.3881448 ], [ 126.6626237, 37.3881448 ], [ 126.6626238, 37.3881449 ], [ 126.6626238, 37.3881448 ], [ 126.6626236, 37.3881446 ], [ 126.6626239, 37.3881448 ], [ 126.662624, 37.3881449 ], [ 126.6626241, 37.388145 ], [ 126.662624, 37.3881449 ], [ 126.662624, 37.3881449 ], [ 126.6626242, 37.3881449 ], [ 126.6626241, 37.3881449 ], [ 126.6626241, 37.388145 ], [ 126.6626241, 37.3881449 ], [ 126.6626241, 37.3881449 ], [ 126.6626241, 37.3881448 ], [ 126.6626241, 37.3881449 ], [ 126.6626242, 37.388145 ], [ 126.6626242, 37.3881449 ], [ 126.6626241, 37.3881449 ], [ 126.6626241, 37.3881449 ], [ 126.6626241, 37.3881448 ], [ 126.6626239, 37.3881448 ], [ 126.6626238, 37.3881446 ], [ 126.6626238, 37.3881447 ], [ 126.6626239, 37.3881446 ], [ 126.6626241, 37.3881448 ], [ 126.6626241, 37.3881449 ], [ 126.6626242, 37.388145 ], [ 126.6626243, 37.3881452 ], [ 126.6626243, 37.3881452 ], [ 126.6626244, 37.3881453 ], [ 126.6626244, 37.3881453 ], [ 126.6626244, 37.3881453 ], [ 126.6626244, 37.3881453 ], [ 126.6626241, 37.3881451 ], [ 126.6626239, 37.388145 ], [ 126.662624, 37.3881449 ], [ 126.6626239, 37.3881449 ], [ 126.6626237, 37.3881448 ], [ 126.6626238, 37.3881447 ], [ 126.6626238, 37.3881449 ], [ 126.6626238, 37.3881449 ], [ 126.6626238, 37.3881448 ], [ 126.6626238, 37.3881448 ], [ 126.6626238, 37.3881448 ], [ 126.6626239, 37.3881448 ], [ 126.6626239, 37.3881448 ], [ 126.6626239, 37.3881448 ], [ 126.662624, 37.3881448 ] ] } },
{ "type": "Feature", "properties": { "Vehicle_ID": 111, "Vehicle_Class": 2, "Num_Points": 150, "Start_Time": "2022-10-07 17:52:13.500", "End_Time": "2022-10-07 17:52:18.471", "Start_Frame": 0, "End_Frame": 149, "Mean_Speed": 1.8, "Max_Speed": 3.6, "Vehicle_Length": 5.36, "Vehicle_Width": 2.2 }, "geometry": { "type": "LineString", "coordinates": [ [ 126.6636859, 37.3890485 ], [ 126.6636858, 37.3890485 ], [ 126.6636857, 37.3890485 ], [ 126.6636857, 37.3890486 ], [ 126.6636857, 37.3890486 ], [ 126.6636858, 37.3890487 ], [ 126.6636857, 37.3890487 ], [ 126.6636857, 37.3890487 ], [ 126.6636856, 37.3890486 ], [ 126.6636857, 37.3890486 ], [ 126.6636856, 37.3890486 ], [ 126.6636855, 37.3890486 ], [ 126.6636856, 37.3890486 ], [ 126.6636856, 37.3890487 ], [ 126.6636855, 37.3890487 ], [ 126.6636855, 37.3890487 ], [ 126.6636855, 37.3890487 ], [ 126.6636854, 37.3890486 ], [ 126.6636855, 37.3890487 ], [ 126.6636853, 37.3890485 ], [ 126.6636852, 37.3890484 ], [ 126.6636851, 37.3890484 ], [ 126.6636851, 37.3890483 ], [ 126.6636851, 37.3890483 ], [ 126.663685, 37.3890483 ], [ 126.6636851, 37.3890483 ], [ 126.663685, 37.3890483 ], [ 126.663685, 37.3890484 ], [ 126.663685, 37.3890484 ], [ 126.663685, 37.3890484 ], [ 126.6636852, 37.3890485 ], [ 126.6636851, 37.3890484 ], [ 126.6636852, 37.3890484 ], [ 126.663685, 37.3890483 ], [ 126.6636849, 37.3890483 ], [ 126.6636848, 37.3890482 ], [ 126.6636848, 37.3890482 ], [ 126.6636848, 37.3890483 ], [ 126.6636847, 37.3890483 ], [ 126.6636847, 37.3890484 ], [ 126.6636848, 37.3890488 ], [ 126.6636854, 37.3890489 ], [ 126.6636851, 37.3890484 ], [ 126.6636857, 37.3890488 ], [ 126.6636856, 37.3890489 ], [ 126.6636856, 37.3890489 ], [ 126.6636857, 37.389049 ], [ 126.6636857, 37.3890489 ], [ 126.6636854, 37.3890489 ], [ 126.6636854, 37.3890484 ], [ 126.6636855, 37.3890489 ], [ 126.6636857, 37.3890492 ], [ 126.6636863, 37.3890492 ], [ 126.6636859, 37.3890491 ], [ 126.6636861, 37.3890492 ], [ 126.6636865, 37.3890495 ], [ 126.6636857, 37.3890492 ], [ 126.6636866, 37.3890494 ], [ 126.6636864, 37.3890493 ], [ 126.6636865, 37.3890489 ], [ 126.663686, 37.3890489 ], [ 126.6636866, 37.3890494 ], [ 126.6636863, 37.3890494 ], [ 126.6636868, 37.3890496 ], [ 126.6636872, 37.3890496 ], [ 126.6636867, 37.3890491 ], [ 126.6636872, 37.3890498 ], [ 126.6636875, 37.3890501 ], [ 126.6636873, 37.38905 ], [ 126.6636873, 37.38905 ], [ 126.6636874, 37.3890501 ], [ 126.6636875, 37.38905 ], [ 126.6636874, 37.38905 ], [ 126.6636875, 37.3890501 ], [ 126.6636875, 37.3890502 ], [ 126.6636875, 37.3890501 ], [ 126.6636875, 37.3890501 ], [ 126.6636876, 37.3890501 ], [ 126.6636876, 37.3890502 ], [ 126.6636878, 37.3890504 ], [ 126.6636877, 37.3890503 ], [ 126.6636879, 37.3890504 ], [ 126.663688, 37.3890504 ], [ 126.663688, 37.3890505 ], [ 126.663688, 37.3890504 ], [ 126.6636881, 37.3890506 ], [ 126.6636881, 37.3890506 ], [ 126.663688, 37.3890506 ], [ 126.663688, 37.3890505 ], [ 126.6636879, 37.3890504 ], [ 126.6636879, 37.3890505 ], [ 126.6636879, 37.3890504 ], [ 126.6636878, 37.3890503 ], [ 126.6636878, 37.3890503 ], [ 126.663688, 37.3890504 ], [ 126.663688, 37.3890504 ], [ 126.6636881, 37.3890505 ], [ 126.6636879, 37.3890504 ], [ 126.6636879, 37.3890504 ], [ 126.6636879, 37.3890505 ], [ 126.663688, 37.3890506 ], [ 126.6636879, 37.3890505 ], [ 126.6636879, 37.3890505 ], [ 126.6636879, 37.3890505 ], [ 126.663688, 37.3890504 ], [ 126.6636881, 37.3890506 ], [ 126.6636882, 37.3890506 ], [ 126.6636882, 37.3890506 ], [ 126.6636881, 37.3890505 ], [ 126.6636883, 37.3890508 ], [ 126.6636879, 37.3890505 ], [ 126.663688, 37.3890505 ], [ 126.663688, 37.3890505 ], [ 126.6636879, 37.3890506 ], [ 126.6636883, 37.3890507 ], [ 126.6636881, 37.3890505 ], [ 126.663688, 37.3890504 ], [ 126.6636879, 37.3890504 ], [ 126.6636879, 37.3890504 ], [ 126.663688, 37.3890505 ], [ 126.663688, 37.3890506 ], [ 126.6636882, 37.3890507 ], [ 126.663688, 37.3890506 ], [ 126.6636881, 37.3890506 ], [ 126.6636881, 37.3890506 ], [ 126.6636881, 37.3890506 ], [ 126.6636883, 37.3890508 ], [ 126.6636882, 37.3890508 ], [ 126.6636883, 37.3890508 ], [ 126.6636883, 37.3890508 ], [ 126.6636884, 37.3890508 ], [ 126.6636884, 37.3890509 ], [ 126.6636885, 37.3890509 ], [ 126.6636885, 37.3890511 ], [ 126.6636886, 37.3890512 ], [ 126.6636885, 37.3890512 ], [ 126.6636887, 37.3890514 ], [ 126.6636888, 37.3890514 ], [ 126.6636888, 37.3890515 ], [ 126.6636889, 37.3890515 ], [ 126.6636892, 37.3890519 ], [ 126.663689, 37.3890518 ], [ 126.6636891, 37.3890518 ], [ 126.663689, 37.3890518 ], [ 126.6636891, 37.3890519 ], [ 126.6636891, 37.389052 ], [ 126.6636892, 37.389052 ], [ 126.6636892, 37.389052 ], [ 126.6636893, 37.389052 ], [ 126.6636893, 37.3890521 ] ] } },
{ "type": "Feature", "properties": { "Vehicle_ID": 112, "Vehicle_Class": 2, "Num_Points": 150, "Start_Time": "2022-10-07 17:52:13.500", "End_Time": "2022-10-07 17:52:18.471", "Start_Frame": 0, "End_Frame": 149, "Mean_Speed": 26.3, "Max_Speed": 27.8, "Vehicle_Length": 5.36, "Vehicle_Width": 2.16 }, "geometry": { "type": "LineString", "coordinates": [ [ 126.6631554, 37.3889243 ], [ 126.6631541, 37.388923 ], [ 126.6631527, 37.3889218 ], [ 126.6631512, 37.3889204 ], [ 126.6631497, 37.3889188 ], [ 126.6631481, 37.3889172 ], [ 126.6631465, 37.3889157 ], [ 126.6631451, 37.3889142 ], [ 126.6631436, 37.3889127 ], [ 126.6631421, 37.388911 ], [ 126.6631405, 37.3889096 ], [ 126.6631391, 37.3889081 ], [ 126.6631377, 37.3889067 ], [ 126.6631363, 37.3889052 ], [ 126.6631349, 37.3889038 ], [ 126.6631335, 37.3889024 ], [ 126.6631321, 37.388901 ], [ 126.6631306, 37.3888995 ], [ 126.6631293, 37.3888984 ], [ 126.6631276, 37.3888966 ], [ 126.6631259, 37.3888949 ], [ 126.663124, 37.3888928 ], [ 126.6631222, 37.3888909 ], [ 126.6631204, 37.388889 ], [ 126.6631188, 37.3888873 ], [ 126.6631172, 37.3888855 ], [ 126.6631159, 37.3888841 ], [ 126.6631151, 37.3888833 ], [ 126.663114, 37.3888822 ], [ 126.6631125, 37.3888807 ], [ 126.6631107, 37.3888789 ], [ 126.6631085, 37.3888767 ], [ 126.6631067, 37.3888748 ], [ 126.6631046, 37.3888728 ], [ 126.6631028, 37.388871 ], [ 126.6631012, 37.3888694 ], [ 126.6630996, 37.3888679 ], [ 126.6630976, 37.3888659 ], [ 126.6630958, 37.388864 ], [ 126.6630941, 37.3888623 ], [ 126.6630929, 37.3888611 ], [ 126.6630913, 37.3888591 ], [ 126.6630893, 37.3888571 ], [ 126.6630884, 37.3888557 ], [ 126.6630867, 37.3888541 ], [ 126.663085, 37.3888523 ], [ 126.6630832, 37.3888506 ], [ 126.6630817, 37.388849 ], [ 126.6630799, 37.3888474 ], [ 126.6630784, 37.3888457 ], [ 126.663077, 37.3888445 ], [ 126.6630754, 37.3888429 ], [ 126.6630739, 37.388841 ], [ 126.6630721, 37.3888391 ], [ 126.6630705, 37.3888375 ], [ 126.6630689, 37.3888359 ], [ 126.6630665, 37.3888339 ], [ 126.6630652, 37.3888323 ], [ 126.6630638, 37.3888307 ], [ 126.6630618, 37.3888286 ], [ 126.6630598, 37.3888268 ], [ 126.6630584, 37.3888252 ], [ 126.6630564, 37.3888235 ], [ 126.6630548, 37.3888218 ], [ 126.6630533, 37.3888202 ], [ 126.6630516, 37.3888182 ], [ 126.6630498, 37.3888165 ], [ 126.6630481, 37.3888149 ], [ 126.6630464, 37.3888131 ], [ 126.6630446, 37.3888113 ], [ 126.663043, 37.3888096 ], [ 126.6630414, 37.3888079 ], [ 126.6630397, 37.3888061 ], [ 126.6630378, 37.3888044 ], [ 126.663036, 37.3888025 ], [ 126.6630343, 37.3888007 ], [ 126.6630325, 37.3887988 ], [ 126.6630308, 37.388797 ], [ 126.663029, 37.3887954 ], [ 126.6630276, 37.3887939 ], [ 126.6630256, 37.388792 ], [ 126.6630239, 37.3887901 ], [ 126.6630221, 37.3887883 ], [ 126.6630203, 37.3887864 ], [ 126.6630185, 37.3887846 ], [ 126.6630168, 37.3887829 ], [ 126.6630153, 37.3887814 ], [ 126.6630133, 37.3887795 ], [ 126.6630114, 37.3887775 ], [ 126.6630097, 37.3887758 ], [ 126.6630079, 37.388774 ], [ 126.663006, 37.3887719 ], [ 126.6630041, 37.38877 ], [ 126.6630023, 37.3887682 ], [ 126.6630005, 37.3887663 ], [ 126.6629988, 37.3887645 ], [ 126.6629972, 37.3887628 ], [ 126.6629953, 37.388761 ], [ 126.6629936, 37.3887593 ], [ 126.6629918, 37.3887576 ], [ 126.66299, 37.3887558 ], [ 126.6629881, 37.3887539 ], [ 126.6629863, 37.3887519 ], [ 126.6629844, 37.3887499 ], [ 126.6629825, 37.3887479 ], [ 126.6629808, 37.3887462 ], [ 126.6629791, 37.3887445 ], [ 126.6629776, 37.3887429 ], [ 126.6629754, 37.3887409 ], [ 126.6629733, 37.388739 ], [ 126.6629712, 37.3887367 ], [ 126.6629693, 37.3887348 ], [ 126.6629677, 37.3887332 ], [ 126.6629664, 37.3887316 ], [ 126.6629652, 37.3887302 ], [ 126.6629636, 37.3887284 ], [ 126.662962, 37.3887266 ], [ 126.66296, 37.3887246 ], [ 126.6629581, 37.3887226 ], [ 126.6629561, 37.3887207 ], [ 126.6629545, 37.3887189 ], [ 126.6629529, 37.3887171 ], [ 126.6629509, 37.388715 ], [ 126.6629489, 37.3887129 ], [ 126.662947, 37.3887109 ], [ 126.6629452, 37.388709 ], [ 126.6629436, 37.3887073 ], [ 126.6629419, 37.3887055 ], [ 126.6629403, 37.3887038 ], [ 126.6629383, 37.3887018 ], [ 126.6629365, 37.3886997 ], [ 126.6629348, 37.3886979 ], [ 126.6629332, 37.3886964 ], [ 126.6629317, 37.3886949 ], [ 126.6629303, 37.3886934 ], [ 126.6629285, 37.3886917 ], [ 126.6629267, 37.3886899 ], [ 126.6629249, 37.3886879 ], [ 126.662923, 37.3886859 ], [ 126.662921, 37.3886839 ], [ 126.6629192, 37.3886821 ], [ 126.6629174, 37.3886803 ], [ 126.6629158, 37.3886785 ], [ 126.6629141, 37.3886767 ], [ 126.6629124, 37.3886749 ], [ 126.6629105, 37.3886731 ], [ 126.6629088, 37.3886712 ], [ 126.662907, 37.3886694 ], [ 126.6629053, 37.3886677 ], [ 126.6629036, 37.3886659 ] ] } },
{ "type": "Feature", "properties": { "Vehicle_ID": 113, "Vehicle_Class": 0, "Num_Points": 150, "Start_Time": "2022-10-07 17:52:13.500", "End_Time": "2022-10-07 17:52:18.471", "Start_Frame": 0, "End_Frame": 149, "Mean_Speed": 14.5, "Max_Speed": 23.6, "Vehicle_Length": 4.7, "Vehicle_Width": 2.15 }, "geometry": { "type": "LineString", "coordinates": [ [ 126.6631057, 37.3884122 ], [ 126.663107, 37.3884133 ], [ 126.6631084, 37.3884145 ], [ 126.6631096, 37.3884155 ], [ 126.6631113, 37.3884169 ], [ 126.6631131, 37.3884183 ], [ 126.6631149, 37.38842 ], [ 126.6631168, 37.388422 ], [ 126.6631188, 37.3884238 ], [ 126.6631208, 37.3884257 ], [ 126.6631224, 37.3884276 ], [ 126.663124, 37.3884292 ], [ 126.6631257, 37.3884307 ], [ 126.6631272, 37.3884321 ], [ 126.6631286, 37.3884333 ], [ 126.66313, 37.3884348 ], [ 126.663132, 37.3884366 ], [ 126.6631337, 37.3884383 ], [ 126.6631355, 37.3884398 ], [ 126.6631371, 37.3884414 ], [ 126.6631387, 37.3884429 ], [ 126.6631404, 37.3884445 ], [ 126.6631421, 37.388446 ], [ 126.6631435, 37.3884474 ], [ 126.6631447, 37.3884486 ], [ 126.6631461, 37.3884499 ], [ 126.6631474, 37.3884512 ], [ 126.6631488, 37.3884525 ], [ 126.6631501, 37.3884539 ], [ 126.6631515, 37.388455 ], [ 126.6631529, 37.3884565 ], [ 126.6631541, 37.3884576 ], [ 126.6631554, 37.3884587 ], [ 126.6631566, 37.38846 ], [ 126.6631578, 37.3884612 ], [ 126.663159, 37.3884625 ], [ 126.6631602, 37.3884636 ], [ 126.6631616, 37.3884649 ], [ 126.6631626, 37.388466 ], [ 126.6631636, 37.3884671 ], [ 126.663165, 37.3884683 ], [ 126.6631662, 37.3884692 ], [ 126.6631674, 37.38847 ], [ 126.6631692, 37.3884716 ], [ 126.6631702, 37.3884726 ], [ 126.6631714, 37.3884737 ], [ 126.6631723, 37.3884748 ], [ 126.6631735, 37.3884757 ], [ 126.6631743, 37.3884767 ], [ 126.6631754, 37.3884777 ], [ 126.6631767, 37.3884788 ], [ 126.6631778, 37.3884801 ], [ 126.6631789, 37.388481 ], [ 126.6631799, 37.3884822 ], [ 126.6631811, 37.3884834 ], [ 126.6631823, 37.3884844 ], [ 126.6631827, 37.3884852 ], [ 126.6631841, 37.3884861 ], [ 126.6631852, 37.3884873 ], [ 126.6631862, 37.3884882 ], [ 126.663187, 37.3884892 ], [ 126.6631882, 37.3884903 ], [ 126.663189, 37.3884914 ], [ 126.66319, 37.3884923 ], [ 126.6631914, 37.3884931 ], [ 126.6631918, 37.3884941 ], [ 126.6631928, 37.3884951 ], [ 126.6631939, 37.3884962 ], [ 126.6631948, 37.3884972 ], [ 126.6631957, 37.388498 ], [ 126.6631966, 37.388499 ], [ 126.6631976, 37.3884999 ], [ 126.6631984, 37.3885008 ], [ 126.6631992, 37.3885017 ], [ 126.6632002, 37.3885026 ], [ 126.663201, 37.3885034 ], [ 126.663202, 37.3885042 ], [ 126.6632028, 37.388505 ], [ 126.6632037, 37.3885059 ], [ 126.6632047, 37.3885069 ], [ 126.6632053, 37.3885077 ], [ 126.6632063, 37.3885085 ], [ 126.6632072, 37.3885093 ], [ 126.663208, 37.38851 ], [ 126.6632086, 37.3885106 ], [ 126.6632094, 37.3885114 ], [ 126.6632102, 37.3885123 ], [ 126.6632109, 37.388513 ], [ 126.6632115, 37.3885137 ], [ 126.6632122, 37.3885145 ], [ 126.663213, 37.3885152 ], [ 126.6632137, 37.3885158 ], [ 126.6632145, 37.3885165 ], [ 126.6632153, 37.3885171 ], [ 126.6632163, 37.3885181 ], [ 126.6632171, 37.3885189 ], [ 126.6632178, 37.3885197 ], [ 126.6632183, 37.3885203 ], [ 126.6632189, 37.388521 ], [ 126.6632197, 37.3885216 ], [ 126.6632204, 37.3885222 ], [ 126.6632208, 37.3885227 ], [ 126.6632214, 37.3885233 ], [ 126.6632219, 37.3885237 ], [ 126.6632225, 37.3885243 ], [ 126.6632234, 37.3885252 ], [ 126.663224, 37.3885259 ], [ 126.6632246, 37.3885265 ], [ 126.6632251, 37.3885272 ], [ 126.6632259, 37.3885279 ], [ 126.6632266, 37.3885285 ], [ 126.6632271, 37.3885291 ], [ 126.6632277, 37.3885298 ], [ 126.6632284, 37.3885304 ], [ 126.6632294, 37.3885311 ], [ 126.6632299, 37.3885318 ], [ 126.6632304, 37.3885323 ], [ 126.663231, 37.388533 ], [ 126.6632316, 37.3885335 ], [ 126.6632322, 37.3885341 ], [ 126.6632329, 37.3885348 ], [ 126.6632335, 37.3885353 ], [ 126.6632339, 37.3885358 ], [ 126.6632344, 37.3885362 ], [ 126.663235, 37.3885369 ], [ 126.6632357, 37.3885376 ], [ 126.6632364, 37.3885382 ], [ 126.6632368, 37.3885387 ], [ 126.6632373, 37.3885393 ], [ 126.6632377, 37.3885399 ], [ 126.6632384, 37.3885404 ], [ 126.6632391, 37.388541 ], [ 126.6632397, 37.3885415 ], [ 126.6632402, 37.3885421 ], [ 126.6632408, 37.3885426 ], [ 126.6632412, 37.3885432 ], [ 126.6632418, 37.3885438 ], [ 126.6632425, 37.3885445 ], [ 126.663243, 37.3885451 ], [ 126.6632435, 37.3885456 ], [ 126.6632441, 37.3885462 ], [ 126.6632446, 37.3885468 ], [ 126.6632452, 37.3885473 ], [ 126.6632456, 37.3885477 ], [ 126.6632462, 37.3885482 ], [ 126.6632467, 37.3885487 ], [ 126.6632473, 37.3885493 ], [ 126.663248, 37.38855 ], [ 126.6632486, 37.3885506 ], [ 126.6632491, 37.3885512 ] ] } },
{ "type": "Feature", "properties": { "Vehicle_ID": 114, "Vehicle_Class": 2, "Num_Points": 150, "Start_Time": "2022-10-07 17:52:13.500", "End_Time": "2022-10-07 17:52:18.471", "Start_Frame": 0, "End_Frame": 149, "Mean_Speed": 11.2, "Max_Speed": 19.0, "Vehicle_Length": 5.26, "Vehicle_Width": 2.19 }, "geometry": { "type": "LineString", "coordinates": [ [ 126.6631243, 37.3884712 ], [ 126.6631249, 37.3884718 ], [ 126.6631258, 37.3884727 ], [ 126.6631271, 37.3884743 ], [ 126.6631288, 37.388476 ], [ 126.6631303, 37.3884776 ], [ 126.6631318, 37.3884791 ], [ 126.6631332, 37.3884806 ], [ 126.6631344, 37.3884819 ], [ 126.6631356, 37.388483 ], [ 126.6631364, 37.3884841 ], [ 126.6631372, 37.388485 ], [ 126.6631384, 37.388486 ], [ 126.6631396, 37.3884873 ], [ 126.663141, 37.3884889 ], [ 126.6631424, 37.3884903 ], [ 126.6631438, 37.3884918 ], [ 126.6631452, 37.3884932 ], [ 126.6631466, 37.3884945 ], [ 126.6631476, 37.3884957 ], [ 126.6631485, 37.3884966 ], [ 126.6631494, 37.3884976 ], [ 126.6631506, 37.3884986 ], [ 126.6631517, 37.3884997 ], [ 126.6631532, 37.3885014 ], [ 126.6631546, 37.3885028 ], [ 126.663156, 37.3885042 ], [ 126.6631574, 37.3885056 ], [ 126.6631585, 37.3885068 ], [ 126.6631596, 37.3885079 ], [ 126.6631607, 37.388509 ], [ 126.6631614, 37.3885099 ], [ 126.6631625, 37.3885108 ], [ 126.6631635, 37.3885119 ], [ 126.6631646, 37.3885131 ], [ 126.6631659, 37.3885144 ], [ 126.6631672, 37.3885159 ], [ 126.6631684, 37.3885172 ], [ 126.6631696, 37.3885182 ], [ 126.6631706, 37.3885193 ], [ 126.6631715, 37.3885204 ], [ 126.6631726, 37.388521 ], [ 126.6631734, 37.3885217 ], [ 126.6631747, 37.3885228 ], [ 126.6631757, 37.3885237 ], [ 126.6631767, 37.3885247 ], [ 126.6631777, 37.3885258 ], [ 126.6631788, 37.3885269 ], [ 126.6631797, 37.3885279 ], [ 126.6631809, 37.3885291 ], [ 126.6631824, 37.3885303 ], [ 126.6631833, 37.3885315 ], [ 126.6631841, 37.3885321 ], [ 126.6631848, 37.3885329 ], [ 126.6631855, 37.3885337 ], [ 126.6631864, 37.3885346 ], [ 126.6631864, 37.3885352 ], [ 126.6631877, 37.3885359 ], [ 126.6631886, 37.3885368 ], [ 126.6631893, 37.3885374 ], [ 126.6631899, 37.3885382 ], [ 126.663191, 37.3885393 ], [ 126.6631917, 37.3885404 ], [ 126.6631927, 37.3885414 ], [ 126.6631939, 37.3885421 ], [ 126.6631944, 37.3885428 ], [ 126.6631953, 37.3885435 ], [ 126.6631961, 37.3885444 ], [ 126.6631966, 37.3885449 ], [ 126.6631971, 37.3885454 ], [ 126.6631978, 37.3885462 ], [ 126.6631982, 37.3885465 ], [ 126.6631986, 37.388547 ], [ 126.6631992, 37.3885477 ], [ 126.6631996, 37.3885481 ], [ 126.6632003, 37.3885486 ], [ 126.6632008, 37.388549 ], [ 126.6632015, 37.3885497 ], [ 126.663202, 37.3885503 ], [ 126.6632027, 37.3885509 ], [ 126.6632031, 37.3885514 ], [ 126.6632039, 37.3885521 ], [ 126.6632045, 37.3885527 ], [ 126.6632051, 37.3885534 ], [ 126.6632056, 37.3885539 ], [ 126.6632061, 37.3885544 ], [ 126.6632067, 37.388555 ], [ 126.6632071, 37.3885553 ], [ 126.6632078, 37.3885559 ], [ 126.6632083, 37.3885563 ], [ 126.6632088, 37.3885567 ], [ 126.6632093, 37.3885571 ], [ 126.6632096, 37.3885574 ], [ 126.6632101, 37.3885579 ], [ 126.6632105, 37.3885582 ], [ 126.663211, 37.3885587 ], [ 126.6632113, 37.388559 ], [ 126.6632116, 37.3885594 ], [ 126.663212, 37.3885598 ], [ 126.6632123, 37.3885602 ], [ 126.6632129, 37.3885606 ], [ 126.6632131, 37.3885609 ], [ 126.6632137, 37.3885614 ], [ 126.6632141, 37.3885616 ], [ 126.6632145, 37.388562 ], [ 126.6632152, 37.3885626 ], [ 126.6632156, 37.388563 ], [ 126.663216, 37.3885634 ], [ 126.6632164, 37.3885638 ], [ 126.663217, 37.3885643 ], [ 126.6632176, 37.3885649 ], [ 126.663218, 37.3885652 ], [ 126.6632185, 37.3885657 ], [ 126.663219, 37.3885661 ], [ 126.6632198, 37.3885667 ], [ 126.6632201, 37.3885669 ], [ 126.6632205, 37.3885673 ], [ 126.6632209, 37.3885677 ], [ 126.6632215, 37.3885681 ], [ 126.6632219, 37.3885685 ], [ 126.6632224, 37.3885691 ], [ 126.6632229, 37.3885695 ], [ 126.663223, 37.3885698 ], [ 126.6632233, 37.3885701 ], [ 126.6632236, 37.3885704 ], [ 126.663224, 37.3885707 ], [ 126.6632244, 37.3885711 ], [ 126.6632246, 37.3885713 ], [ 126.6632248, 37.3885717 ], [ 126.6632251, 37.3885721 ], [ 126.6632255, 37.3885725 ], [ 126.663226, 37.3885729 ], [ 126.6632264, 37.3885732 ], [ 126.6632266, 37.3885734 ], [ 126.663227, 37.3885737 ], [ 126.6632273, 37.388574 ], [ 126.6632277, 37.3885744 ], [ 126.6632282, 37.3885747 ], [ 126.6632285, 37.3885751 ], [ 126.6632287, 37.3885755 ], [ 126.6632293, 37.388576 ], [ 126.6632296, 37.3885763 ], [ 126.66323, 37.3885768 ], [ 126.6632304, 37.3885771 ], [ 126.6632307, 37.3885774 ], [ 126.663231, 37.3885779 ], [ 126.6632315, 37.3885783 ], [ 126.663232, 37.3885789 ], [ 126.6632324, 37.3885792 ], [ 126.6632328, 37.3885796 ] ] } },
{ "type": "Feature", "properties": { "Vehicle_ID": 115, "Vehicle_Class": 0, "Num_Points": 150, "Start_Time": "2022-10-07 17:52:13.500", "End_Time": "2022-10-07 17:52:18.471", "Start_Frame": 0, "End_Frame": 149, "Mean_Speed": 3.1, "Max_Speed": 9.2, "Vehicle_Length": 5.02, "Vehicle_Width": 2.18 }, "geometry": { "type": "LineString", "coordinates": [ [ 126.6626223, 37.3888703 ], [ 126.6626234, 37.3888697 ], [ 126.6626243, 37.3888692 ], [ 126.6626251, 37.3888687 ], [ 126.6626259, 37.3888683 ], [ 126.6626266, 37.3888679 ], [ 126.6626274, 37.3888673 ], [ 126.6626283, 37.3888666 ], [ 126.6626292, 37.388866 ], [ 126.66263, 37.3888656 ], [ 126.6626306, 37.3888651 ], [ 126.6626313, 37.3888647 ], [ 126.662632, 37.3888643 ], [ 126.6626329, 37.3888639 ], [ 126.6626335, 37.3888637 ], [ 126.6626342, 37.3888632 ], [ 126.6626349, 37.3888628 ], [ 126.6626357, 37.3888622 ], [ 126.6626366, 37.3888617 ], [ 126.6626372, 37.3888612 ], [ 126.662638, 37.3888607 ], [ 126.6626387, 37.3888603 ], [ 126.6626394, 37.38886 ], [ 126.6626401, 37.3888595 ], [ 126.6626408, 37.3888592 ], [ 126.6626412, 37.3888589 ], [ 126.6626417, 37.3888587 ], [ 126.6626423, 37.3888584 ], [ 126.6626429, 37.388858 ], [ 126.6626436, 37.3888576 ], [ 126.6626444, 37.3888572 ], [ 126.6626452, 37.3888566 ], [ 126.6626455, 37.3888563 ], [ 126.6626461, 37.3888561 ], [ 126.6626465, 37.3888558 ], [ 126.662647, 37.3888555 ], [ 126.6626476, 37.3888552 ], [ 126.6626482, 37.388855 ], [ 126.6626485, 37.3888547 ], [ 126.662649, 37.3888544 ], [ 126.6626494, 37.3888543 ], [ 126.6626501, 37.3888538 ], [ 126.6626503, 37.3888537 ], [ 126.6626509, 37.3888534 ], [ 126.6626512, 37.3888533 ], [ 126.6626513, 37.3888532 ], [ 126.6626513, 37.3888531 ], [ 126.6626516, 37.388853 ], [ 126.6626517, 37.388853 ], [ 126.6626519, 37.3888528 ], [ 126.6626521, 37.3888527 ], [ 126.6626523, 37.3888524 ], [ 126.6626525, 37.3888524 ], [ 126.6626529, 37.3888523 ], [ 126.6626531, 37.3888522 ], [ 126.6626534, 37.3888521 ], [ 126.6626532, 37.3888518 ], [ 126.6626535, 37.3888517 ], [ 126.6626542, 37.3888516 ], [ 126.6626542, 37.3888514 ], [ 126.6626543, 37.3888513 ], [ 126.6626547, 37.3888511 ], [ 126.6626548, 37.388851 ], [ 126.662655, 37.388851 ], [ 126.662655, 37.3888512 ], [ 126.662655, 37.3888509 ], [ 126.6626551, 37.3888509 ], [ 126.6626552, 37.3888511 ], [ 126.6626553, 37.3888509 ], [ 126.6626554, 37.3888509 ], [ 126.6626555, 37.3888509 ], [ 126.6626555, 37.3888508 ], [ 126.6626555, 37.3888508 ], [ 126.6626555, 37.3888507 ], [ 126.6626556, 37.3888508 ], [ 126.6626556, 37.3888507 ], [ 126.6626556, 37.3888507 ], [ 126.6626556, 37.3888508 ], [ 126.6626555, 37.3888508 ], [ 126.6626555, 37.3888509 ], [ 126.6626554, 37.3888508 ], [ 126.6626555, 37.3888509 ], [ 126.6626555, 37.3888509 ], [ 126.6626555, 37.3888509 ], [ 126.6626554, 37.3888508 ], [ 126.6626554, 37.3888508 ], [ 126.6626555, 37.3888508 ], [ 126.6626555, 37.3888508 ], [ 126.6626554, 37.3888507 ], [ 126.6626555, 37.3888508 ], [ 126.6626555, 37.3888508 ], [ 126.6626555, 37.3888508 ], [ 126.6626554, 37.3888507 ], [ 126.6626555, 37.3888508 ], [ 126.6626555, 37.3888508 ], [ 126.6626555, 37.3888508 ], [ 126.6626555, 37.3888509 ], [ 126.6626555, 37.3888508 ], [ 126.6626555, 37.3888508 ], [ 126.6626555, 37.3888508 ], [ 126.6626556, 37.3888509 ], [ 126.6626556, 37.3888509 ], [ 126.6626556, 37.3888509 ], [ 126.6626556, 37.3888508 ], [ 126.6626554, 37.3888507 ], [ 126.6626555, 37.3888508 ], [ 126.6626556, 37.3888508 ], [ 126.6626556, 37.3888508 ], [ 126.6626556, 37.3888508 ], [ 126.6626555, 37.388851 ], [ 126.6626556, 37.3888509 ], [ 126.6626556, 37.3888508 ], [ 126.6626556, 37.3888509 ], [ 126.6626556, 37.3888509 ], [ 126.6626556, 37.388851 ], [ 126.6626556, 37.3888509 ], [ 126.6626556, 37.3888508 ], [ 126.6626556, 37.3888508 ], [ 126.6626556, 37.3888508 ], [ 126.6626556, 37.3888508 ], [ 126.6626555, 37.3888508 ], [ 126.6626557, 37.3888509 ], [ 126.6626557, 37.3888508 ], [ 126.6626557, 37.3888507 ], [ 126.6626557, 37.3888507 ], [ 126.6626557, 37.3888507 ], [ 126.6626557, 37.3888509 ], [ 126.6626557, 37.3888508 ], [ 126.6626556, 37.3888507 ], [ 126.6626556, 37.3888507 ], [ 126.6626556, 37.3888507 ], [ 126.6626556, 37.3888507 ], [ 126.6626556, 37.3888508 ], [ 126.6626556, 37.3888507 ], [ 126.6626556, 37.3888508 ], [ 126.6626556, 37.3888507 ], [ 126.6626556, 37.3888507 ], [ 126.6626556, 37.3888507 ], [ 126.6626555, 37.3888507 ], [ 126.6626555, 37.3888508 ], [ 126.6626555, 37.3888509 ], [ 126.6626556, 37.3888508 ], [ 126.6626556, 37.3888508 ], [ 126.6626556, 37.3888508 ], [ 126.6626556, 37.3888508 ], [ 126.6626556, 37.3888508 ], [ 126.6626556, 37.3888508 ], [ 126.6626556, 37.3888508 ], [ 126.6626556, 37.3888508 ], [ 126.6626556, 37.3888508 ] ] } },
{ "type": "Feature", "properties": { "Vehicle_ID": 116, "Vehicle_Class": 0, "Num_Points": 93, "Start_Time": "2022-10-07 17:52:13.500", "End_Time": "2022-10-07 17:52:16.569", "Start_Frame": 0, "End_Frame": 92, "Mean_Speed": 31.9, "Max_Speed": 33.2, "Vehicle_Length": 5.07, "Vehicle_Width": 2.25 }, "geometry": { "type": "LineString", "coordinates": [ [ 126.6638977, 37.3892048 ], [ 126.6638987, 37.3892061 ], [ 126.6638998, 37.3892074 ], [ 126.6639014, 37.3892096 ], [ 126.6639045, 37.3892123 ], [ 126.663907, 37.3892149 ], [ 126.6639094, 37.3892173 ], [ 126.6639119, 37.3892198 ], [ 126.6639142, 37.3892217 ], [ 126.6639164, 37.3892237 ], [ 126.6639185, 37.3892258 ], [ 126.6639203, 37.3892277 ], [ 126.6639224, 37.3892298 ], [ 126.6639248, 37.3892324 ], [ 126.663927, 37.3892347 ], [ 126.6639293, 37.389237 ], [ 126.6639314, 37.389239 ], [ 126.6639334, 37.3892409 ], [ 126.6639354, 37.3892429 ], [ 126.6639368, 37.3892441 ], [ 126.6639385, 37.3892455 ], [ 126.6639402, 37.3892471 ], [ 126.6639418, 37.3892488 ], [ 126.6639438, 37.3892507 ], [ 126.663946, 37.389253 ], [ 126.6639481, 37.3892551 ], [ 126.6639501, 37.3892571 ], [ 126.6639522, 37.3892593 ], [ 126.6639544, 37.3892615 ], [ 126.6639564, 37.3892635 ], [ 126.6639586, 37.3892658 ], [ 126.6639604, 37.3892676 ], [ 126.6639622, 37.3892695 ], [ 126.6639638, 37.3892713 ], [ 126.6639658, 37.3892733 ], [ 126.6639677, 37.3892753 ], [ 126.6639698, 37.3892776 ], [ 126.6639718, 37.3892796 ], [ 126.6639733, 37.3892812 ], [ 126.6639749, 37.3892831 ], [ 126.663977, 37.3892853 ], [ 126.6639798, 37.3892876 ], [ 126.6639812, 37.3892892 ], [ 126.6639842, 37.3892919 ], [ 126.6639861, 37.389294 ], [ 126.6639882, 37.3892962 ], [ 126.6639907, 37.3892985 ], [ 126.6639926, 37.3893005 ], [ 126.6639939, 37.3893026 ], [ 126.6639961, 37.3893042 ], [ 126.6639978, 37.3893068 ], [ 126.6640003, 37.3893095 ], [ 126.6640033, 37.3893118 ], [ 126.6640045, 37.3893135 ], [ 126.6640067, 37.3893157 ], [ 126.6640096, 37.3893186 ], [ 126.6640108, 37.3893204 ], [ 126.6640139, 37.3893228 ], [ 126.6640153, 37.3893246 ], [ 126.6640171, 37.3893259 ], [ 126.6640184, 37.389328 ], [ 126.6640213, 37.3893309 ], [ 126.6640227, 37.389333 ], [ 126.6640254, 37.3893355 ], [ 126.6640277, 37.3893376 ], [ 126.6640287, 37.3893387 ], [ 126.6640312, 37.3893417 ], [ 126.6640336, 37.3893442 ], [ 126.6640353, 37.3893459 ], [ 126.6640373, 37.3893483 ], [ 126.6640396, 37.3893507 ], [ 126.6640417, 37.3893528 ], [ 126.6640438, 37.3893553 ], [ 126.664046, 37.3893576 ], [ 126.6640483, 37.3893599 ], [ 126.6640502, 37.3893623 ], [ 126.6640523, 37.3893643 ], [ 126.6640546, 37.3893667 ], [ 126.6640562, 37.3893686 ], [ 126.6640577, 37.3893698 ], [ 126.6640588, 37.3893709 ], [ 126.6640601, 37.3893721 ], [ 126.6640609, 37.3893733 ], [ 126.664062, 37.3893745 ], [ 126.6640628, 37.3893755 ], [ 126.6640639, 37.3893767 ], [ 126.664065, 37.389378 ], [ 126.6640663, 37.3893791 ], [ 126.6640674, 37.3893803 ], [ 126.6640688, 37.3893813 ], [ 126.6640697, 37.3893828 ], [ 126.6640696, 37.3893835 ], [ 126.6640687, 37.3893844 ] ] } },
{ "type": "Feature", "properties": { "Vehicle_ID": 117, "Vehicle_Class": 0, "Num_Points": 150, "Start_Time": "2022-10-07 17:52:13.500", "End_Time": "2022-10-07 17:52:18.471", "Start_Frame": 0, "End_Frame": 149, "Mean_Speed": 1.4, "Max_Speed": 2.4, "Vehicle_Length": 4.74, "Vehicle_Width": 2.05 }, "geometry": { "type": "LineString", "coordinates": [ [ 126.6623615, 37.3882015 ], [ 126.6623616, 37.3882016 ], [ 126.6623616, 37.3882017 ], [ 126.6623615, 37.3882018 ], [ 126.6623616, 37.3882018 ], [ 126.6623616, 37.3882017 ], [ 126.6623615, 37.3882018 ], [ 126.6623614, 37.3882018 ], [ 126.6623614, 37.3882018 ], [ 126.6623615, 37.3882017 ], [ 126.6623612, 37.3882018 ], [ 126.6623611, 37.3882018 ], [ 126.662361, 37.3882018 ], [ 126.662361, 37.3882019 ], [ 126.6623609, 37.3882018 ], [ 126.6623609, 37.3882018 ], [ 126.6623609, 37.3882018 ], [ 126.6623608, 37.3882018 ], [ 126.6623607, 37.3882018 ], [ 126.6623607, 37.3882018 ], [ 126.6623606, 37.3882018 ], [ 126.6623606, 37.3882018 ], [ 126.6623606, 37.3882017 ], [ 126.6623606, 37.3882017 ], [ 126.6623606, 37.3882017 ], [ 126.6623606, 37.3882017 ], [ 126.6623606, 37.3882017 ], [ 126.6623606, 37.3882018 ], [ 126.6623606, 37.3882017 ], [ 126.6623606, 37.3882017 ], [ 126.6623606, 37.3882017 ], [ 126.6623606, 37.3882017 ], [ 126.6623602, 37.3882014 ], [ 126.6623604, 37.3882016 ], [ 126.6623604, 37.3882016 ], [ 126.6623604, 37.3882016 ], [ 126.6623603, 37.3882015 ], [ 126.6623603, 37.3882015 ], [ 126.6623602, 37.3882015 ], [ 126.6623601, 37.3882014 ], [ 126.6623601, 37.3882015 ], [ 126.6623606, 37.3882014 ], [ 126.6623608, 37.3882014 ], [ 126.6623611, 37.3882016 ], [ 126.6623612, 37.3882018 ], [ 126.6623613, 37.3882019 ], [ 126.6623611, 37.3882021 ], [ 126.6623615, 37.3882021 ], [ 126.6623609, 37.3882017 ], [ 126.6623612, 37.3882021 ], [ 126.662361, 37.3882017 ], [ 126.6623613, 37.3882019 ], [ 126.662361, 37.3882018 ], [ 126.6623616, 37.3882022 ], [ 126.6623615, 37.3882021 ], [ 126.6623615, 37.388202 ], [ 126.6623613, 37.3882021 ], [ 126.6623611, 37.388202 ], [ 126.6623617, 37.3882021 ], [ 126.6623614, 37.3882021 ], [ 126.6623613, 37.388202 ], [ 126.6623615, 37.3882018 ], [ 126.6623613, 37.3882018 ], [ 126.6623613, 37.3882018 ], [ 126.6623611, 37.3882016 ], [ 126.6623613, 37.3882017 ], [ 126.6623612, 37.3882015 ], [ 126.6623611, 37.3882016 ], [ 126.6623613, 37.3882016 ], [ 126.6623614, 37.3882016 ], [ 126.6623615, 37.3882018 ], [ 126.6623614, 37.3882018 ], [ 126.6623614, 37.3882018 ], [ 126.6623615, 37.3882017 ], [ 126.6623614, 37.3882017 ], [ 126.6623614, 37.3882016 ], [ 126.6623613, 37.3882016 ], [ 126.6623615, 37.3882017 ], [ 126.6623613, 37.3882017 ], [ 126.6623615, 37.3882017 ], [ 126.6623614, 37.3882018 ], [ 126.6623615, 37.3882018 ], [ 126.6623614, 37.3882018 ], [ 126.6623615, 37.388202 ], [ 126.6623615, 37.3882019 ], [ 126.6623614, 37.3882019 ], [ 126.6623614, 37.3882019 ], [ 126.6623614, 37.388202 ], [ 126.6623614, 37.3882019 ], [ 126.6623614, 37.3882019 ], [ 126.6623614, 37.3882018 ], [ 126.6623613, 37.3882018 ], [ 126.6623613, 37.3882016 ], [ 126.6623614, 37.3882018 ], [ 126.6623613, 37.3882018 ], [ 126.6623614, 37.3882019 ], [ 126.6623614, 37.3882019 ], [ 126.6623613, 37.3882019 ], [ 126.6623614, 37.3882019 ], [ 126.6623613, 37.3882018 ], [ 126.6623613, 37.3882017 ], [ 126.6623613, 37.3882017 ], [ 126.6623613, 37.3882017 ], [ 126.6623613, 37.3882016 ], [ 126.6623609, 37.3882013 ], [ 126.6623613, 37.3882015 ], [ 126.6623613, 37.3882016 ], [ 126.6623614, 37.3882016 ], [ 126.6623613, 37.3882016 ], [ 126.6623613, 37.3882016 ], [ 126.6623616, 37.3882015 ], [ 126.6623617, 37.3882016 ], [ 126.6623618, 37.3882018 ], [ 126.662362, 37.3882019 ], [ 126.662362, 37.3882019 ], [ 126.6623621, 37.388202 ], [ 126.6623621, 37.388202 ], [ 126.6623621, 37.3882021 ], [ 126.6623619, 37.3882019 ], [ 126.6623617, 37.3882019 ], [ 126.6623617, 37.3882018 ], [ 126.6623616, 37.3882018 ], [ 126.6623617, 37.3882019 ], [ 126.6623616, 37.3882019 ], [ 126.6623616, 37.3882019 ], [ 126.6623616, 37.388202 ], [ 126.6623617, 37.3882021 ], [ 126.6623616, 37.3882021 ], [ 126.6623615, 37.388202 ], [ 126.6623616, 37.388202 ], [ 126.6623615, 37.388202 ], [ 126.6623616, 37.3882019 ], [ 126.6623615, 37.3882019 ], [ 126.6623615, 37.3882019 ], [ 126.6623616, 37.3882019 ], [ 126.6623616, 37.3882019 ], [ 126.6623615, 37.3882018 ], [ 126.6623615, 37.3882018 ], [ 126.6623615, 37.3882017 ], [ 126.6623614, 37.3882017 ], [ 126.6623615, 37.3882018 ], [ 126.6623615, 37.3882019 ], [ 126.6623616, 37.3882019 ], [ 126.6623616, 37.3882019 ], [ 126.6623615, 37.3882018 ], [ 126.6623614, 37.3882018 ], [ 126.6623614, 37.3882017 ], [ 126.6623613, 37.3882016 ], [ 126.6623612, 37.3882015 ], [ 126.6623612, 37.3882015 ] ] } },
{ "type": "Feature", "properties": { "Vehicle_ID": 118, "Vehicle_Class": 0, "Num_Points": 150, "Start_Time": "2022-10-07 17:52:13.500", "End_Time": "2022-10-07 17:52:18.471", "Start_Frame": 0, "End_Frame": 149, "Mean_Speed": 22.9, "Max_Speed": 29.4, "Vehicle_Length": 5.28, "Vehicle_Width": 2.26 }, "geometry": { "type": "LineString", "coordinates": [ [ 126.6637642, 37.3895542 ], [ 126.663764, 37.3895539 ], [ 126.6637637, 37.3895537 ], [ 126.6637634, 37.3895534 ], [ 126.6637632, 37.3895531 ], [ 126.6637631, 37.389553 ], [ 126.6637629, 37.3895527 ], [ 126.6637627, 37.3895525 ], [ 126.6637624, 37.3895522 ], [ 126.6637622, 37.3895519 ], [ 126.6637619, 37.3895517 ], [ 126.6637616, 37.3895514 ], [ 126.6637614, 37.3895512 ], [ 126.6637611, 37.3895508 ], [ 126.6637606, 37.3895503 ], [ 126.66376, 37.3895496 ], [ 126.6637594, 37.389549 ], [ 126.6637587, 37.3895483 ], [ 126.6637583, 37.3895479 ], [ 126.6637576, 37.3895471 ], [ 126.6637569, 37.3895463 ], [ 126.6637562, 37.3895455 ], [ 126.6637555, 37.3895449 ], [ 126.6637548, 37.3895441 ], [ 126.663754, 37.3895432 ], [ 126.6637532, 37.3895423 ], [ 126.6637524, 37.3895415 ], [ 126.6637517, 37.3895407 ], [ 126.6637509, 37.3895399 ], [ 126.66375, 37.389539 ], [ 126.6637495, 37.3895385 ], [ 126.6637486, 37.3895375 ], [ 126.6637478, 37.3895367 ], [ 126.6637468, 37.3895356 ], [ 126.6637459, 37.3895347 ], [ 126.6637449, 37.3895337 ], [ 126.6637441, 37.3895328 ], [ 126.6637433, 37.3895321 ], [ 126.6637422, 37.3895309 ], [ 126.6637412, 37.3895299 ], [ 126.6637405, 37.3895292 ], [ 126.6637403, 37.3895285 ], [ 126.6637385, 37.3895269 ], [ 126.6637382, 37.3895261 ], [ 126.6637371, 37.3895251 ], [ 126.6637361, 37.3895241 ], [ 126.6637349, 37.3895228 ], [ 126.6637336, 37.3895216 ], [ 126.663732, 37.3895203 ], [ 126.6637308, 37.3895185 ], [ 126.6637291, 37.3895174 ], [ 126.6637284, 37.3895167 ], [ 126.6637279, 37.3895155 ], [ 126.6637261, 37.389514 ], [ 126.6637249, 37.3895127 ], [ 126.663724, 37.3895119 ], [ 126.6637221, 37.3895103 ], [ 126.6637211, 37.3895088 ], [ 126.6637197, 37.3895072 ], [ 126.6637184, 37.3895052 ], [ 126.6637165, 37.3895037 ], [ 126.6637159, 37.3895031 ], [ 126.6637142, 37.3895015 ], [ 126.6637135, 37.3895005 ], [ 126.6637122, 37.3894991 ], [ 126.6637107, 37.389497 ], [ 126.6637097, 37.3894964 ], [ 126.6637087, 37.3894954 ], [ 126.6637073, 37.3894938 ], [ 126.663706, 37.3894924 ], [ 126.6637048, 37.3894911 ], [ 126.6637034, 37.3894895 ], [ 126.6637021, 37.3894881 ], [ 126.6637007, 37.3894869 ], [ 126.6636995, 37.3894855 ], [ 126.6636979, 37.3894838 ], [ 126.6636964, 37.3894822 ], [ 126.6636951, 37.3894807 ], [ 126.6636936, 37.3894793 ], [ 126.6636923, 37.3894779 ], [ 126.6636907, 37.3894763 ], [ 126.6636894, 37.3894749 ], [ 126.663688, 37.3894733 ], [ 126.6636866, 37.3894718 ], [ 126.6636849, 37.3894701 ], [ 126.6636835, 37.3894686 ], [ 126.6636821, 37.3894671 ], [ 126.6636805, 37.3894655 ], [ 126.6636787, 37.3894637 ], [ 126.6636771, 37.389462 ], [ 126.6636753, 37.3894604 ], [ 126.6636736, 37.3894585 ], [ 126.6636717, 37.3894567 ], [ 126.6636702, 37.389455 ], [ 126.6636687, 37.3894533 ], [ 126.6636669, 37.3894515 ], [ 126.6636654, 37.3894499 ], [ 126.6636635, 37.389448 ], [ 126.6636617, 37.3894463 ], [ 126.66366, 37.3894445 ], [ 126.6636585, 37.3894427 ], [ 126.6636566, 37.3894408 ], [ 126.6636548, 37.3894388 ], [ 126.663653, 37.389437 ], [ 126.6636514, 37.3894352 ], [ 126.6636495, 37.3894333 ], [ 126.663648, 37.3894315 ], [ 126.6636464, 37.38943 ], [ 126.663645, 37.3894286 ], [ 126.6636436, 37.3894274 ], [ 126.6636415, 37.3894251 ], [ 126.6636396, 37.3894228 ], [ 126.6636375, 37.3894205 ], [ 126.6636355, 37.3894184 ], [ 126.6636339, 37.3894167 ], [ 126.6636319, 37.3894145 ], [ 126.6636299, 37.3894124 ], [ 126.6636281, 37.3894106 ], [ 126.6636263, 37.3894088 ], [ 126.6636242, 37.3894066 ], [ 126.663622, 37.3894044 ], [ 126.6636201, 37.3894023 ], [ 126.6636177, 37.3893999 ], [ 126.6636154, 37.3893976 ], [ 126.6636128, 37.3893952 ], [ 126.6636105, 37.389393 ], [ 126.663609, 37.3893915 ], [ 126.6636075, 37.3893897 ], [ 126.6636062, 37.3893881 ], [ 126.6636049, 37.3893865 ], [ 126.6636033, 37.3893846 ], [ 126.6636015, 37.3893827 ], [ 126.6635995, 37.3893805 ], [ 126.6635975, 37.3893785 ], [ 126.6635956, 37.3893765 ], [ 126.6635937, 37.3893746 ], [ 126.663592, 37.3893729 ], [ 126.6635902, 37.389371 ], [ 126.6635884, 37.3893691 ], [ 126.6635866, 37.3893673 ], [ 126.6635848, 37.3893657 ], [ 126.6635827, 37.3893634 ], [ 126.6635808, 37.3893615 ], [ 126.6635789, 37.3893596 ], [ 126.6635771, 37.3893577 ], [ 126.6635752, 37.3893558 ], [ 126.6635734, 37.389354 ], [ 126.6635714, 37.3893519 ], [ 126.6635693, 37.38935 ], [ 126.6635674, 37.389348 ] ] } },
{ "type": "Feature", "properties": { "Vehicle_ID": 119, "Vehicle_Class": 0, "Num_Points": 150, "Start_Time": "2022-10-07 17:52:13.500", "End_Time": "2022-10-07 17:52:18.471", "Start_Frame": 0, "End_Frame": 149, "Mean_Speed": 20.4, "Max_Speed": 24.6, "Vehicle_Length": 3.77, "Vehicle_Width": 1.82 }, "geometry": { "type": "LineString", "coordinates": [ [ 126.6621209, 37.388859 ], [ 126.6621219, 37.3888599 ], [ 126.6621229, 37.3888609 ], [ 126.6621241, 37.3888626 ], [ 126.6621255, 37.3888642 ], [ 126.6621268, 37.3888655 ], [ 126.6621285, 37.3888672 ], [ 126.66213, 37.3888689 ], [ 126.6621318, 37.3888704 ], [ 126.6621337, 37.3888729 ], [ 126.6621359, 37.3888757 ], [ 126.662138, 37.3888782 ], [ 126.6621397, 37.38888 ], [ 126.6621414, 37.3888816 ], [ 126.662143, 37.3888834 ], [ 126.6621445, 37.388885 ], [ 126.662146, 37.3888867 ], [ 126.6621476, 37.3888884 ], [ 126.662149, 37.38889 ], [ 126.6621506, 37.3888917 ], [ 126.6621521, 37.3888933 ], [ 126.6621538, 37.3888951 ], [ 126.6621552, 37.3888967 ], [ 126.6621566, 37.3888983 ], [ 126.6621579, 37.3888996 ], [ 126.662159, 37.388901 ], [ 126.6621602, 37.3889023 ], [ 126.6621616, 37.3889038 ], [ 126.6621631, 37.3889052 ], [ 126.6621642, 37.3889063 ], [ 126.6621654, 37.3889076 ], [ 126.6621664, 37.3889087 ], [ 126.6621674, 37.38891 ], [ 126.6621689, 37.3889114 ], [ 126.6621703, 37.388913 ], [ 126.662172, 37.3889149 ], [ 126.6621733, 37.3889164 ], [ 126.6621749, 37.388918 ], [ 126.6621761, 37.3889193 ], [ 126.6621773, 37.3889205 ], [ 126.6621789, 37.3889221 ], [ 126.662181, 37.3889229 ], [ 126.6621821, 37.3889244 ], [ 126.6621832, 37.3889249 ], [ 126.6621843, 37.3889258 ], [ 126.6621858, 37.3889271 ], [ 126.6621872, 37.3889284 ], [ 126.6621884, 37.3889299 ], [ 126.6621897, 37.3889314 ], [ 126.6621908, 37.3889325 ], [ 126.6621922, 37.3889335 ], [ 126.6621935, 37.3889342 ], [ 126.662195, 37.3889357 ], [ 126.6621967, 37.3889367 ], [ 126.6621982, 37.3889377 ], [ 126.6621995, 37.3889387 ], [ 126.6622006, 37.3889397 ], [ 126.6622023, 37.3889406 ], [ 126.6622041, 37.3889416 ], [ 126.6622051, 37.3889426 ], [ 126.6622064, 37.3889438 ], [ 126.662208, 37.3889445 ], [ 126.6622098, 37.3889458 ], [ 126.6622115, 37.3889468 ], [ 126.662213, 37.388948 ], [ 126.6622144, 37.3889486 ], [ 126.6622161, 37.3889491 ], [ 126.6622173, 37.3889499 ], [ 126.6622189, 37.3889505 ], [ 126.6622206, 37.3889514 ], [ 126.6622223, 37.3889523 ], [ 126.6622237, 37.3889529 ], [ 126.6622249, 37.3889535 ], [ 126.6622262, 37.3889537 ], [ 126.6622279, 37.3889544 ], [ 126.6622296, 37.388955 ], [ 126.6622316, 37.3889558 ], [ 126.6622337, 37.3889566 ], [ 126.6622356, 37.3889573 ], [ 126.6622375, 37.3889583 ], [ 126.6622393, 37.3889589 ], [ 126.6622408, 37.3889596 ], [ 126.6622425, 37.3889601 ], [ 126.6622444, 37.3889604 ], [ 126.6622461, 37.3889607 ], [ 126.6622478, 37.3889609 ], [ 126.6622497, 37.3889613 ], [ 126.6622516, 37.3889618 ], [ 126.6622534, 37.3889623 ], [ 126.6622553, 37.3889626 ], [ 126.6622571, 37.388963 ], [ 126.6622589, 37.3889631 ], [ 126.6622607, 37.3889632 ], [ 126.6622625, 37.3889634 ], [ 126.6622643, 37.3889636 ], [ 126.6622663, 37.3889639 ], [ 126.6622687, 37.3889644 ], [ 126.6622707, 37.3889647 ], [ 126.6622727, 37.3889647 ], [ 126.6622749, 37.388965 ], [ 126.6622772, 37.3889653 ], [ 126.6622795, 37.3889654 ], [ 126.6622816, 37.3889654 ], [ 126.6622835, 37.3889655 ], [ 126.6622852, 37.3889654 ], [ 126.6622876, 37.3889656 ], [ 126.6622899, 37.3889659 ], [ 126.6622923, 37.3889659 ], [ 126.6622945, 37.3889657 ], [ 126.6622964, 37.3889659 ], [ 126.6622986, 37.3889657 ], [ 126.662301, 37.3889655 ], [ 126.6623033, 37.3889654 ], [ 126.6623054, 37.3889651 ], [ 126.6623072, 37.388965 ], [ 126.6623093, 37.3889648 ], [ 126.6623114, 37.3889645 ], [ 126.6623137, 37.3889643 ], [ 126.6623157, 37.3889639 ], [ 126.6623177, 37.3889638 ], [ 126.6623199, 37.3889634 ], [ 126.6623221, 37.3889632 ], [ 126.6623243, 37.3889628 ], [ 126.6623263, 37.3889624 ], [ 126.6623283, 37.388962 ], [ 126.6623302, 37.3889615 ], [ 126.6623322, 37.3889614 ], [ 126.6623343, 37.3889609 ], [ 126.6623363, 37.3889604 ], [ 126.6623381, 37.3889599 ], [ 126.66234, 37.3889595 ], [ 126.6623421, 37.3889589 ], [ 126.6623441, 37.3889584 ], [ 126.6623461, 37.3889579 ], [ 126.6623481, 37.3889574 ], [ 126.66235, 37.3889569 ], [ 126.662352, 37.3889563 ], [ 126.6623539, 37.3889557 ], [ 126.6623557, 37.3889551 ], [ 126.6623576, 37.3889544 ], [ 126.6623593, 37.3889539 ], [ 126.6623617, 37.388953 ], [ 126.6623638, 37.3889522 ], [ 126.6623658, 37.3889516 ], [ 126.6623676, 37.3889509 ], [ 126.6623697, 37.3889502 ], [ 126.6623716, 37.3889496 ], [ 126.6623735, 37.3889488 ], [ 126.6623753, 37.3889481 ], [ 126.6623772, 37.3889473 ] ] } },
{ "type": "Feature", "properties": { "Vehicle_ID": 120, "Vehicle_Class": 0, "Num_Points": 144, "Start_Time": "2022-10-07 17:52:13.500", "End_Time": "2022-10-07 17:52:18.271", "Start_Frame": 0, "End_Frame": 143, "Mean_Speed": 45.2, "Max_Speed": 47.4, "Vehicle_Length": 4.93, "Vehicle_Width": 2.22 }, "geometry": { "type": "LineString", "coordinates": [ [ 126.662784, 37.3883979 ], [ 126.6627815, 37.3883957 ], [ 126.6627787, 37.3883929 ], [ 126.662776, 37.3883903 ], [ 126.6627729, 37.3883873 ], [ 126.6627698, 37.3883844 ], [ 126.662767, 37.3883816 ], [ 126.6627642, 37.3883789 ], [ 126.6627611, 37.3883758 ], [ 126.6627587, 37.3883732 ], [ 126.6627559, 37.3883707 ], [ 126.6627533, 37.3883681 ], [ 126.6627507, 37.3883654 ], [ 126.662748, 37.3883628 ], [ 126.6627455, 37.3883602 ], [ 126.6627429, 37.3883576 ], [ 126.6627403, 37.3883548 ], [ 126.6627376, 37.3883519 ], [ 126.662735, 37.3883493 ], [ 126.6627323, 37.3883464 ], [ 126.6627293, 37.3883434 ], [ 126.6627266, 37.3883406 ], [ 126.6627239, 37.3883378 ], [ 126.6627211, 37.3883349 ], [ 126.6627185, 37.3883321 ], [ 126.6627158, 37.3883296 ], [ 126.6627132, 37.3883266 ], [ 126.6627107, 37.388324 ], [ 126.6627079, 37.3883213 ], [ 126.662705, 37.3883186 ], [ 126.6627023, 37.3883159 ], [ 126.6626994, 37.3883132 ], [ 126.6626965, 37.3883101 ], [ 126.662694, 37.3883074 ], [ 126.6626913, 37.3883047 ], [ 126.6626886, 37.3883017 ], [ 126.6626859, 37.3882989 ], [ 126.6626834, 37.3882961 ], [ 126.6626805, 37.3882933 ], [ 126.6626777, 37.3882905 ], [ 126.6626747, 37.3882874 ], [ 126.6626722, 37.3882842 ], [ 126.6626695, 37.3882811 ], [ 126.6626672, 37.3882785 ], [ 126.6626641, 37.3882753 ], [ 126.6626612, 37.3882724 ], [ 126.6626579, 37.3882693 ], [ 126.6626557, 37.3882668 ], [ 126.6626524, 37.3882634 ], [ 126.6626496, 37.3882608 ], [ 126.6626473, 37.3882584 ], [ 126.6626447, 37.388256 ], [ 126.6626412, 37.3882527 ], [ 126.6626387, 37.38825 ], [ 126.6626356, 37.3882467 ], [ 126.6626329, 37.3882437 ], [ 126.6626295, 37.3882407 ], [ 126.6626263, 37.3882375 ], [ 126.6626237, 37.3882347 ], [ 126.6626206, 37.3882315 ], [ 126.6626178, 37.3882288 ], [ 126.6626148, 37.3882255 ], [ 126.6626117, 37.3882225 ], [ 126.6626087, 37.3882193 ], [ 126.6626056, 37.388216 ], [ 126.6626027, 37.3882133 ], [ 126.6625999, 37.3882104 ], [ 126.662597, 37.3882075 ], [ 126.6625943, 37.3882049 ], [ 126.6625911, 37.3882019 ], [ 126.6625878, 37.3881989 ], [ 126.6625846, 37.3881958 ], [ 126.6625815, 37.3881927 ], [ 126.6625785, 37.3881895 ], [ 126.6625755, 37.3881863 ], [ 126.6625727, 37.3881832 ], [ 126.6625698, 37.3881799 ], [ 126.6625669, 37.3881771 ], [ 126.6625637, 37.3881739 ], [ 126.6625609, 37.388171 ], [ 126.6625575, 37.3881676 ], [ 126.6625546, 37.3881645 ], [ 126.6625515, 37.3881612 ], [ 126.6625488, 37.3881584 ], [ 126.6625458, 37.3881552 ], [ 126.6625428, 37.3881522 ], [ 126.6625397, 37.3881491 ], [ 126.6625367, 37.3881461 ], [ 126.6625332, 37.3881427 ], [ 126.6625301, 37.3881396 ], [ 126.6625267, 37.3881363 ], [ 126.6625237, 37.3881332 ], [ 126.6625208, 37.38813 ], [ 126.6625182, 37.3881271 ], [ 126.6625151, 37.3881238 ], [ 126.6625123, 37.3881208 ], [ 126.6625092, 37.3881176 ], [ 126.6625063, 37.3881147 ], [ 126.6625032, 37.3881114 ], [ 126.6624999, 37.3881081 ], [ 126.6624969, 37.3881048 ], [ 126.662494, 37.3881018 ], [ 126.6624908, 37.3880986 ], [ 126.6624878, 37.3880954 ], [ 126.6624845, 37.3880922 ], [ 126.6624816, 37.3880894 ], [ 126.6624783, 37.3880862 ], [ 126.6624751, 37.3880831 ], [ 126.6624718, 37.3880799 ], [ 126.6624688, 37.388077 ], [ 126.6624661, 37.3880738 ], [ 126.6624632, 37.3880706 ], [ 126.6624603, 37.3880675 ], [ 126.6624575, 37.3880644 ], [ 126.6624545, 37.3880612 ], [ 126.6624514, 37.3880582 ], [ 126.6624484, 37.388055 ], [ 126.6624454, 37.3880519 ], [ 126.6624422, 37.3880485 ], [ 126.662439, 37.3880454 ], [ 126.6624361, 37.3880424 ], [ 126.662433, 37.3880394 ], [ 126.6624297, 37.3880363 ], [ 126.6624264, 37.3880332 ], [ 126.6624234, 37.3880303 ], [ 126.66242, 37.3880271 ], [ 126.662417, 37.3880242 ], [ 126.6624139, 37.388021 ], [ 126.6624111, 37.388018 ], [ 126.6624084, 37.3880148 ], [ 126.6624056, 37.3880118 ], [ 126.6624028, 37.3880086 ], [ 126.6623998, 37.3880055 ], [ 126.6623976, 37.3880032 ], [ 126.662396, 37.3880017 ], [ 126.6623942, 37.388 ], [ 126.6623925, 37.3879984 ], [ 126.662391, 37.3879969 ], [ 126.6623895, 37.3879955 ], [ 126.6623879, 37.387994 ], [ 126.6623866, 37.3879923 ], [ 126.6623849, 37.3879911 ], [ 126.6623831, 37.38799 ], [ 126.662382, 37.3879885 ] ] } },
{ "type": "Feature", "properties": { "Vehicle_ID": 121, "Vehicle_Class": 0, "Num_Points": 150, "Start_Time": "2022-10-07 17:52:13.500", "End_Time": "2022-10-07 17:52:18.471", "Start_Frame": 0, "End_Frame": 149, "Mean_Speed": 1.0, "Max_Speed": 1.5, "Vehicle_Length": 4.97, "Vehicle_Width": 2.12 }, "geometry": { "type": "LineString", "coordinates": [ [ 126.6626054, 37.3888464 ], [ 126.6626055, 37.3888463 ], [ 126.6626055, 37.3888463 ], [ 126.6626054, 37.3888463 ], [ 126.6626054, 37.3888463 ], [ 126.6626055, 37.3888463 ], [ 126.6626055, 37.3888463 ], [ 126.6626054, 37.3888463 ], [ 126.6626054, 37.3888463 ], [ 126.6626055, 37.3888463 ], [ 126.6626053, 37.3888463 ], [ 126.6626053, 37.3888463 ], [ 126.6626054, 37.3888463 ], [ 126.6626054, 37.3888462 ], [ 126.6626054, 37.3888462 ], [ 126.6626054, 37.3888462 ], [ 126.6626055, 37.3888462 ], [ 126.6626054, 37.3888462 ], [ 126.6626054, 37.3888462 ], [ 126.6626054, 37.3888462 ], [ 126.6626053, 37.3888461 ], [ 126.6626053, 37.3888461 ], [ 126.6626053, 37.3888462 ], [ 126.6626052, 37.3888462 ], [ 126.6626052, 37.3888462 ], [ 126.6626051, 37.3888462 ], [ 126.6626051, 37.3888462 ], [ 126.6626051, 37.3888462 ], [ 126.6626051, 37.3888463 ], [ 126.662605, 37.3888463 ], [ 126.662605, 37.3888464 ], [ 126.6626049, 37.3888463 ], [ 126.6626047, 37.3888463 ], [ 126.6626048, 37.3888463 ], [ 126.6626048, 37.3888463 ], [ 126.6626048, 37.3888463 ], [ 126.6626047, 37.3888464 ], [ 126.6626048, 37.3888465 ], [ 126.6626046, 37.3888464 ], [ 126.6626046, 37.3888465 ], [ 126.6626046, 37.3888466 ], [ 126.662605, 37.3888463 ], [ 126.6626049, 37.3888464 ], [ 126.6626052, 37.3888463 ], [ 126.6626052, 37.3888463 ], [ 126.6626053, 37.3888463 ], [ 126.6626051, 37.3888463 ], [ 126.6626051, 37.3888464 ], [ 126.662605, 37.3888465 ], [ 126.6626051, 37.3888464 ], [ 126.6626051, 37.3888464 ], [ 126.6626051, 37.3888462 ], [ 126.6626051, 37.3888463 ], [ 126.6626053, 37.3888463 ], [ 126.6626053, 37.3888463 ], [ 126.6626053, 37.3888464 ], [ 126.6626049, 37.3888462 ], [ 126.6626049, 37.3888463 ], [ 126.6626053, 37.3888463 ], [ 126.6626052, 37.3888463 ], [ 126.6626051, 37.3888464 ], [ 126.6626053, 37.3888463 ], [ 126.6626052, 37.3888463 ], [ 126.6626053, 37.3888463 ], [ 126.6626052, 37.3888466 ], [ 126.6626052, 37.3888463 ], [ 126.6626052, 37.3888463 ], [ 126.6626052, 37.3888464 ], [ 126.6626054, 37.3888463 ], [ 126.6626054, 37.3888462 ], [ 126.6626055, 37.3888463 ], [ 126.6626055, 37.3888462 ], [ 126.6626055, 37.3888462 ], [ 126.6626055, 37.3888462 ], [ 126.6626055, 37.3888462 ], [ 126.6626055, 37.3888462 ], [ 126.6626055, 37.3888462 ], [ 126.6626055, 37.3888463 ], [ 126.6626054, 37.3888463 ], [ 126.6626054, 37.3888464 ], [ 126.6626054, 37.3888464 ], [ 126.6626054, 37.3888464 ], [ 126.6626053, 37.3888464 ], [ 126.6626054, 37.3888464 ], [ 126.6626053, 37.3888463 ], [ 126.6626053, 37.3888463 ], [ 126.6626053, 37.3888463 ], [ 126.6626053, 37.3888463 ], [ 126.6626053, 37.3888463 ], [ 126.6626053, 37.3888463 ], [ 126.6626052, 37.3888464 ], [ 126.6626052, 37.3888464 ], [ 126.6626052, 37.3888463 ], [ 126.6626053, 37.3888463 ], [ 126.6626052, 37.3888464 ], [ 126.6626052, 37.3888464 ], [ 126.6626052, 37.3888464 ], [ 126.6626052, 37.3888464 ], [ 126.6626052, 37.3888464 ], [ 126.6626052, 37.3888465 ], [ 126.6626052, 37.3888466 ], [ 126.6626052, 37.3888465 ], [ 126.6626053, 37.3888465 ], [ 126.6626052, 37.3888465 ], [ 126.662605, 37.3888464 ], [ 126.6626051, 37.3888465 ], [ 126.6626052, 37.3888465 ], [ 126.6626052, 37.3888466 ], [ 126.6626052, 37.3888466 ], [ 126.6626052, 37.3888468 ], [ 126.6626053, 37.3888465 ], [ 126.6626054, 37.3888465 ], [ 126.6626054, 37.3888465 ], [ 126.6626054, 37.3888466 ], [ 126.6626053, 37.3888467 ], [ 126.6626053, 37.3888466 ], [ 126.6626053, 37.3888466 ], [ 126.6626054, 37.3888466 ], [ 126.6626053, 37.3888466 ], [ 126.6626052, 37.3888466 ], [ 126.6626052, 37.3888466 ], [ 126.6626053, 37.3888467 ], [ 126.6626052, 37.3888467 ], [ 126.6626052, 37.3888466 ], [ 126.6626051, 37.3888466 ], [ 126.6626051, 37.3888465 ], [ 126.6626051, 37.3888467 ], [ 126.6626051, 37.3888466 ], [ 126.6626052, 37.3888465 ], [ 126.6626052, 37.3888465 ], [ 126.6626052, 37.3888465 ], [ 126.6626052, 37.3888465 ], [ 126.6626052, 37.3888466 ], [ 126.6626052, 37.3888465 ], [ 126.6626052, 37.3888466 ], [ 126.6626051, 37.3888466 ], [ 126.6626051, 37.3888465 ], [ 126.6626051, 37.3888465 ], [ 126.6626051, 37.3888465 ], [ 126.6626051, 37.3888465 ], [ 126.662605, 37.3888467 ], [ 126.6626051, 37.3888466 ], [ 126.6626052, 37.3888466 ], [ 126.6626052, 37.3888466 ], [ 126.6626053, 37.3888466 ], [ 126.6626053, 37.3888466 ], [ 126.6626053, 37.3888466 ], [ 126.6626053, 37.3888466 ], [ 126.6626053, 37.3888466 ], [ 126.6626053, 37.3888466 ] ] } },
{ "type": "Feature", "properties": { "Vehicle_ID": 122, "Vehicle_Class": 0, "Num_Points": 99, "Start_Time": "2022-10-07 17:52:13.500", "End_Time": "2022-10-07 17:52:16.769", "Start_Frame": 0, "End_Frame": 98, "Mean_Speed": 44.2, "Max_Speed": 44.6, "Vehicle_Length": 5.64, "Vehicle_Width": 2.32 }, "geometry": { "type": "LineString", "coordinates": [ [ 126.6626456, 37.3882525 ], [ 126.6626428, 37.3882498 ], [ 126.6626398, 37.3882467 ], [ 126.6626366, 37.3882435 ], [ 126.6626337, 37.3882407 ], [ 126.6626308, 37.3882378 ], [ 126.6626276, 37.3882345 ], [ 126.6626247, 37.3882317 ], [ 126.662622, 37.3882289 ], [ 126.6626196, 37.3882262 ], [ 126.6626166, 37.3882234 ], [ 126.6626135, 37.3882201 ], [ 126.6626106, 37.3882172 ], [ 126.6626077, 37.3882143 ], [ 126.6626048, 37.3882115 ], [ 126.6626018, 37.3882086 ], [ 126.6625991, 37.3882059 ], [ 126.6625962, 37.3882031 ], [ 126.6625935, 37.3882004 ], [ 126.6625906, 37.3881975 ], [ 126.6625875, 37.3881946 ], [ 126.6625845, 37.3881917 ], [ 126.6625816, 37.3881887 ], [ 126.6625787, 37.3881857 ], [ 126.6625759, 37.3881827 ], [ 126.6625731, 37.3881798 ], [ 126.6625702, 37.3881769 ], [ 126.6625676, 37.3881743 ], [ 126.6625647, 37.3881714 ], [ 126.662562, 37.3881686 ], [ 126.662559, 37.3881656 ], [ 126.6625562, 37.3881627 ], [ 126.662553, 37.3881593 ], [ 126.6625504, 37.3881565 ], [ 126.6625475, 37.3881536 ], [ 126.6625448, 37.3881508 ], [ 126.6625419, 37.388148 ], [ 126.6625391, 37.3881451 ], [ 126.6625361, 37.3881421 ], [ 126.6625331, 37.3881391 ], [ 126.6625303, 37.3881364 ], [ 126.6625278, 37.3881333 ], [ 126.6625252, 37.3881303 ], [ 126.6625227, 37.3881274 ], [ 126.66252, 37.3881245 ], [ 126.6625172, 37.3881216 ], [ 126.662514, 37.3881188 ], [ 126.6625115, 37.3881158 ], [ 126.6625081, 37.3881123 ], [ 126.6625057, 37.3881099 ], [ 126.6625028, 37.3881064 ], [ 126.6625002, 37.3881039 ], [ 126.662497, 37.3881008 ], [ 126.6624948, 37.3880983 ], [ 126.6624919, 37.3880953 ], [ 126.6624892, 37.3880924 ], [ 126.6624861, 37.3880897 ], [ 126.6624829, 37.3880866 ], [ 126.6624806, 37.3880839 ], [ 126.6624773, 37.3880808 ], [ 126.6624744, 37.3880779 ], [ 126.6624717, 37.3880749 ], [ 126.6624689, 37.3880721 ], [ 126.662466, 37.388069 ], [ 126.6624631, 37.3880658 ], [ 126.6624605, 37.3880633 ], [ 126.6624577, 37.3880603 ], [ 126.6624549, 37.3880573 ], [ 126.6624524, 37.3880547 ], [ 126.6624496, 37.3880517 ], [ 126.6624468, 37.3880489 ], [ 126.662444, 37.388046 ], [ 126.662441, 37.388043 ], [ 126.6624383, 37.3880402 ], [ 126.6624353, 37.3880374 ], [ 126.6624325, 37.3880345 ], [ 126.6624296, 37.3880315 ], [ 126.6624269, 37.3880289 ], [ 126.6624238, 37.3880259 ], [ 126.6624211, 37.3880231 ], [ 126.6624181, 37.3880202 ], [ 126.6624152, 37.3880171 ], [ 126.6624124, 37.3880141 ], [ 126.6624098, 37.3880113 ], [ 126.662407, 37.3880084 ], [ 126.6624041, 37.3880051 ], [ 126.6624024, 37.3880032 ], [ 126.6624011, 37.3880017 ], [ 126.6623996, 37.3880003 ], [ 126.6623981, 37.3879989 ], [ 126.6623967, 37.3879974 ], [ 126.662395, 37.387996 ], [ 126.6623936, 37.3879946 ], [ 126.6623921, 37.3879933 ], [ 126.6623907, 37.3879918 ], [ 126.6623893, 37.3879905 ], [ 126.6623881, 37.3879892 ], [ 126.6623864, 37.3879878 ], [ 126.6623846, 37.3879867 ] ] } },
{ "type": "Feature", "properties": { "Vehicle_ID": 123, "Vehicle_Class": 0, "Num_Points": 150, "Start_Time": "2022-10-07 17:52:13.500", "End_Time": "2022-10-07 17:52:18.471", "Start_Frame": 0, "End_Frame": 149, "Mean_Speed": 1.7, "Max_Speed": 3.1, "Vehicle_Length": 4.22, "Vehicle_Width": 1.98 }, "geometry": { "type": "LineString", "coordinates": [ [ 126.6636097, 37.388972 ], [ 126.6636095, 37.3889719 ], [ 126.6636093, 37.3889718 ], [ 126.6636093, 37.3889719 ], [ 126.6636093, 37.3889719 ], [ 126.6636091, 37.3889719 ], [ 126.6636091, 37.3889719 ], [ 126.663609, 37.3889719 ], [ 126.6636089, 37.3889717 ], [ 126.6636089, 37.3889716 ], [ 126.6636088, 37.3889717 ], [ 126.6636087, 37.3889716 ], [ 126.6636086, 37.3889716 ], [ 126.6636086, 37.3889716 ], [ 126.6636085, 37.3889715 ], [ 126.6636086, 37.3889715 ], [ 126.6636087, 37.3889716 ], [ 126.6636085, 37.3889714 ], [ 126.6636086, 37.3889715 ], [ 126.6636085, 37.3889714 ], [ 126.6636085, 37.3889714 ], [ 126.6636084, 37.3889713 ], [ 126.6636084, 37.3889713 ], [ 126.6636084, 37.3889713 ], [ 126.6636084, 37.3889713 ], [ 126.6636085, 37.3889713 ], [ 126.6636084, 37.3889713 ], [ 126.6636084, 37.3889713 ], [ 126.6636085, 37.3889713 ], [ 126.6636085, 37.3889713 ], [ 126.6636087, 37.3889714 ], [ 126.6636086, 37.3889714 ], [ 126.6636087, 37.3889714 ], [ 126.6636085, 37.3889713 ], [ 126.6636084, 37.3889713 ], [ 126.6636085, 37.3889714 ], [ 126.6636086, 37.3889714 ], [ 126.6636086, 37.3889715 ], [ 126.6636085, 37.3889714 ], [ 126.6636084, 37.3889714 ], [ 126.6636085, 37.3889716 ], [ 126.6636089, 37.3889714 ], [ 126.6636086, 37.3889709 ], [ 126.6636092, 37.3889713 ], [ 126.6636092, 37.3889714 ], [ 126.6636093, 37.3889714 ], [ 126.6636094, 37.3889715 ], [ 126.6636093, 37.3889714 ], [ 126.6636089, 37.3889714 ], [ 126.6636089, 37.388971 ], [ 126.663609, 37.3889714 ], [ 126.6636091, 37.3889717 ], [ 126.6636095, 37.3889715 ], [ 126.663609, 37.3889713 ], [ 126.6636089, 37.3889713 ], [ 126.6636092, 37.3889714 ], [ 126.6636084, 37.3889711 ], [ 126.6636091, 37.3889712 ], [ 126.6636089, 37.3889712 ], [ 126.6636089, 37.3889708 ], [ 126.6636084, 37.3889708 ], [ 126.6636087, 37.3889711 ], [ 126.6636083, 37.3889711 ], [ 126.6636087, 37.3889712 ], [ 126.663609, 37.3889712 ], [ 126.6636085, 37.3889708 ], [ 126.6636089, 37.3889713 ], [ 126.6636092, 37.3889716 ], [ 126.663609, 37.3889714 ], [ 126.663609, 37.3889714 ], [ 126.663609, 37.3889715 ], [ 126.6636089, 37.3889714 ], [ 126.6636088, 37.3889713 ], [ 126.6636088, 37.3889713 ], [ 126.6636088, 37.3889714 ], [ 126.6636088, 37.3889713 ], [ 126.6636088, 37.3889713 ], [ 126.6636088, 37.3889713 ], [ 126.6636088, 37.3889714 ], [ 126.663609, 37.3889715 ], [ 126.6636089, 37.3889715 ], [ 126.6636092, 37.3889716 ], [ 126.6636092, 37.3889716 ], [ 126.6636092, 37.3889716 ], [ 126.6636092, 37.3889716 ], [ 126.6636091, 37.3889716 ], [ 126.6636092, 37.3889716 ], [ 126.6636092, 37.3889716 ], [ 126.6636092, 37.3889716 ], [ 126.6636091, 37.3889716 ], [ 126.6636091, 37.3889716 ], [ 126.663609, 37.3889715 ], [ 126.6636089, 37.3889714 ], [ 126.6636089, 37.3889713 ], [ 126.6636091, 37.3889715 ], [ 126.6636091, 37.3889714 ], [ 126.6636091, 37.3889715 ], [ 126.6636089, 37.3889714 ], [ 126.6636089, 37.3889714 ], [ 126.6636089, 37.3889715 ], [ 126.663609, 37.3889715 ], [ 126.6636088, 37.3889713 ], [ 126.6636088, 37.3889713 ], [ 126.6636087, 37.3889711 ], [ 126.6636087, 37.388971 ], [ 126.6636088, 37.3889711 ], [ 126.6636089, 37.3889711 ], [ 126.6636089, 37.3889712 ], [ 126.6636088, 37.3889711 ], [ 126.6636091, 37.3889713 ], [ 126.6636088, 37.3889712 ], [ 126.6636089, 37.3889711 ], [ 126.6636089, 37.3889712 ], [ 126.6636088, 37.3889712 ], [ 126.6636092, 37.3889713 ], [ 126.663609, 37.3889712 ], [ 126.6636089, 37.388971 ], [ 126.6636088, 37.388971 ], [ 126.6636088, 37.388971 ], [ 126.6636089, 37.3889711 ], [ 126.663609, 37.3889712 ], [ 126.6636092, 37.3889713 ], [ 126.6636091, 37.3889713 ], [ 126.6636092, 37.3889713 ], [ 126.6636091, 37.3889713 ], [ 126.6636092, 37.3889714 ], [ 126.6636094, 37.3889715 ], [ 126.6636092, 37.3889714 ], [ 126.6636091, 37.3889713 ], [ 126.6636089, 37.3889712 ], [ 126.6636089, 37.3889711 ], [ 126.6636089, 37.3889711 ], [ 126.6636088, 37.3889711 ], [ 126.6636088, 37.3889712 ], [ 126.6636089, 37.3889712 ], [ 126.6636088, 37.3889713 ], [ 126.6636088, 37.3889714 ], [ 126.6636089, 37.3889714 ], [ 126.6636089, 37.3889715 ], [ 126.6636089, 37.3889716 ], [ 126.6636091, 37.3889718 ], [ 126.663609, 37.3889718 ], [ 126.6636091, 37.3889717 ], [ 126.6636089, 37.3889717 ], [ 126.6636091, 37.3889718 ], [ 126.6636091, 37.3889718 ], [ 126.6636093, 37.3889719 ], [ 126.6636092, 37.3889719 ], [ 126.6636094, 37.3889719 ], [ 126.6636094, 37.3889719 ] ] } },
{ "type": "Feature", "properties": { "Vehicle_ID": 124, "Vehicle_Class": 0, "Num_Points": 150, "Start_Time": "2022-10-07 17:52:13.500", "End_Time": "2022-10-07 17:52:18.471", "Start_Frame": 0, "End_Frame": 149, "Mean_Speed": null, "Max_Speed": null, "Vehicle_Length": null, "Vehicle_Width": null }, "geometry": { "type": "LineString", "coordinates": [ [ 126.6630655, 37.3899222 ], [ 126.6630655, 37.3899221 ], [ 126.6630653, 37.389922 ], [ 126.6630653, 37.389922 ], [ 126.6630653, 37.389922 ], [ 126.6630653, 37.3899221 ], [ 126.6630653, 37.3899222 ], [ 126.6630653, 37.3899223 ], [ 126.6630653, 37.3899221 ], [ 126.6630653, 37.3899223 ], [ 126.6630653, 37.3899222 ], [ 126.6630653, 37.3899221 ], [ 126.6630653, 37.3899222 ], [ 126.6630653, 37.3899222 ], [ 126.6630652, 37.3899222 ], [ 126.6630652, 37.3899222 ], [ 126.6630653, 37.3899223 ], [ 126.6630653, 37.3899222 ], [ 126.6630653, 37.3899224 ], [ 126.6630652, 37.3899222 ], [ 126.6630652, 37.3899221 ], [ 126.6630652, 37.3899221 ], [ 126.6630652, 37.3899221 ], [ 126.6630652, 37.389922 ], [ 126.6630652, 37.3899221 ], [ 126.6630653, 37.3899221 ], [ 126.6630653, 37.3899221 ], [ 126.6630653, 37.3899221 ], [ 126.6630652, 37.3899221 ], [ 126.6630652, 37.3899221 ], [ 126.6630653, 37.3899224 ], [ 126.6630652, 37.3899222 ], [ 126.6630652, 37.3899225 ], [ 126.6630651, 37.3899221 ], [ 126.6630651, 37.3899221 ], [ 126.6630651, 37.389922 ], [ 126.6630651, 37.389922 ], [ 126.6630651, 37.3899221 ], [ 126.6630651, 37.389922 ], [ 126.6630651, 37.389922 ], [ 126.6630652, 37.3899223 ], [ 126.6630657, 37.3899225 ], [ 126.663065, 37.3899222 ], [ 126.6630655, 37.3899221 ], [ 126.6630655, 37.3899223 ], [ 126.6630654, 37.3899222 ], [ 126.6630653, 37.3899215 ], [ 126.6630652, 37.3899224 ], [ 126.6630655, 37.3899223 ], [ 126.6630653, 37.3899219 ], [ 126.6630647, 37.3899211 ], [ 126.6630649, 37.3899218 ], [ 126.6630656, 37.3899224 ], [ 126.6630655, 37.3899224 ], [ 126.6630655, 37.3899221 ], [ 126.6630657, 37.3899228 ], [ 126.6630652, 37.3899231 ], [ 126.6630654, 37.3899219 ], [ 126.6630656, 37.3899222 ], [ 126.6630655, 37.3899217 ], [ 126.6630652, 37.3899219 ], [ 126.6630655, 37.3899224 ], [ 126.6630653, 37.3899222 ], [ 126.6630656, 37.3899225 ], [ 126.6630653, 37.3899223 ], [ 126.6630654, 37.3899222 ], [ 126.6630654, 37.3899224 ], [ 126.6630656, 37.3899227 ], [ 126.6630656, 37.3899225 ], [ 126.6630655, 37.3899224 ], [ 126.6630656, 37.3899225 ], [ 126.6630655, 37.3899223 ], [ 126.6630655, 37.3899223 ], [ 126.6630655, 37.3899225 ], [ 126.6630656, 37.3899225 ], [ 126.6630655, 37.3899225 ], [ 126.6630655, 37.3899223 ], [ 126.6630656, 37.3899224 ], [ 126.6630655, 37.3899223 ], [ 126.6630655, 37.3899224 ], [ 126.6630656, 37.3899225 ], [ 126.6630656, 37.3899224 ], [ 126.6630656, 37.3899224 ], [ 126.6630656, 37.3899225 ], [ 126.6630656, 37.3899226 ], [ 126.6630656, 37.3899224 ], [ 126.6630656, 37.3899224 ], [ 126.6630656, 37.3899226 ], [ 126.6630656, 37.3899225 ], [ 126.6630656, 37.3899225 ], [ 126.6630655, 37.3899225 ], [ 126.6630655, 37.3899224 ], [ 126.6630653, 37.3899222 ], [ 126.6630655, 37.389922 ], [ 126.6630655, 37.3899222 ], [ 126.6630655, 37.3899224 ], [ 126.6630655, 37.3899226 ], [ 126.6630655, 37.3899225 ], [ 126.6630655, 37.3899225 ], [ 126.6630657, 37.3899225 ], [ 126.6630657, 37.3899227 ], [ 126.6630655, 37.3899224 ], [ 126.6630656, 37.3899223 ], [ 126.6630655, 37.3899224 ], [ 126.6630654, 37.3899225 ], [ 126.6630653, 37.3899224 ], [ 126.6630655, 37.3899224 ], [ 126.6630655, 37.3899223 ], [ 126.6630656, 37.3899224 ], [ 126.6630655, 37.3899226 ], [ 126.6630655, 37.3899223 ], [ 126.6630657, 37.3899223 ], [ 126.6630658, 37.3899225 ], [ 126.6630656, 37.3899224 ], [ 126.6630656, 37.3899228 ], [ 126.6630657, 37.3899224 ], [ 126.6630656, 37.3899224 ], [ 126.6630656, 37.3899223 ], [ 126.6630655, 37.3899224 ], [ 126.6630655, 37.3899223 ], [ 126.6630654, 37.3899222 ], [ 126.6630657, 37.3899226 ], [ 126.6630656, 37.3899225 ], [ 126.6630657, 37.3899224 ], [ 126.6630655, 37.3899224 ], [ 126.6630653, 37.3899225 ], [ 126.6630655, 37.389923 ], [ 126.6630656, 37.3899228 ], [ 126.6630657, 37.3899227 ], [ 126.6630656, 37.3899228 ], [ 126.6630655, 37.3899227 ], [ 126.6630654, 37.3899226 ], [ 126.6630655, 37.3899227 ], [ 126.6630655, 37.3899227 ], [ 126.6630654, 37.3899226 ], [ 126.6630654, 37.3899225 ], [ 126.6630654, 37.3899225 ], [ 126.6630653, 37.3899225 ], [ 126.6630654, 37.3899226 ], [ 126.6630654, 37.3899226 ], [ 126.6630653, 37.3899231 ], [ 126.6630653, 37.3899227 ], [ 126.6630653, 37.3899226 ], [ 126.6630652, 37.3899224 ], [ 126.6630653, 37.3899225 ], [ 126.6630654, 37.3899224 ], [ 126.6630654, 37.3899224 ], [ 126.6630654, 37.3899224 ], [ 126.6630653, 37.3899225 ], [ 126.6630653, 37.3899224 ] ] } },
{ "type": "Feature", "properties": { "Vehicle_ID": 125, "Vehicle_Class": 1, "Num_Points": 150, "Start_Time": "2022-10-07 17:52:13.500", "End_Time": "2022-10-07 17:52:18.471", "Start_Frame": 0, "End_Frame": 149, "Mean_Speed": 2.0, "Max_Speed": 2.3, "Vehicle_Length": 13.02, "Vehicle_Width": 3.0 }, "geometry": { "type": "LineString", "coordinates": [ [ 126.6628498, 37.3883685 ], [ 126.6628498, 37.3883686 ], [ 126.6628496, 37.3883687 ], [ 126.6628492, 37.3883685 ], [ 126.662849, 37.3883684 ], [ 126.6628488, 37.3883683 ], [ 126.6628487, 37.3883683 ], [ 126.6628487, 37.3883683 ], [ 126.6628487, 37.3883683 ], [ 126.6628488, 37.3883683 ], [ 126.6628487, 37.3883684 ], [ 126.6628487, 37.3883686 ], [ 126.6628487, 37.3883686 ], [ 126.6628487, 37.3883686 ], [ 126.6628486, 37.3883687 ], [ 126.6628486, 37.3883687 ], [ 126.6628486, 37.3883688 ], [ 126.6628485, 37.3883687 ], [ 126.6628485, 37.3883687 ], [ 126.6628484, 37.3883687 ], [ 126.6628484, 37.3883688 ], [ 126.6628484, 37.3883688 ], [ 126.662849, 37.3883691 ], [ 126.6628491, 37.3883691 ], [ 126.6628492, 37.388369 ], [ 126.6628487, 37.3883688 ], [ 126.6628485, 37.3883687 ], [ 126.6628485, 37.3883687 ], [ 126.6628485, 37.3883686 ], [ 126.6628485, 37.3883686 ], [ 126.6628487, 37.3883687 ], [ 126.6628486, 37.3883684 ], [ 126.6628484, 37.3883681 ], [ 126.6628484, 37.3883682 ], [ 126.6628483, 37.3883682 ], [ 126.6628483, 37.3883681 ], [ 126.6628481, 37.3883679 ], [ 126.6628481, 37.388368 ], [ 126.662848, 37.3883679 ], [ 126.662848, 37.3883679 ], [ 126.662848, 37.388368 ], [ 126.6628484, 37.3883679 ], [ 126.6628486, 37.3883678 ], [ 126.662849, 37.3883681 ], [ 126.6628492, 37.3883682 ], [ 126.6628493, 37.3883684 ], [ 126.6628492, 37.3883684 ], [ 126.6628494, 37.3883684 ], [ 126.6628492, 37.3883683 ], [ 126.6628496, 37.3883686 ], [ 126.6628498, 37.3883686 ], [ 126.6628498, 37.3883687 ], [ 126.6628496, 37.3883682 ], [ 126.66285, 37.3883686 ], [ 126.6628501, 37.3883686 ], [ 126.6628501, 37.3883686 ], [ 126.6628496, 37.3883685 ], [ 126.6628495, 37.3883682 ], [ 126.6628499, 37.3883683 ], [ 126.6628497, 37.3883681 ], [ 126.6628495, 37.388368 ], [ 126.6628496, 37.388368 ], [ 126.6628495, 37.3883683 ], [ 126.6628496, 37.3883683 ], [ 126.6628498, 37.3883682 ], [ 126.6628498, 37.3883684 ], [ 126.6628499, 37.3883685 ], [ 126.66285, 37.3883687 ], [ 126.6628501, 37.3883688 ], [ 126.6628501, 37.3883687 ], [ 126.6628501, 37.3883688 ], [ 126.6628501, 37.3883687 ], [ 126.66285, 37.3883686 ], [ 126.66285, 37.3883686 ], [ 126.6628501, 37.3883687 ], [ 126.6628502, 37.3883687 ], [ 126.6628502, 37.3883687 ], [ 126.6628504, 37.3883689 ], [ 126.6628504, 37.388369 ], [ 126.6628505, 37.388369 ], [ 126.6628503, 37.3883689 ], [ 126.6628502, 37.3883688 ], [ 126.6628502, 37.3883689 ], [ 126.6628501, 37.388369 ], [ 126.6628499, 37.3883689 ], [ 126.6628497, 37.3883688 ], [ 126.6628495, 37.3883686 ], [ 126.6628494, 37.3883685 ], [ 126.6628491, 37.3883683 ], [ 126.662849, 37.3883682 ], [ 126.662849, 37.3883681 ], [ 126.662849, 37.3883681 ], [ 126.6628491, 37.3883681 ], [ 126.6628492, 37.3883681 ], [ 126.6628492, 37.3883681 ], [ 126.6628496, 37.3883685 ], [ 126.6628499, 37.3883689 ], [ 126.66285, 37.3883691 ], [ 126.6628496, 37.3883688 ], [ 126.6628493, 37.3883686 ], [ 126.6628493, 37.3883685 ], [ 126.6628492, 37.3883684 ], [ 126.6628491, 37.3883683 ], [ 126.662849, 37.3883683 ], [ 126.6628488, 37.3883682 ], [ 126.662849, 37.3883684 ], [ 126.6628489, 37.3883684 ], [ 126.6628487, 37.3883683 ], [ 126.662849, 37.3883683 ], [ 126.6628491, 37.3883684 ], [ 126.6628491, 37.3883683 ], [ 126.662849, 37.3883683 ], [ 126.6628489, 37.3883682 ], [ 126.6628489, 37.3883687 ], [ 126.662849, 37.3883686 ], [ 126.662849, 37.3883686 ], [ 126.6628493, 37.3883686 ], [ 126.6628495, 37.3883688 ], [ 126.6628498, 37.388369 ], [ 126.66285, 37.3883693 ], [ 126.6628501, 37.3883691 ], [ 126.6628498, 37.3883685 ], [ 126.6628497, 37.3883684 ], [ 126.6628498, 37.3883684 ], [ 126.6628499, 37.3883687 ], [ 126.66285, 37.3883688 ], [ 126.6628503, 37.3883691 ], [ 126.6628503, 37.3883692 ], [ 126.6628503, 37.3883691 ], [ 126.6628503, 37.3883692 ], [ 126.6628503, 37.3883692 ], [ 126.6628504, 37.3883693 ], [ 126.6628505, 37.3883695 ], [ 126.6628504, 37.3883695 ], [ 126.6628505, 37.3883696 ], [ 126.6628503, 37.3883695 ], [ 126.6628502, 37.3883694 ], [ 126.6628501, 37.3883693 ], [ 126.66285, 37.3883693 ], [ 126.6628497, 37.3883691 ], [ 126.6628497, 37.388369 ], [ 126.6628496, 37.388369 ], [ 126.6628496, 37.388369 ], [ 126.6628497, 37.3883691 ], [ 126.6628498, 37.3883691 ], [ 126.6628497, 37.3883692 ], [ 126.6628495, 37.3883691 ], [ 126.6628494, 37.388369 ], [ 126.6628492, 37.3883688 ], [ 126.6628491, 37.3883688 ] ] } },
{ "type": "Feature", "properties": { "Vehicle_ID": 126, "Vehicle_Class": 0, "Num_Points": 150, "Start_Time": "2022-10-07 17:52:13.500", "End_Time": "2022-10-07 17:52:18.471", "Start_Frame": 0, "End_Frame": 149, "Mean_Speed": 27.1, "Max_Speed": 32.4, "Vehicle_Length": 5.19, "Vehicle_Width": 2.31 }, "geometry": { "type": "LineString", "coordinates": [ [ 126.6624737, 37.3879366 ], [ 126.662474, 37.387937 ], [ 126.6624745, 37.3879373 ], [ 126.662475, 37.3879376 ], [ 126.6624754, 37.3879382 ], [ 126.6624757, 37.3879387 ], [ 126.6624761, 37.3879393 ], [ 126.6624764, 37.3879398 ], [ 126.6624771, 37.3879404 ], [ 126.6624779, 37.3879407 ], [ 126.6624782, 37.3879413 ], [ 126.6624786, 37.3879418 ], [ 126.6624792, 37.3879423 ], [ 126.6624797, 37.3879427 ], [ 126.6624801, 37.3879432 ], [ 126.6624806, 37.3879437 ], [ 126.6624812, 37.3879442 ], [ 126.6624816, 37.3879448 ], [ 126.6624822, 37.3879455 ], [ 126.6624828, 37.3879461 ], [ 126.662483, 37.3879466 ], [ 126.6624835, 37.3879471 ], [ 126.662484, 37.3879475 ], [ 126.6624847, 37.3879482 ], [ 126.6624854, 37.3879488 ], [ 126.662486, 37.3879494 ], [ 126.6624866, 37.3879503 ], [ 126.6624873, 37.3879512 ], [ 126.6624887, 37.3879531 ], [ 126.6624903, 37.3879546 ], [ 126.6624915, 37.3879561 ], [ 126.6624927, 37.3879574 ], [ 126.6624935, 37.3879582 ], [ 126.6624949, 37.3879598 ], [ 126.6624964, 37.3879612 ], [ 126.6624978, 37.3879626 ], [ 126.662499, 37.3879639 ], [ 126.6625001, 37.3879652 ], [ 126.6625013, 37.3879666 ], [ 126.6625025, 37.3879681 ], [ 126.6625037, 37.3879695 ], [ 126.6625052, 37.3879706 ], [ 126.6625068, 37.3879718 ], [ 126.6625085, 37.3879735 ], [ 126.6625098, 37.3879751 ], [ 126.6625114, 37.3879767 ], [ 126.6625124, 37.3879782 ], [ 126.6625142, 37.3879798 ], [ 126.6625151, 37.3879808 ], [ 126.6625169, 37.3879827 ], [ 126.6625183, 37.3879838 ], [ 126.66252, 37.3879858 ], [ 126.6625209, 37.387987 ], [ 126.6625229, 37.3879888 ], [ 126.6625241, 37.3879901 ], [ 126.6625255, 37.3879915 ], [ 126.6625269, 37.3879933 ], [ 126.6625282, 37.3879946 ], [ 126.6625303, 37.3879963 ], [ 126.6625316, 37.3879979 ], [ 126.6625333, 37.3879997 ], [ 126.662535, 37.3880016 ], [ 126.6625363, 37.3880033 ], [ 126.6625379, 37.388005 ], [ 126.6625399, 37.3880064 ], [ 126.6625415, 37.3880085 ], [ 126.6625428, 37.3880097 ], [ 126.6625446, 37.3880115 ], [ 126.6625468, 37.3880136 ], [ 126.6625483, 37.3880152 ], [ 126.6625498, 37.3880168 ], [ 126.6625513, 37.3880184 ], [ 126.6625529, 37.3880201 ], [ 126.6625544, 37.3880217 ], [ 126.6625558, 37.3880232 ], [ 126.6625571, 37.3880246 ], [ 126.6625585, 37.3880261 ], [ 126.6625601, 37.3880279 ], [ 126.6625613, 37.3880292 ], [ 126.6625633, 37.3880311 ], [ 126.6625651, 37.3880331 ], [ 126.6625669, 37.3880348 ], [ 126.6625687, 37.3880365 ], [ 126.6625711, 37.3880391 ], [ 126.6625727, 37.3880408 ], [ 126.6625746, 37.3880428 ], [ 126.6625763, 37.3880447 ], [ 126.6625782, 37.3880467 ], [ 126.6625799, 37.3880485 ], [ 126.6625818, 37.3880506 ], [ 126.6625838, 37.3880526 ], [ 126.6625855, 37.3880544 ], [ 126.6625873, 37.3880561 ], [ 126.662589, 37.3880579 ], [ 126.6625907, 37.3880597 ], [ 126.6625921, 37.3880613 ], [ 126.6625934, 37.3880627 ], [ 126.662595, 37.3880645 ], [ 126.6625968, 37.3880663 ], [ 126.6625985, 37.388068 ], [ 126.6626003, 37.3880698 ], [ 126.6626022, 37.3880718 ], [ 126.6626039, 37.3880738 ], [ 126.6626057, 37.3880756 ], [ 126.6626074, 37.3880773 ], [ 126.6626096, 37.3880795 ], [ 126.6626113, 37.3880814 ], [ 126.6626131, 37.3880831 ], [ 126.662615, 37.388085 ], [ 126.6626168, 37.3880869 ], [ 126.6626187, 37.3880888 ], [ 126.6626207, 37.388091 ], [ 126.6626226, 37.388093 ], [ 126.6626246, 37.3880948 ], [ 126.6626266, 37.3880968 ], [ 126.6626285, 37.3880987 ], [ 126.6626303, 37.3881007 ], [ 126.6626324, 37.3881027 ], [ 126.6626345, 37.3881048 ], [ 126.6626362, 37.3881069 ], [ 126.6626381, 37.3881088 ], [ 126.66264, 37.3881107 ], [ 126.6626417, 37.3881127 ], [ 126.6626435, 37.3881145 ], [ 126.6626455, 37.3881167 ], [ 126.6626474, 37.3881188 ], [ 126.6626495, 37.3881209 ], [ 126.6626515, 37.3881231 ], [ 126.6626535, 37.3881254 ], [ 126.6626557, 37.3881277 ], [ 126.6626577, 37.3881298 ], [ 126.6626596, 37.3881318 ], [ 126.6626615, 37.3881338 ], [ 126.6626637, 37.388136 ], [ 126.6626658, 37.3881382 ], [ 126.6626679, 37.3881403 ], [ 126.6626702, 37.3881426 ], [ 126.6626721, 37.3881444 ], [ 126.6626742, 37.3881462 ], [ 126.662676, 37.3881481 ], [ 126.6626782, 37.38815 ], [ 126.6626803, 37.3881521 ], [ 126.6626828, 37.3881546 ], [ 126.6626851, 37.3881569 ], [ 126.6626875, 37.3881591 ], [ 126.6626898, 37.3881615 ], [ 126.6626919, 37.3881637 ], [ 126.662694, 37.3881659 ], [ 126.6626961, 37.388168 ], [ 126.662698, 37.38817 ] ] } },
{ "type": "Feature", "properties": { "Vehicle_ID": 127, "Vehicle_Class": 0, "Num_Points": 132, "Start_Time": "2022-10-07 17:52:13.500", "End_Time": "2022-10-07 17:52:17.870", "Start_Frame": 0, "End_Frame": 131, "Mean_Speed": 36.6, "Max_Speed": 37.0, "Vehicle_Length": 4.19, "Vehicle_Width": 2.08 }, "geometry": { "type": "LineString", "coordinates": [ [ 126.6637731, 37.3890844 ], [ 126.6637748, 37.3890863 ], [ 126.6637769, 37.3890885 ], [ 126.6637791, 37.3890913 ], [ 126.6637814, 37.3890939 ], [ 126.6637841, 37.3890968 ], [ 126.6637866, 37.3890995 ], [ 126.6637889, 37.3891018 ], [ 126.6637907, 37.389104 ], [ 126.6637926, 37.3891061 ], [ 126.6637949, 37.3891088 ], [ 126.663797, 37.389111 ], [ 126.6637992, 37.3891135 ], [ 126.6638015, 37.3891161 ], [ 126.6638035, 37.3891185 ], [ 126.6638059, 37.3891212 ], [ 126.6638087, 37.3891242 ], [ 126.663811, 37.3891265 ], [ 126.6638136, 37.3891292 ], [ 126.6638156, 37.3891315 ], [ 126.6638179, 37.389134 ], [ 126.6638205, 37.3891367 ], [ 126.6638228, 37.3891391 ], [ 126.6638253, 37.3891417 ], [ 126.6638275, 37.3891441 ], [ 126.6638296, 37.3891464 ], [ 126.6638321, 37.389149 ], [ 126.6638343, 37.3891514 ], [ 126.6638368, 37.3891543 ], [ 126.6638391, 37.3891568 ], [ 126.6638415, 37.3891592 ], [ 126.6638434, 37.3891613 ], [ 126.6638456, 37.3891635 ], [ 126.6638478, 37.389166 ], [ 126.6638501, 37.3891686 ], [ 126.6638521, 37.3891709 ], [ 126.6638542, 37.3891733 ], [ 126.6638565, 37.3891758 ], [ 126.6638587, 37.3891782 ], [ 126.6638612, 37.389181 ], [ 126.6638633, 37.3891834 ], [ 126.6638663, 37.3891859 ], [ 126.6638681, 37.3891878 ], [ 126.6638712, 37.3891907 ], [ 126.6638736, 37.3891934 ], [ 126.6638759, 37.3891959 ], [ 126.6638784, 37.3891985 ], [ 126.6638809, 37.3892011 ], [ 126.6638824, 37.3892032 ], [ 126.6638859, 37.3892065 ], [ 126.6638889, 37.3892101 ], [ 126.6638915, 37.3892127 ], [ 126.663894, 37.3892145 ], [ 126.6638951, 37.389216 ], [ 126.663897, 37.3892179 ], [ 126.6638989, 37.38922 ], [ 126.6639005, 37.3892223 ], [ 126.6639042, 37.3892256 ], [ 126.663906, 37.3892278 ], [ 126.6639079, 37.3892294 ], [ 126.6639095, 37.389232 ], [ 126.6639123, 37.3892351 ], [ 126.6639141, 37.3892371 ], [ 126.6639162, 37.3892391 ], [ 126.6639185, 37.3892408 ], [ 126.66392, 37.3892422 ], [ 126.6639229, 37.3892453 ], [ 126.6639259, 37.3892486 ], [ 126.6639284, 37.3892512 ], [ 126.6639308, 37.3892539 ], [ 126.6639331, 37.3892564 ], [ 126.6639354, 37.3892588 ], [ 126.6639375, 37.3892611 ], [ 126.6639398, 37.3892637 ], [ 126.6639421, 37.389266 ], [ 126.663944, 37.3892681 ], [ 126.6639468, 37.3892707 ], [ 126.6639494, 37.3892732 ], [ 126.6639517, 37.3892759 ], [ 126.6639541, 37.3892783 ], [ 126.6639561, 37.3892804 ], [ 126.6639585, 37.3892827 ], [ 126.6639608, 37.3892851 ], [ 126.6639627, 37.389287 ], [ 126.6639649, 37.3892893 ], [ 126.6639671, 37.3892918 ], [ 126.6639694, 37.3892944 ], [ 126.6639719, 37.3892972 ], [ 126.6639742, 37.3892997 ], [ 126.6639765, 37.3893021 ], [ 126.6639786, 37.3893044 ], [ 126.6639808, 37.3893066 ], [ 126.6639832, 37.3893092 ], [ 126.6639857, 37.3893117 ], [ 126.6639881, 37.3893141 ], [ 126.6639903, 37.3893164 ], [ 126.6639927, 37.3893189 ], [ 126.663995, 37.3893215 ], [ 126.6639974, 37.3893241 ], [ 126.6639995, 37.3893261 ], [ 126.6640025, 37.3893291 ], [ 126.6640048, 37.3893314 ], [ 126.6640072, 37.3893339 ], [ 126.6640095, 37.3893361 ], [ 126.6640117, 37.3893382 ], [ 126.6640137, 37.3893405 ], [ 126.6640158, 37.3893425 ], [ 126.6640178, 37.3893449 ], [ 126.6640203, 37.3893478 ], [ 126.6640228, 37.3893504 ], [ 126.6640243, 37.3893522 ], [ 126.6640267, 37.3893547 ], [ 126.6640292, 37.3893573 ], [ 126.6640315, 37.38936 ], [ 126.6640344, 37.3893626 ], [ 126.6640364, 37.3893647 ], [ 126.6640394, 37.3893677 ], [ 126.6640415, 37.3893701 ], [ 126.6640441, 37.3893727 ], [ 126.6640476, 37.3893763 ], [ 126.6640493, 37.389378 ], [ 126.664051, 37.3893793 ], [ 126.664052, 37.3893801 ], [ 126.6640533, 37.3893812 ], [ 126.6640549, 37.3893824 ], [ 126.6640561, 37.3893838 ], [ 126.6640573, 37.389385 ], [ 126.664058, 37.3893861 ], [ 126.6640588, 37.3893871 ], [ 126.6640595, 37.3893883 ], [ 126.6640596, 37.3893896 ], [ 126.6640601, 37.3893911 ] ] } },
{ "type": "Feature", "properties": { "Vehicle_ID": 128, "Vehicle_Class": 0, "Num_Points": 150, "Start_Time": "2022-10-07 17:52:13.500", "End_Time": "2022-10-07 17:52:18.471", "Start_Frame": 0, "End_Frame": 149, "Mean_Speed": 41.5, "Max_Speed": 50.7, "Vehicle_Length": 5.2, "Vehicle_Width": 2.34 }, "geometry": { "type": "LineString", "coordinates": [ [ 126.6629363, 37.3883745 ], [ 126.6629386, 37.3883769 ], [ 126.6629407, 37.3883794 ], [ 126.6629429, 37.3883817 ], [ 126.6629453, 37.3883844 ], [ 126.6629478, 37.388387 ], [ 126.6629497, 37.388389 ], [ 126.6629514, 37.3883909 ], [ 126.6629531, 37.3883927 ], [ 126.6629553, 37.3883942 ], [ 126.6629574, 37.3883965 ], [ 126.6629597, 37.3883989 ], [ 126.6629622, 37.3884014 ], [ 126.6629643, 37.3884035 ], [ 126.6629664, 37.3884052 ], [ 126.6629686, 37.3884071 ], [ 126.6629705, 37.3884091 ], [ 126.662972, 37.3884108 ], [ 126.6629733, 37.3884122 ], [ 126.662975, 37.388414 ], [ 126.6629769, 37.3884161 ], [ 126.6629791, 37.3884185 ], [ 126.6629816, 37.3884209 ], [ 126.6629837, 37.3884231 ], [ 126.6629862, 37.3884256 ], [ 126.6629886, 37.3884278 ], [ 126.6629903, 37.3884293 ], [ 126.6629925, 37.3884316 ], [ 126.6629947, 37.388434 ], [ 126.662997, 37.3884361 ], [ 126.6629991, 37.3884386 ], [ 126.6630012, 37.3884411 ], [ 126.6630033, 37.3884433 ], [ 126.6630053, 37.3884453 ], [ 126.6630069, 37.3884469 ], [ 126.6630084, 37.3884483 ], [ 126.6630099, 37.38845 ], [ 126.6630125, 37.3884528 ], [ 126.663015, 37.3884556 ], [ 126.6630176, 37.3884584 ], [ 126.6630201, 37.3884613 ], [ 126.6630232, 37.3884642 ], [ 126.663026, 37.3884667 ], [ 126.6630289, 37.3884699 ], [ 126.6630309, 37.3884721 ], [ 126.6630329, 37.3884739 ], [ 126.6630348, 37.3884759 ], [ 126.6630373, 37.3884781 ], [ 126.6630393, 37.3884803 ], [ 126.6630418, 37.3884828 ], [ 126.6630443, 37.3884852 ], [ 126.6630467, 37.388488 ], [ 126.6630495, 37.3884908 ], [ 126.6630519, 37.3884932 ], [ 126.6630545, 37.3884957 ], [ 126.663057, 37.3884983 ], [ 126.663059, 37.3885009 ], [ 126.663062, 37.3885039 ], [ 126.6630645, 37.3885063 ], [ 126.6630666, 37.3885084 ], [ 126.6630687, 37.3885108 ], [ 126.6630714, 37.3885133 ], [ 126.6630736, 37.3885159 ], [ 126.663076, 37.3885182 ], [ 126.6630786, 37.3885207 ], [ 126.6630809, 37.3885233 ], [ 126.6630835, 37.3885259 ], [ 126.6630862, 37.3885287 ], [ 126.6630887, 37.3885312 ], [ 126.6630911, 37.3885338 ], [ 126.6630937, 37.3885366 ], [ 126.6630965, 37.3885394 ], [ 126.6630991, 37.3885421 ], [ 126.6631018, 37.3885449 ], [ 126.6631045, 37.3885477 ], [ 126.6631072, 37.3885504 ], [ 126.6631099, 37.3885532 ], [ 126.6631126, 37.3885561 ], [ 126.6631151, 37.3885589 ], [ 126.6631181, 37.3885619 ], [ 126.6631208, 37.3885647 ], [ 126.6631236, 37.3885675 ], [ 126.6631262, 37.3885702 ], [ 126.663129, 37.3885732 ], [ 126.6631317, 37.3885759 ], [ 126.6631345, 37.3885789 ], [ 126.6631373, 37.3885819 ], [ 126.6631399, 37.3885847 ], [ 126.6631429, 37.3885876 ], [ 126.6631458, 37.3885905 ], [ 126.6631488, 37.3885936 ], [ 126.6631516, 37.3885964 ], [ 126.6631544, 37.3885992 ], [ 126.6631574, 37.3886023 ], [ 126.6631605, 37.3886054 ], [ 126.6631634, 37.3886083 ], [ 126.6631663, 37.3886113 ], [ 126.6631692, 37.3886141 ], [ 126.6631723, 37.3886173 ], [ 126.6631753, 37.3886202 ], [ 126.6631783, 37.3886234 ], [ 126.6631812, 37.3886262 ], [ 126.6631842, 37.3886292 ], [ 126.6631872, 37.3886321 ], [ 126.66319, 37.3886351 ], [ 126.6631932, 37.3886383 ], [ 126.6631963, 37.3886414 ], [ 126.6631993, 37.3886445 ], [ 126.6632022, 37.3886475 ], [ 126.6632054, 37.3886508 ], [ 126.6632085, 37.3886538 ], [ 126.6632116, 37.388657 ], [ 126.6632146, 37.3886601 ], [ 126.6632176, 37.3886632 ], [ 126.6632209, 37.3886664 ], [ 126.6632239, 37.3886695 ], [ 126.6632268, 37.3886727 ], [ 126.6632298, 37.388676 ], [ 126.663233, 37.3886792 ], [ 126.6632361, 37.3886825 ], [ 126.6632392, 37.3886856 ], [ 126.6632424, 37.3886888 ], [ 126.6632455, 37.388692 ], [ 126.6632486, 37.3886951 ], [ 126.6632517, 37.3886984 ], [ 126.6632548, 37.3887015 ], [ 126.6632582, 37.3887048 ], [ 126.6632613, 37.3887081 ], [ 126.6632643, 37.3887113 ], [ 126.6632673, 37.3887145 ], [ 126.6632705, 37.3887177 ], [ 126.6632737, 37.388721 ], [ 126.6632768, 37.3887243 ], [ 126.66328, 37.3887275 ], [ 126.6632833, 37.3887309 ], [ 126.6632865, 37.3887342 ], [ 126.6632898, 37.3887376 ], [ 126.6632932, 37.388741 ], [ 126.6632965, 37.3887443 ], [ 126.6632997, 37.3887476 ], [ 126.6633032, 37.3887511 ], [ 126.6633065, 37.3887544 ], [ 126.6633098, 37.3887578 ], [ 126.663313, 37.3887611 ], [ 126.6633162, 37.3887646 ], [ 126.6633196, 37.388768 ], [ 126.6633229, 37.3887714 ], [ 126.6633263, 37.3887747 ], [ 126.6633297, 37.3887781 ], [ 126.663333, 37.3887815 ] ] } },
{ "type": "Feature", "properties": { "Vehicle_ID": 129, "Vehicle_Class": 2, "Num_Points": 150, "Start_Time": "2022-10-07 17:52:13.500", "End_Time": "2022-10-07 17:52:18.471", "Start_Frame": 0, "End_Frame": 149, "Mean_Speed": 43.1, "Max_Speed": 47.0, "Vehicle_Length": 5.27, "Vehicle_Width": 2.2 }, "geometry": { "type": "LineString", "coordinates": [ [ 126.6629802, 37.3882525 ], [ 126.6629821, 37.3882544 ], [ 126.6629844, 37.3882567 ], [ 126.6629871, 37.3882595 ], [ 126.6629898, 37.3882621 ], [ 126.6629923, 37.3882646 ], [ 126.6629948, 37.388267 ], [ 126.6629973, 37.3882696 ], [ 126.6629995, 37.3882717 ], [ 126.6630021, 37.3882743 ], [ 126.6630045, 37.3882769 ], [ 126.6630069, 37.3882793 ], [ 126.6630093, 37.3882819 ], [ 126.6630117, 37.3882843 ], [ 126.6630143, 37.3882866 ], [ 126.6630169, 37.388289 ], [ 126.6630195, 37.3882915 ], [ 126.6630219, 37.388294 ], [ 126.6630245, 37.3882963 ], [ 126.663027, 37.3882989 ], [ 126.6630296, 37.3883012 ], [ 126.6630321, 37.3883036 ], [ 126.6630345, 37.3883058 ], [ 126.6630368, 37.388308 ], [ 126.6630394, 37.3883104 ], [ 126.6630426, 37.3883135 ], [ 126.6630453, 37.3883161 ], [ 126.6630479, 37.3883186 ], [ 126.6630503, 37.3883208 ], [ 126.6630531, 37.3883234 ], [ 126.6630558, 37.3883261 ], [ 126.6630583, 37.3883285 ], [ 126.6630608, 37.3883306 ], [ 126.6630633, 37.3883331 ], [ 126.663066, 37.3883356 ], [ 126.6630689, 37.3883381 ], [ 126.6630716, 37.3883406 ], [ 126.6630747, 37.3883433 ], [ 126.6630772, 37.3883459 ], [ 126.6630796, 37.3883482 ], [ 126.6630823, 37.3883508 ], [ 126.6630854, 37.3883534 ], [ 126.6630884, 37.388356 ], [ 126.6630917, 37.3883591 ], [ 126.6630944, 37.3883615 ], [ 126.6630972, 37.3883637 ], [ 126.6630996, 37.388366 ], [ 126.6631028, 37.3883686 ], [ 126.6631054, 37.388371 ], [ 126.6631086, 37.3883739 ], [ 126.6631123, 37.3883773 ], [ 126.6631147, 37.3883802 ], [ 126.6631169, 37.3883821 ], [ 126.6631196, 37.3883845 ], [ 126.6631224, 37.3883871 ], [ 126.6631257, 37.3883902 ], [ 126.663128, 37.3883928 ], [ 126.6631312, 37.3883953 ], [ 126.6631352, 37.3883986 ], [ 126.6631374, 37.3884006 ], [ 126.6631393, 37.388403 ], [ 126.663142, 37.3884055 ], [ 126.6631444, 37.3884083 ], [ 126.6631477, 37.3884112 ], [ 126.6631513, 37.3884141 ], [ 126.663154, 37.3884169 ], [ 126.6631568, 37.3884194 ], [ 126.6631597, 37.3884218 ], [ 126.6631627, 37.3884247 ], [ 126.6631659, 37.3884277 ], [ 126.6631689, 37.3884306 ], [ 126.6631718, 37.3884335 ], [ 126.6631746, 37.3884361 ], [ 126.6631774, 37.3884388 ], [ 126.6631805, 37.3884417 ], [ 126.6631834, 37.3884445 ], [ 126.6631865, 37.3884472 ], [ 126.6631894, 37.3884499 ], [ 126.6631925, 37.3884527 ], [ 126.6631956, 37.3884556 ], [ 126.6631984, 37.3884585 ], [ 126.6632016, 37.3884613 ], [ 126.6632047, 37.388464 ], [ 126.6632079, 37.3884671 ], [ 126.6632111, 37.38847 ], [ 126.6632141, 37.3884729 ], [ 126.663217, 37.3884758 ], [ 126.66322, 37.3884786 ], [ 126.6632231, 37.3884816 ], [ 126.6632261, 37.3884847 ], [ 126.6632292, 37.3884877 ], [ 126.6632323, 37.3884905 ], [ 126.6632354, 37.3884935 ], [ 126.6632386, 37.3884965 ], [ 126.6632417, 37.3884994 ], [ 126.6632448, 37.3885023 ], [ 126.6632479, 37.3885053 ], [ 126.6632508, 37.3885083 ], [ 126.6632538, 37.3885112 ], [ 126.6632567, 37.388514 ], [ 126.6632598, 37.388517 ], [ 126.6632627, 37.3885199 ], [ 126.6632658, 37.3885229 ], [ 126.6632689, 37.3885258 ], [ 126.6632718, 37.3885287 ], [ 126.663275, 37.3885318 ], [ 126.663278, 37.3885348 ], [ 126.663281, 37.3885379 ], [ 126.663284, 37.3885411 ], [ 126.6632868, 37.3885438 ], [ 126.6632892, 37.3885465 ], [ 126.663292, 37.3885495 ], [ 126.6632952, 37.388553 ], [ 126.6632987, 37.3885565 ], [ 126.663302, 37.3885594 ], [ 126.6633049, 37.3885623 ], [ 126.6633081, 37.3885653 ], [ 126.663311, 37.3885683 ], [ 126.6633141, 37.3885713 ], [ 126.6633167, 37.3885739 ], [ 126.6633197, 37.3885766 ], [ 126.6633224, 37.3885792 ], [ 126.6633251, 37.388582 ], [ 126.6633286, 37.3885854 ], [ 126.6633319, 37.3885888 ], [ 126.6633351, 37.388592 ], [ 126.663338, 37.3885949 ], [ 126.6633408, 37.3885977 ], [ 126.6633438, 37.3886006 ], [ 126.6633467, 37.3886037 ], [ 126.6633499, 37.3886068 ], [ 126.6633528, 37.3886098 ], [ 126.6633553, 37.3886122 ], [ 126.6633583, 37.3886154 ], [ 126.6633615, 37.3886188 ], [ 126.6633646, 37.3886221 ], [ 126.6633676, 37.3886252 ], [ 126.6633707, 37.3886283 ], [ 126.6633737, 37.3886314 ], [ 126.6633767, 37.3886346 ], [ 126.6633799, 37.3886378 ], [ 126.6633829, 37.388641 ], [ 126.663386, 37.3886441 ], [ 126.6633889, 37.3886472 ], [ 126.663392, 37.3886502 ], [ 126.663395, 37.3886532 ], [ 126.6633982, 37.3886562 ], [ 126.6634011, 37.3886592 ], [ 126.6634043, 37.3886623 ], [ 126.6634075, 37.3886656 ] ] } },
{ "type": "Feature", "properties": { "Vehicle_ID": 130, "Vehicle_Class": 0, "Num_Points": 150, "Start_Time": "2022-10-07 17:52:13.500", "End_Time": "2022-10-07 17:52:18.471", "Start_Frame": 0, "End_Frame": 149, "Mean_Speed": 1.1, "Max_Speed": 1.5, "Vehicle_Length": 4.37, "Vehicle_Width": 1.97 }, "geometry": { "type": "LineString", "coordinates": [ [ 126.6626719, 37.3888693 ], [ 126.6626718, 37.3888694 ], [ 126.6626716, 37.3888694 ], [ 126.6626714, 37.3888695 ], [ 126.6626714, 37.3888696 ], [ 126.6626712, 37.3888698 ], [ 126.662671, 37.3888699 ], [ 126.6626709, 37.38887 ], [ 126.6626707, 37.38887 ], [ 126.6626707, 37.3888701 ], [ 126.6626705, 37.3888702 ], [ 126.6626704, 37.3888703 ], [ 126.6626703, 37.3888704 ], [ 126.6626703, 37.3888705 ], [ 126.6626702, 37.3888705 ], [ 126.6626702, 37.3888706 ], [ 126.6626702, 37.3888707 ], [ 126.6626702, 37.3888706 ], [ 126.6626701, 37.3888707 ], [ 126.66267, 37.3888707 ], [ 126.6626699, 37.3888707 ], [ 126.6626699, 37.3888706 ], [ 126.6626698, 37.3888706 ], [ 126.6626698, 37.3888706 ], [ 126.6626697, 37.3888706 ], [ 126.6626697, 37.3888706 ], [ 126.6626698, 37.3888705 ], [ 126.6626699, 37.3888704 ], [ 126.66267, 37.3888704 ], [ 126.6626701, 37.3888703 ], [ 126.6626702, 37.3888703 ], [ 126.6626702, 37.3888702 ], [ 126.66267, 37.3888702 ], [ 126.6626701, 37.3888702 ], [ 126.6626701, 37.3888702 ], [ 126.6626701, 37.3888702 ], [ 126.6626702, 37.3888702 ], [ 126.6626703, 37.3888702 ], [ 126.6626703, 37.3888702 ], [ 126.6626704, 37.3888701 ], [ 126.6626704, 37.3888702 ], [ 126.6626709, 37.3888699 ], [ 126.6626708, 37.38887 ], [ 126.6626711, 37.3888699 ], [ 126.6626711, 37.3888699 ], [ 126.6626711, 37.3888699 ], [ 126.662671, 37.3888699 ], [ 126.662671, 37.38887 ], [ 126.6626709, 37.38887 ], [ 126.6626711, 37.3888699 ], [ 126.662671, 37.3888699 ], [ 126.6626711, 37.3888696 ], [ 126.6626712, 37.3888697 ], [ 126.6626714, 37.3888696 ], [ 126.6626714, 37.3888696 ], [ 126.6626715, 37.3888697 ], [ 126.6626711, 37.3888695 ], [ 126.6626712, 37.3888695 ], [ 126.6626716, 37.3888695 ], [ 126.6626715, 37.3888694 ], [ 126.6626715, 37.3888696 ], [ 126.6626717, 37.3888694 ], [ 126.6626716, 37.3888694 ], [ 126.6626717, 37.3888695 ], [ 126.6626716, 37.3888697 ], [ 126.6626716, 37.3888693 ], [ 126.6626716, 37.3888694 ], [ 126.6626716, 37.3888696 ], [ 126.6626716, 37.3888695 ], [ 126.6626715, 37.3888695 ], [ 126.6626716, 37.3888695 ], [ 126.6626717, 37.3888694 ], [ 126.6626717, 37.3888694 ], [ 126.6626717, 37.3888694 ], [ 126.6626718, 37.3888694 ], [ 126.6626718, 37.3888694 ], [ 126.6626718, 37.3888694 ], [ 126.6626718, 37.3888694 ], [ 126.6626717, 37.3888694 ], [ 126.6626717, 37.3888695 ], [ 126.6626716, 37.3888695 ], [ 126.6626717, 37.3888695 ], [ 126.6626717, 37.3888695 ], [ 126.6626717, 37.3888695 ], [ 126.6626717, 37.3888695 ], [ 126.6626717, 37.3888694 ], [ 126.6626717, 37.3888694 ], [ 126.6626716, 37.3888694 ], [ 126.6626716, 37.3888694 ], [ 126.6626717, 37.3888694 ], [ 126.6626717, 37.3888695 ], [ 126.6626717, 37.3888695 ], [ 126.6626716, 37.3888694 ], [ 126.6626717, 37.3888694 ], [ 126.6626716, 37.3888695 ], [ 126.6626716, 37.3888695 ], [ 126.6626716, 37.3888696 ], [ 126.6626716, 37.3888695 ], [ 126.6626716, 37.3888695 ], [ 126.6626716, 37.3888695 ], [ 126.6626716, 37.3888696 ], [ 126.6626717, 37.3888695 ], [ 126.6626717, 37.3888695 ], [ 126.6626717, 37.3888695 ], [ 126.6626715, 37.3888694 ], [ 126.6626717, 37.3888694 ], [ 126.6626718, 37.3888694 ], [ 126.6626718, 37.3888695 ], [ 126.6626717, 37.3888694 ], [ 126.6626717, 37.3888696 ], [ 126.6626717, 37.3888695 ], [ 126.6626717, 37.3888695 ], [ 126.6626718, 37.3888695 ], [ 126.6626716, 37.3888696 ], [ 126.6626716, 37.3888697 ], [ 126.6626716, 37.3888696 ], [ 126.6626716, 37.3888696 ], [ 126.6626716, 37.3888696 ], [ 126.6626716, 37.3888695 ], [ 126.6626715, 37.3888695 ], [ 126.6626715, 37.3888695 ], [ 126.6626716, 37.3888695 ], [ 126.6626716, 37.3888695 ], [ 126.6626717, 37.3888694 ], [ 126.6626717, 37.3888694 ], [ 126.6626717, 37.3888694 ], [ 126.6626717, 37.3888696 ], [ 126.6626717, 37.3888695 ], [ 126.6626717, 37.3888694 ], [ 126.6626717, 37.3888694 ], [ 126.6626717, 37.3888694 ], [ 126.6626717, 37.3888694 ], [ 126.6626717, 37.3888694 ], [ 126.6626717, 37.3888694 ], [ 126.6626718, 37.3888694 ], [ 126.6626717, 37.3888694 ], [ 126.6626717, 37.3888694 ], [ 126.6626717, 37.3888694 ], [ 126.6626717, 37.3888694 ], [ 126.6626718, 37.3888694 ], [ 126.6626717, 37.3888696 ], [ 126.6626717, 37.3888696 ], [ 126.6626716, 37.3888695 ], [ 126.6626716, 37.3888695 ], [ 126.6626716, 37.3888696 ], [ 126.6626715, 37.3888696 ], [ 126.6626715, 37.3888696 ], [ 126.6626716, 37.3888696 ], [ 126.6626715, 37.3888696 ], [ 126.6626715, 37.3888696 ] ] } },
{ "type": "Feature", "properties": { "Vehicle_ID": 131, "Vehicle_Class": 2, "Num_Points": 150, "Start_Time": "2022-10-07 17:52:13.500", "End_Time": "2022-10-07 17:52:18.471", "Start_Frame": 0, "End_Frame": 149, "Mean_Speed": 2.6, "Max_Speed": 9.2, "Vehicle_Length": 5.25, "Vehicle_Width": 2.23 }, "geometry": { "type": "LineString", "coordinates": [ [ 126.6630106, 37.3889068 ], [ 126.6630099, 37.3889063 ], [ 126.6630091, 37.3889056 ], [ 126.6630082, 37.388905 ], [ 126.6630075, 37.3889044 ], [ 126.6630066, 37.3889036 ], [ 126.6630054, 37.3889028 ], [ 126.6630043, 37.388902 ], [ 126.663003, 37.3889009 ], [ 126.6630024, 37.3889003 ], [ 126.6630015, 37.3888997 ], [ 126.6630009, 37.3888992 ], [ 126.6630002, 37.3888987 ], [ 126.6629996, 37.3888981 ], [ 126.662999, 37.3888977 ], [ 126.6629984, 37.3888972 ], [ 126.662998, 37.3888968 ], [ 126.6629975, 37.3888964 ], [ 126.662997, 37.388896 ], [ 126.6629965, 37.3888957 ], [ 126.6629962, 37.3888954 ], [ 126.662996, 37.3888952 ], [ 126.6629957, 37.388895 ], [ 126.6629955, 37.3888949 ], [ 126.6629953, 37.3888947 ], [ 126.6629951, 37.3888946 ], [ 126.6629948, 37.3888945 ], [ 126.6629944, 37.3888943 ], [ 126.6629942, 37.3888942 ], [ 126.662994, 37.388894 ], [ 126.6629938, 37.388894 ], [ 126.6629935, 37.3888937 ], [ 126.6629932, 37.3888934 ], [ 126.662993, 37.3888931 ], [ 126.6629928, 37.388893 ], [ 126.6629926, 37.3888929 ], [ 126.6629924, 37.3888928 ], [ 126.6629922, 37.3888927 ], [ 126.6629919, 37.3888925 ], [ 126.6629917, 37.3888923 ], [ 126.6629916, 37.3888924 ], [ 126.6629917, 37.3888921 ], [ 126.6629914, 37.3888919 ], [ 126.6629918, 37.3888919 ], [ 126.6629917, 37.3888919 ], [ 126.6629916, 37.3888918 ], [ 126.6629914, 37.3888917 ], [ 126.6629914, 37.3888917 ], [ 126.6629913, 37.3888918 ], [ 126.6629912, 37.3888915 ], [ 126.6629912, 37.3888917 ], [ 126.6629912, 37.3888917 ], [ 126.6629913, 37.3888918 ], [ 126.6629914, 37.3888918 ], [ 126.6629914, 37.3888918 ], [ 126.6629916, 37.388892 ], [ 126.6629911, 37.3888918 ], [ 126.6629913, 37.3888919 ], [ 126.6629916, 37.3888919 ], [ 126.6629916, 37.3888917 ], [ 126.6629914, 37.3888918 ], [ 126.6629917, 37.3888919 ], [ 126.6629915, 37.3888919 ], [ 126.6629917, 37.388892 ], [ 126.6629919, 37.3888921 ], [ 126.6629918, 37.3888918 ], [ 126.6629918, 37.388892 ], [ 126.6629919, 37.3888922 ], [ 126.6629919, 37.388892 ], [ 126.6629919, 37.388892 ], [ 126.6629919, 37.388892 ], [ 126.6629918, 37.3888919 ], [ 126.6629917, 37.3888918 ], [ 126.6629916, 37.3888918 ], [ 126.6629916, 37.3888918 ], [ 126.6629916, 37.3888918 ], [ 126.6629916, 37.3888918 ], [ 126.6629917, 37.3888918 ], [ 126.6629916, 37.3888918 ], [ 126.6629917, 37.3888918 ], [ 126.6629916, 37.3888918 ], [ 126.6629917, 37.3888918 ], [ 126.6629917, 37.3888918 ], [ 126.6629916, 37.3888918 ], [ 126.6629916, 37.3888917 ], [ 126.6629915, 37.3888918 ], [ 126.6629915, 37.3888918 ], [ 126.6629915, 37.3888917 ], [ 126.6629915, 37.3888917 ], [ 126.6629916, 37.3888918 ], [ 126.6629915, 37.3888917 ], [ 126.6629914, 37.3888917 ], [ 126.6629914, 37.3888917 ], [ 126.6629915, 37.3888917 ], [ 126.6629915, 37.3888918 ], [ 126.6629915, 37.3888917 ], [ 126.6629916, 37.3888918 ], [ 126.6629915, 37.3888917 ], [ 126.6629915, 37.3888918 ], [ 126.6629916, 37.3888918 ], [ 126.6629916, 37.3888919 ], [ 126.6629916, 37.3888918 ], [ 126.6629916, 37.3888919 ], [ 126.6629916, 37.3888918 ], [ 126.6629915, 37.3888917 ], [ 126.6629916, 37.3888918 ], [ 126.6629917, 37.3888917 ], [ 126.6629917, 37.3888917 ], [ 126.6629915, 37.3888917 ], [ 126.6629915, 37.3888918 ], [ 126.6629915, 37.3888917 ], [ 126.6629916, 37.3888917 ], [ 126.6629916, 37.3888917 ], [ 126.6629916, 37.3888917 ], [ 126.6629916, 37.3888918 ], [ 126.6629916, 37.3888918 ], [ 126.6629915, 37.3888917 ], [ 126.6629914, 37.3888916 ], [ 126.6629914, 37.3888916 ], [ 126.6629913, 37.3888915 ], [ 126.6629912, 37.3888915 ], [ 126.6629912, 37.3888915 ], [ 126.6629911, 37.3888914 ], [ 126.6629911, 37.3888914 ], [ 126.662991, 37.3888913 ], [ 126.662991, 37.3888914 ], [ 126.6629911, 37.3888915 ], [ 126.662991, 37.3888914 ], [ 126.662991, 37.3888914 ], [ 126.6629909, 37.3888913 ], [ 126.6629908, 37.3888913 ], [ 126.6629908, 37.3888913 ], [ 126.6629908, 37.3888912 ], [ 126.6629908, 37.3888912 ], [ 126.6629908, 37.3888912 ], [ 126.6629907, 37.3888911 ], [ 126.6629906, 37.3888911 ], [ 126.6629907, 37.3888911 ], [ 126.6629907, 37.3888911 ], [ 126.6629905, 37.388891 ], [ 126.6629905, 37.3888911 ], [ 126.6629906, 37.3888911 ], [ 126.6629905, 37.3888911 ], [ 126.6629905, 37.388891 ], [ 126.6629906, 37.3888911 ], [ 126.6629905, 37.3888911 ], [ 126.6629905, 37.388891 ], [ 126.6629903, 37.3888908 ], [ 126.6629903, 37.3888909 ], [ 126.6629904, 37.3888909 ] ] } },
{ "type": "Feature", "properties": { "Vehicle_ID": 132, "Vehicle_Class": 3, "Num_Points": 150, "Start_Time": "2022-10-07 17:52:13.500", "End_Time": "2022-10-07 17:52:18.471", "Start_Frame": 0, "End_Frame": 149, "Mean_Speed": 26.1, "Max_Speed": 26.9, "Vehicle_Length": 2.76, "Vehicle_Width": 1.14 }, "geometry": { "type": "LineString", "coordinates": [ [ 126.6636709, 37.3894122 ], [ 126.6636694, 37.3894106 ], [ 126.663668, 37.3894093 ], [ 126.6636663, 37.3894077 ], [ 126.6636649, 37.3894062 ], [ 126.6636633, 37.3894047 ], [ 126.663662, 37.3894032 ], [ 126.6636605, 37.3894018 ], [ 126.6636589, 37.3894003 ], [ 126.6636572, 37.3893984 ], [ 126.6636556, 37.3893968 ], [ 126.6636538, 37.3893947 ], [ 126.6636517, 37.3893925 ], [ 126.6636495, 37.3893898 ], [ 126.6636472, 37.3893873 ], [ 126.6636455, 37.3893854 ], [ 126.6636437, 37.3893833 ], [ 126.6636422, 37.3893817 ], [ 126.6636411, 37.3893804 ], [ 126.6636395, 37.3893788 ], [ 126.663638, 37.3893772 ], [ 126.6636366, 37.3893755 ], [ 126.6636352, 37.389374 ], [ 126.6636337, 37.3893724 ], [ 126.6636323, 37.3893706 ], [ 126.6636307, 37.3893688 ], [ 126.6636292, 37.3893671 ], [ 126.6636276, 37.3893653 ], [ 126.6636259, 37.3893635 ], [ 126.6636243, 37.3893617 ], [ 126.6636229, 37.3893603 ], [ 126.663621, 37.3893582 ], [ 126.6636194, 37.3893565 ], [ 126.6636179, 37.3893548 ], [ 126.6636162, 37.389353 ], [ 126.6636146, 37.3893512 ], [ 126.6636129, 37.3893494 ], [ 126.6636115, 37.389348 ], [ 126.6636098, 37.389346 ], [ 126.6636081, 37.3893442 ], [ 126.6636066, 37.3893426 ], [ 126.6636056, 37.3893411 ], [ 126.6636033, 37.3893387 ], [ 126.6636022, 37.3893369 ], [ 126.6636007, 37.3893354 ], [ 126.6635992, 37.3893337 ], [ 126.6635976, 37.389332 ], [ 126.663596, 37.3893304 ], [ 126.6635941, 37.3893288 ], [ 126.6635925, 37.3893265 ], [ 126.6635904, 37.3893247 ], [ 126.6635889, 37.3893232 ], [ 126.6635877, 37.3893214 ], [ 126.6635855, 37.3893193 ], [ 126.6635837, 37.3893175 ], [ 126.6635822, 37.3893159 ], [ 126.6635795, 37.3893135 ], [ 126.6635783, 37.3893116 ], [ 126.6635764, 37.3893096 ], [ 126.6635747, 37.3893074 ], [ 126.6635724, 37.3893056 ], [ 126.6635714, 37.3893044 ], [ 126.6635694, 37.3893026 ], [ 126.6635681, 37.389301 ], [ 126.6635663, 37.3892991 ], [ 126.6635643, 37.3892967 ], [ 126.6635628, 37.3892955 ], [ 126.6635613, 37.389294 ], [ 126.6635594, 37.389292 ], [ 126.6635579, 37.3892904 ], [ 126.6635563, 37.3892887 ], [ 126.6635544, 37.3892866 ], [ 126.6635527, 37.3892848 ], [ 126.663551, 37.3892832 ], [ 126.6635493, 37.3892814 ], [ 126.6635475, 37.3892796 ], [ 126.6635461, 37.389278 ], [ 126.6635445, 37.3892762 ], [ 126.6635428, 37.3892745 ], [ 126.6635412, 37.3892728 ], [ 126.6635395, 37.3892711 ], [ 126.6635379, 37.3892693 ], [ 126.663536, 37.3892674 ], [ 126.6635343, 37.3892657 ], [ 126.6635326, 37.389264 ], [ 126.6635308, 37.3892622 ], [ 126.663529, 37.3892604 ], [ 126.6635273, 37.3892587 ], [ 126.6635256, 37.3892568 ], [ 126.663524, 37.3892551 ], [ 126.6635224, 37.3892535 ], [ 126.6635207, 37.3892517 ], [ 126.6635189, 37.3892499 ], [ 126.6635172, 37.3892481 ], [ 126.6635156, 37.3892464 ], [ 126.6635139, 37.3892445 ], [ 126.6635123, 37.3892429 ], [ 126.6635105, 37.3892411 ], [ 126.6635088, 37.3892395 ], [ 126.6635071, 37.3892378 ], [ 126.6635053, 37.389236 ], [ 126.6635036, 37.3892343 ], [ 126.663502, 37.3892326 ], [ 126.6635002, 37.3892308 ], [ 126.6634985, 37.389229 ], [ 126.663497, 37.3892276 ], [ 126.6634955, 37.3892258 ], [ 126.6634937, 37.3892241 ], [ 126.663492, 37.3892224 ], [ 126.6634905, 37.3892209 ], [ 126.6634885, 37.3892188 ], [ 126.6634869, 37.389217 ], [ 126.6634852, 37.3892153 ], [ 126.6634835, 37.3892137 ], [ 126.6634823, 37.3892122 ], [ 126.6634803, 37.3892101 ], [ 126.6634785, 37.3892084 ], [ 126.6634766, 37.3892066 ], [ 126.6634748, 37.3892048 ], [ 126.6634732, 37.3892033 ], [ 126.6634717, 37.3892017 ], [ 126.6634702, 37.3892 ], [ 126.6634683, 37.389198 ], [ 126.6634666, 37.3891963 ], [ 126.6634649, 37.3891945 ], [ 126.6634633, 37.3891929 ], [ 126.6634618, 37.3891913 ], [ 126.6634602, 37.3891895 ], [ 126.6634586, 37.3891877 ], [ 126.6634569, 37.389186 ], [ 126.6634553, 37.3891842 ], [ 126.6634537, 37.3891826 ], [ 126.6634521, 37.389181 ], [ 126.6634507, 37.3891795 ], [ 126.663449, 37.3891777 ], [ 126.6634473, 37.3891761 ], [ 126.6634458, 37.3891744 ], [ 126.6634446, 37.3891731 ], [ 126.6634431, 37.3891714 ], [ 126.6634414, 37.3891697 ], [ 126.66344, 37.3891683 ], [ 126.6634387, 37.3891667 ], [ 126.6634371, 37.3891652 ], [ 126.6634353, 37.3891634 ], [ 126.6634335, 37.3891615 ], [ 126.6634316, 37.3891594 ], [ 126.6634296, 37.3891572 ], [ 126.6634278, 37.3891554 ], [ 126.6634269, 37.3891541 ], [ 126.6634265, 37.3891535 ] ] } },
{ "type": "Feature", "properties": { "Vehicle_ID": 133, "Vehicle_Class": 2, "Num_Points": 150, "Start_Time": "2022-10-07 17:52:13.500", "End_Time": "2022-10-07 17:52:18.471", "Start_Frame": 0, "End_Frame": 149, "Mean_Speed": 24.5, "Max_Speed": 34.4, "Vehicle_Length": 5.37, "Vehicle_Width": 2.16 }, "geometry": { "type": "LineString", "coordinates": [ [ 126.6636865, 37.3893316 ], [ 126.663686, 37.389331 ], [ 126.6636861, 37.3893311 ], [ 126.6636854, 37.3893303 ], [ 126.6636847, 37.3893296 ], [ 126.6636837, 37.3893285 ], [ 126.6636825, 37.3893272 ], [ 126.6636814, 37.389326 ], [ 126.6636802, 37.3893248 ], [ 126.6636789, 37.3893234 ], [ 126.6636778, 37.3893224 ], [ 126.6636767, 37.389321 ], [ 126.6636757, 37.3893201 ], [ 126.6636746, 37.3893188 ], [ 126.6636734, 37.3893175 ], [ 126.6636722, 37.3893162 ], [ 126.6636713, 37.3893152 ], [ 126.6636699, 37.3893137 ], [ 126.6636688, 37.3893126 ], [ 126.6636674, 37.389311 ], [ 126.6636661, 37.3893098 ], [ 126.663665, 37.3893085 ], [ 126.6636637, 37.389307 ], [ 126.6636627, 37.389306 ], [ 126.6636616, 37.3893049 ], [ 126.6636605, 37.3893038 ], [ 126.6636595, 37.3893027 ], [ 126.6636581, 37.3893011 ], [ 126.6636569, 37.3892998 ], [ 126.6636555, 37.3892983 ], [ 126.6636543, 37.3892972 ], [ 126.663653, 37.3892959 ], [ 126.6636518, 37.3892948 ], [ 126.6636503, 37.3892935 ], [ 126.663649, 37.3892922 ], [ 126.6636477, 37.3892909 ], [ 126.6636463, 37.3892894 ], [ 126.6636451, 37.389288 ], [ 126.6636439, 37.3892866 ], [ 126.6636424, 37.3892853 ], [ 126.6636411, 37.3892839 ], [ 126.6636402, 37.3892824 ], [ 126.6636384, 37.3892806 ], [ 126.6636375, 37.3892793 ], [ 126.6636363, 37.3892781 ], [ 126.6636348, 37.3892765 ], [ 126.6636336, 37.389275 ], [ 126.6636325, 37.3892738 ], [ 126.6636308, 37.3892724 ], [ 126.6636295, 37.3892705 ], [ 126.6636279, 37.3892693 ], [ 126.663627, 37.3892684 ], [ 126.6636261, 37.3892669 ], [ 126.6636245, 37.3892654 ], [ 126.6636232, 37.3892639 ], [ 126.6636222, 37.3892628 ], [ 126.6636203, 37.3892611 ], [ 126.6636195, 37.3892597 ], [ 126.6636181, 37.3892582 ], [ 126.6636165, 37.389256 ], [ 126.6636146, 37.3892546 ], [ 126.6636134, 37.3892534 ], [ 126.6636116, 37.3892519 ], [ 126.6636103, 37.3892503 ], [ 126.6636092, 37.3892488 ], [ 126.6636074, 37.3892468 ], [ 126.6636065, 37.389246 ], [ 126.6636054, 37.3892449 ], [ 126.6636039, 37.3892432 ], [ 126.6636023, 37.3892419 ], [ 126.6636008, 37.3892405 ], [ 126.6635992, 37.3892388 ], [ 126.6635977, 37.3892371 ], [ 126.6635962, 37.3892357 ], [ 126.6635947, 37.3892343 ], [ 126.6635929, 37.3892326 ], [ 126.6635914, 37.389231 ], [ 126.6635898, 37.3892295 ], [ 126.6635882, 37.3892279 ], [ 126.6635864, 37.3892261 ], [ 126.6635849, 37.3892244 ], [ 126.6635835, 37.3892229 ], [ 126.6635819, 37.3892212 ], [ 126.6635801, 37.3892194 ], [ 126.6635786, 37.3892178 ], [ 126.663577, 37.3892162 ], [ 126.6635756, 37.3892147 ], [ 126.6635739, 37.3892129 ], [ 126.6635726, 37.3892114 ], [ 126.663571, 37.3892098 ], [ 126.6635694, 37.3892082 ], [ 126.6635676, 37.3892064 ], [ 126.663566, 37.3892047 ], [ 126.6635644, 37.3892031 ], [ 126.6635628, 37.3892014 ], [ 126.6635611, 37.3891996 ], [ 126.6635596, 37.389198 ], [ 126.6635578, 37.3891962 ], [ 126.663556, 37.3891944 ], [ 126.6635545, 37.3891928 ], [ 126.6635528, 37.3891912 ], [ 126.6635509, 37.3891894 ], [ 126.6635492, 37.3891875 ], [ 126.6635476, 37.3891857 ], [ 126.6635459, 37.389184 ], [ 126.663544, 37.3891823 ], [ 126.6635423, 37.3891805 ], [ 126.6635403, 37.3891788 ], [ 126.6635384, 37.389177 ], [ 126.6635367, 37.3891754 ], [ 126.6635347, 37.3891733 ], [ 126.6635329, 37.3891715 ], [ 126.6635309, 37.3891695 ], [ 126.6635288, 37.3891676 ], [ 126.6635273, 37.3891661 ], [ 126.6635254, 37.3891641 ], [ 126.6635236, 37.3891621 ], [ 126.6635215, 37.3891599 ], [ 126.6635198, 37.3891581 ], [ 126.6635179, 37.3891562 ], [ 126.663516, 37.3891543 ], [ 126.6635143, 37.3891524 ], [ 126.6635121, 37.3891502 ], [ 126.6635106, 37.3891484 ], [ 126.6635089, 37.3891466 ], [ 126.6635068, 37.3891446 ], [ 126.6635051, 37.3891427 ], [ 126.663503, 37.3891404 ], [ 126.6635009, 37.3891383 ], [ 126.6634989, 37.3891362 ], [ 126.6634965, 37.3891337 ], [ 126.6634937, 37.3891309 ], [ 126.6634912, 37.3891284 ], [ 126.663489, 37.3891262 ], [ 126.6634867, 37.3891239 ], [ 126.6634843, 37.3891217 ], [ 126.6634823, 37.3891196 ], [ 126.66348, 37.3891173 ], [ 126.6634781, 37.3891155 ], [ 126.663476, 37.3891136 ], [ 126.663474, 37.3891116 ], [ 126.6634717, 37.3891093 ], [ 126.6634694, 37.3891069 ], [ 126.6634671, 37.3891046 ], [ 126.6634651, 37.3891026 ], [ 126.6634628, 37.3891003 ], [ 126.663461, 37.3890985 ], [ 126.6634583, 37.3890956 ], [ 126.6634555, 37.3890927 ], [ 126.6634531, 37.3890902 ] ] } },
{ "type": "Feature", "properties": { "Vehicle_ID": 134, "Vehicle_Class": 1, "Num_Points": 52, "Start_Time": "2022-10-07 17:52:13.500", "End_Time": "2022-10-07 17:52:15.202", "Start_Frame": 0, "End_Frame": 51, "Mean_Speed": null, "Max_Speed": null, "Vehicle_Length": null, "Vehicle_Width": null }, "geometry": { "type": "LineString", "coordinates": [ [ 126.6640072, 37.3893991 ], [ 126.6640067, 37.3893993 ], [ 126.6640064, 37.3893997 ], [ 126.6640063, 37.3894004 ], [ 126.664006, 37.3894009 ], [ 126.6640058, 37.3894014 ], [ 126.6640055, 37.389402 ], [ 126.6640052, 37.3894026 ], [ 126.6640048, 37.3894031 ], [ 126.6640045, 37.3894034 ], [ 126.6640046, 37.3894037 ], [ 126.6640094, 37.3894004 ], [ 126.6640059, 37.389403 ], [ 126.6640047, 37.389404 ], [ 126.6640044, 37.3894044 ], [ 126.6640092, 37.3894019 ], [ 126.6640108, 37.3894013 ], [ 126.6640114, 37.3894014 ], [ 126.6640121, 37.3894018 ], [ 126.6640127, 37.3894018 ], [ 126.6640128, 37.389402 ], [ 126.6640129, 37.3894021 ], [ 126.6640128, 37.3894027 ], [ 126.664013, 37.3894031 ], [ 126.6640135, 37.3894032 ], [ 126.6640146, 37.389403 ], [ 126.6640155, 37.3894027 ], [ 126.6640158, 37.3894032 ], [ 126.6640176, 37.3894028 ], [ 126.6640194, 37.3894025 ], [ 126.6640204, 37.3894026 ], [ 126.6640193, 37.3894037 ], [ 126.6640192, 37.3894043 ], [ 126.6640187, 37.389405 ], [ 126.6640179, 37.389406 ], [ 126.6640177, 37.3894067 ], [ 126.6640183, 37.3894073 ], [ 126.6640183, 37.3894079 ], [ 126.6640191, 37.3894078 ], [ 126.6640189, 37.3894082 ], [ 126.6640187, 37.3894091 ], [ 126.6640191, 37.3894108 ], [ 126.6640184, 37.3894107 ], [ 126.6640188, 37.3894119 ], [ 126.6640185, 37.3894128 ], [ 126.6640186, 37.3894133 ], [ 126.6640194, 37.3894135 ], [ 126.6640198, 37.3894139 ], [ 126.6640187, 37.3894146 ], [ 126.6640181, 37.3894147 ], [ 126.6640168, 37.3894163 ], [ 126.6640154, 37.3894186 ] ] } },
{ "type": "Feature", "properties": { "Vehicle_ID": 135, "Vehicle_Class": 0, "Num_Points": 150, "Start_Time": "2022-10-07 17:52:13.500", "End_Time": "2022-10-07 17:52:18.471", "Start_Frame": 0, "End_Frame": 149, "Mean_Speed": 14.2, "Max_Speed": 17.5, "Vehicle_Length": 5.48, "Vehicle_Width": 2.38 }, "geometry": { "type": "LineString", "coordinates": [ [ 126.663835, 37.3895304 ], [ 126.6638344, 37.3895305 ], [ 126.6638341, 37.3895304 ], [ 126.663834, 37.3895302 ], [ 126.6638339, 37.3895302 ], [ 126.6638336, 37.3895302 ], [ 126.6638333, 37.38953 ], [ 126.6638331, 37.3895298 ], [ 126.6638329, 37.3895296 ], [ 126.6638329, 37.3895293 ], [ 126.6638327, 37.3895292 ], [ 126.6638325, 37.3895289 ], [ 126.6638323, 37.3895287 ], [ 126.663832, 37.3895285 ], [ 126.6638318, 37.3895283 ], [ 126.6638316, 37.3895281 ], [ 126.6638314, 37.3895279 ], [ 126.6638313, 37.3895276 ], [ 126.663831, 37.3895275 ], [ 126.6638307, 37.3895272 ], [ 126.6638304, 37.3895269 ], [ 126.6638301, 37.3895266 ], [ 126.66383, 37.3895263 ], [ 126.6638297, 37.3895259 ], [ 126.6638295, 37.3895256 ], [ 126.6638294, 37.3895253 ], [ 126.6638292, 37.389525 ], [ 126.663829, 37.3895247 ], [ 126.6638288, 37.3895245 ], [ 126.6638283, 37.3895242 ], [ 126.663828, 37.389524 ], [ 126.6638277, 37.3895237 ], [ 126.6638275, 37.3895235 ], [ 126.6638272, 37.3895231 ], [ 126.6638268, 37.3895227 ], [ 126.6638265, 37.3895224 ], [ 126.6638262, 37.3895221 ], [ 126.663826, 37.389522 ], [ 126.6638256, 37.3895216 ], [ 126.6638253, 37.3895214 ], [ 126.663825, 37.3895213 ], [ 126.6638255, 37.3895216 ], [ 126.6638244, 37.3895207 ], [ 126.6638248, 37.3895208 ], [ 126.6638246, 37.3895206 ], [ 126.6638244, 37.3895204 ], [ 126.6638241, 37.38952 ], [ 126.6638238, 37.3895199 ], [ 126.6638231, 37.3895195 ], [ 126.6638228, 37.3895185 ], [ 126.6638222, 37.3895185 ], [ 126.6638224, 37.3895188 ], [ 126.663823, 37.3895188 ], [ 126.6638223, 37.3895182 ], [ 126.6638221, 37.3895179 ], [ 126.6638222, 37.3895179 ], [ 126.6638214, 37.3895174 ], [ 126.6638218, 37.3895172 ], [ 126.6638213, 37.3895167 ], [ 126.663821, 37.3895158 ], [ 126.6638201, 37.3895154 ], [ 126.6638206, 37.3895159 ], [ 126.6638197, 37.3895154 ], [ 126.6638199, 37.3895154 ], [ 126.6638195, 37.3895149 ], [ 126.6638189, 37.3895138 ], [ 126.6638189, 37.3895143 ], [ 126.6638188, 37.3895141 ], [ 126.6638182, 37.3895134 ], [ 126.6638176, 37.3895128 ], [ 126.6638171, 37.3895122 ], [ 126.6638163, 37.3895113 ], [ 126.6638154, 37.3895104 ], [ 126.6638147, 37.3895098 ], [ 126.663814, 37.389509 ], [ 126.6638132, 37.3895081 ], [ 126.6638126, 37.3895073 ], [ 126.663812, 37.3895065 ], [ 126.6638112, 37.3895059 ], [ 126.6638106, 37.3895053 ], [ 126.6638098, 37.3895045 ], [ 126.6638092, 37.3895037 ], [ 126.6638083, 37.3895029 ], [ 126.6638078, 37.3895023 ], [ 126.6638072, 37.3895016 ], [ 126.6638066, 37.389501 ], [ 126.6638059, 37.3895003 ], [ 126.6638053, 37.3894996 ], [ 126.6638047, 37.3894989 ], [ 126.663804, 37.3894981 ], [ 126.6638031, 37.3894973 ], [ 126.6638024, 37.3894965 ], [ 126.6638013, 37.3894955 ], [ 126.6638007, 37.3894947 ], [ 126.6638001, 37.389494 ], [ 126.6637995, 37.3894933 ], [ 126.6637989, 37.3894927 ], [ 126.663798, 37.3894917 ], [ 126.6637971, 37.3894909 ], [ 126.6637963, 37.3894902 ], [ 126.6637956, 37.3894893 ], [ 126.6637946, 37.3894883 ], [ 126.6637937, 37.3894873 ], [ 126.663793, 37.3894865 ], [ 126.6637922, 37.3894855 ], [ 126.6637911, 37.3894845 ], [ 126.6637903, 37.3894836 ], [ 126.6637894, 37.3894829 ], [ 126.6637884, 37.3894818 ], [ 126.6637877, 37.3894812 ], [ 126.6637864, 37.3894799 ], [ 126.6637857, 37.389479 ], [ 126.6637847, 37.389478 ], [ 126.6637836, 37.3894771 ], [ 126.6637831, 37.3894765 ], [ 126.663782, 37.3894753 ], [ 126.6637811, 37.3894744 ], [ 126.6637801, 37.3894733 ], [ 126.6637793, 37.3894724 ], [ 126.6637783, 37.3894715 ], [ 126.6637773, 37.3894705 ], [ 126.6637766, 37.3894696 ], [ 126.6637754, 37.3894684 ], [ 126.6637745, 37.3894673 ], [ 126.6637735, 37.3894661 ], [ 126.6637724, 37.3894651 ], [ 126.6637717, 37.3894643 ], [ 126.6637706, 37.389463 ], [ 126.6637697, 37.3894621 ], [ 126.6637686, 37.3894612 ], [ 126.6637677, 37.38946 ], [ 126.6637666, 37.3894589 ], [ 126.6637655, 37.3894579 ], [ 126.6637643, 37.3894567 ], [ 126.6637631, 37.3894555 ], [ 126.663762, 37.3894545 ], [ 126.6637611, 37.3894533 ], [ 126.66376, 37.3894521 ], [ 126.663759, 37.3894511 ], [ 126.6637578, 37.38945 ], [ 126.6637569, 37.3894492 ], [ 126.6637556, 37.3894477 ], [ 126.6637546, 37.3894465 ], [ 126.6637532, 37.3894453 ], [ 126.6637519, 37.3894439 ], [ 126.6637507, 37.3894427 ], [ 126.6637497, 37.3894415 ], [ 126.6637485, 37.3894402 ], [ 126.6637474, 37.3894391 ], [ 126.6637461, 37.3894378 ] ] } },
{ "type": "Feature", "properties": { "Vehicle_ID": 139, "Vehicle_Class": 0, "Num_Points": 138, "Start_Time": "2022-10-07 17:52:13.901", "End_Time": "2022-10-07 17:52:18.471", "Start_Frame": 12, "End_Frame": 149, "Mean_Speed": 15.9, "Max_Speed": 17.9, "Vehicle_Length": 5.44, "Vehicle_Width": 2.32 }, "geometry": { "type": "LineString", "coordinates": [ [ 126.6625561, 37.3878794 ], [ 126.6625565, 37.3878794 ], [ 126.6625569, 37.3878793 ], [ 126.6625572, 37.3878794 ], [ 126.6625574, 37.3878795 ], [ 126.6625575, 37.3878798 ], [ 126.6625577, 37.3878801 ], [ 126.6625579, 37.3878803 ], [ 126.6625582, 37.3878805 ], [ 126.6625585, 37.3878809 ], [ 126.662559, 37.387881 ], [ 126.6625594, 37.3878813 ], [ 126.6625597, 37.3878817 ], [ 126.6625601, 37.387882 ], [ 126.6625604, 37.3878823 ], [ 126.6625608, 37.3878826 ], [ 126.662561, 37.387883 ], [ 126.6625613, 37.3878834 ], [ 126.6625616, 37.3878835 ], [ 126.662562, 37.3878837 ], [ 126.6625622, 37.3878838 ], [ 126.6625626, 37.3878842 ], [ 126.6625629, 37.3878846 ], [ 126.6625634, 37.387885 ], [ 126.6625639, 37.3878852 ], [ 126.6625643, 37.3878855 ], [ 126.6625646, 37.3878857 ], [ 126.6625649, 37.3878861 ], [ 126.6625651, 37.3878865 ], [ 126.6625657, 37.3878869 ], [ 126.6625661, 37.3878871 ], [ 126.6625667, 37.3878877 ], [ 126.662567, 37.3878881 ], [ 126.6625673, 37.3878884 ], [ 126.6625673, 37.3878887 ], [ 126.662568, 37.387889 ], [ 126.6625675, 37.3878885 ], [ 126.6625682, 37.3878896 ], [ 126.6625686, 37.3878893 ], [ 126.6625691, 37.3878904 ], [ 126.662569, 37.3878903 ], [ 126.6625698, 37.3878912 ], [ 126.6625701, 37.3878914 ], [ 126.6625706, 37.3878917 ], [ 126.6625707, 37.3878925 ], [ 126.6625706, 37.3878923 ], [ 126.6625716, 37.3878931 ], [ 126.6625717, 37.3878934 ], [ 126.6625721, 37.3878938 ], [ 126.6625726, 37.3878943 ], [ 126.6625728, 37.3878948 ], [ 126.6625732, 37.3878952 ], [ 126.6625736, 37.3878949 ], [ 126.6625742, 37.387896 ], [ 126.6625745, 37.3878962 ], [ 126.662575, 37.3878968 ], [ 126.662576, 37.387898 ], [ 126.6625768, 37.3878987 ], [ 126.6625776, 37.3878996 ], [ 126.6625784, 37.3879004 ], [ 126.6625791, 37.3879013 ], [ 126.6625799, 37.3879021 ], [ 126.6625805, 37.3879029 ], [ 126.6625813, 37.3879038 ], [ 126.6625821, 37.3879046 ], [ 126.6625829, 37.3879055 ], [ 126.6625836, 37.3879062 ], [ 126.6625846, 37.3879071 ], [ 126.6625854, 37.3879081 ], [ 126.6625863, 37.387909 ], [ 126.6625871, 37.38791 ], [ 126.662588, 37.3879111 ], [ 126.6625888, 37.387912 ], [ 126.6625897, 37.3879128 ], [ 126.6625907, 37.3879139 ], [ 126.6625916, 37.3879149 ], [ 126.6625924, 37.3879158 ], [ 126.6625933, 37.3879168 ], [ 126.6625942, 37.3879177 ], [ 126.662595, 37.3879185 ], [ 126.662596, 37.3879195 ], [ 126.6625971, 37.3879207 ], [ 126.6625979, 37.3879216 ], [ 126.6625989, 37.3879226 ], [ 126.6625999, 37.3879237 ], [ 126.6626009, 37.3879246 ], [ 126.6626019, 37.3879257 ], [ 126.6626028, 37.3879265 ], [ 126.6626039, 37.3879276 ], [ 126.6626048, 37.3879286 ], [ 126.6626059, 37.3879297 ], [ 126.6626069, 37.3879307 ], [ 126.6626077, 37.3879314 ], [ 126.662609, 37.3879326 ], [ 126.66261, 37.3879337 ], [ 126.6626108, 37.3879346 ], [ 126.6626117, 37.3879356 ], [ 126.6626127, 37.3879366 ], [ 126.6626141, 37.3879377 ], [ 126.662615, 37.3879389 ], [ 126.6626159, 37.38794 ], [ 126.6626171, 37.387941 ], [ 126.6626182, 37.387942 ], [ 126.6626192, 37.3879431 ], [ 126.6626203, 37.3879442 ], [ 126.6626213, 37.3879453 ], [ 126.6626225, 37.3879464 ], [ 126.6626236, 37.3879476 ], [ 126.6626248, 37.3879488 ], [ 126.6626259, 37.38795 ], [ 126.6626269, 37.3879512 ], [ 126.6626279, 37.3879522 ], [ 126.6626291, 37.3879535 ], [ 126.6626301, 37.3879545 ], [ 126.6626313, 37.3879558 ], [ 126.6626323, 37.3879569 ], [ 126.6626333, 37.3879581 ], [ 126.6626345, 37.3879594 ], [ 126.6626355, 37.3879605 ], [ 126.6626366, 37.3879616 ], [ 126.6626377, 37.3879627 ], [ 126.6626388, 37.3879639 ], [ 126.6626401, 37.3879652 ], [ 126.6626411, 37.3879664 ], [ 126.6626421, 37.3879675 ], [ 126.6626433, 37.3879687 ], [ 126.6626444, 37.3879699 ], [ 126.6626454, 37.3879709 ], [ 126.6626467, 37.387972 ], [ 126.6626479, 37.3879734 ], [ 126.6626489, 37.3879745 ], [ 126.66265, 37.3879757 ], [ 126.6626511, 37.3879768 ], [ 126.6626522, 37.3879781 ], [ 126.6626536, 37.3879794 ], [ 126.6626548, 37.3879807 ], [ 126.6626559, 37.3879818 ], [ 126.6626571, 37.3879831 ] ] } },
{ "type": "Feature", "properties": { "Vehicle_ID": 141, "Vehicle_Class": 0, "Num_Points": 119, "Start_Time": "2022-10-07 17:52:14.534", "End_Time": "2022-10-07 17:52:18.471", "Start_Frame": 31, "End_Frame": 149, "Mean_Speed": 20.6, "Max_Speed": 23.2, "Vehicle_Length": 5.16, "Vehicle_Width": 2.27 }, "geometry": { "type": "LineString", "coordinates": [ [ 126.6637455, 37.3895871 ], [ 126.6637455, 37.389587 ], [ 126.6637453, 37.3895866 ], [ 126.6637452, 37.3895864 ], [ 126.663745, 37.3895862 ], [ 126.6637449, 37.3895859 ], [ 126.6637447, 37.3895858 ], [ 126.6637443, 37.3895854 ], [ 126.663744, 37.3895851 ], [ 126.6637438, 37.389585 ], [ 126.6637443, 37.3895852 ], [ 126.6637432, 37.3895843 ], [ 126.6637436, 37.3895842 ], [ 126.6637433, 37.389584 ], [ 126.6637428, 37.3895837 ], [ 126.6637424, 37.3895832 ], [ 126.663742, 37.3895831 ], [ 126.6637414, 37.3895824 ], [ 126.663741, 37.3895813 ], [ 126.6637403, 37.389581 ], [ 126.6637406, 37.3895812 ], [ 126.6637409, 37.389581 ], [ 126.66374, 37.3895803 ], [ 126.6637396, 37.3895797 ], [ 126.6637393, 37.3895796 ], [ 126.6637382, 37.389579 ], [ 126.6637382, 37.3895786 ], [ 126.6637374, 37.3895781 ], [ 126.6637368, 37.389577 ], [ 126.6637358, 37.3895764 ], [ 126.6637359, 37.3895767 ], [ 126.6637348, 37.389576 ], [ 126.6637348, 37.3895758 ], [ 126.6637342, 37.3895752 ], [ 126.6637334, 37.389574 ], [ 126.6637334, 37.3895744 ], [ 126.6637332, 37.3895742 ], [ 126.6637326, 37.3895735 ], [ 126.663732, 37.3895729 ], [ 126.6637316, 37.3895725 ], [ 126.6637308, 37.3895717 ], [ 126.6637299, 37.3895708 ], [ 126.6637288, 37.3895699 ], [ 126.6637276, 37.3895687 ], [ 126.6637262, 37.3895674 ], [ 126.663725, 37.3895661 ], [ 126.663724, 37.389565 ], [ 126.6637228, 37.3895638 ], [ 126.6637216, 37.3895627 ], [ 126.6637204, 37.3895615 ], [ 126.6637195, 37.3895605 ], [ 126.6637183, 37.3895593 ], [ 126.6637174, 37.3895582 ], [ 126.6637162, 37.389557 ], [ 126.663715, 37.3895559 ], [ 126.6637139, 37.3895548 ], [ 126.6637128, 37.3895537 ], [ 126.6637116, 37.3895523 ], [ 126.6637105, 37.3895512 ], [ 126.6637093, 37.38955 ], [ 126.6637083, 37.3895489 ], [ 126.6637069, 37.3895476 ], [ 126.6637058, 37.3895464 ], [ 126.6637048, 37.3895453 ], [ 126.6637036, 37.389544 ], [ 126.6637025, 37.3895429 ], [ 126.6637011, 37.3895416 ], [ 126.6636998, 37.3895405 ], [ 126.6636985, 37.3895392 ], [ 126.6636973, 37.3895378 ], [ 126.6636959, 37.3895364 ], [ 126.6636946, 37.3895352 ], [ 126.6636932, 37.3895338 ], [ 126.663692, 37.3895325 ], [ 126.6636903, 37.389531 ], [ 126.6636892, 37.3895297 ], [ 126.6636879, 37.3895285 ], [ 126.6636865, 37.3895271 ], [ 126.6636852, 37.3895259 ], [ 126.6636833, 37.3895241 ], [ 126.6636823, 37.3895228 ], [ 126.663681, 37.3895216 ], [ 126.6636796, 37.3895202 ], [ 126.6636786, 37.3895191 ], [ 126.6636771, 37.3895175 ], [ 126.6636758, 37.3895162 ], [ 126.6636742, 37.3895146 ], [ 126.663673, 37.3895133 ], [ 126.6636715, 37.3895118 ], [ 126.6636701, 37.3895105 ], [ 126.663669, 37.3895094 ], [ 126.6636675, 37.3895078 ], [ 126.6636662, 37.3895063 ], [ 126.6636647, 37.3895048 ], [ 126.6636632, 37.3895035 ], [ 126.663662, 37.3895022 ], [ 126.6636606, 37.3895006 ], [ 126.6636592, 37.389499 ], [ 126.6636578, 37.3894977 ], [ 126.6636564, 37.3894963 ], [ 126.6636552, 37.3894951 ], [ 126.6636538, 37.3894936 ], [ 126.6636523, 37.3894921 ], [ 126.6636509, 37.3894907 ], [ 126.6636493, 37.3894892 ], [ 126.663648, 37.3894877 ], [ 126.6636466, 37.3894862 ], [ 126.6636451, 37.3894847 ], [ 126.6636435, 37.3894833 ], [ 126.6636422, 37.3894821 ], [ 126.6636404, 37.3894802 ], [ 126.6636388, 37.3894786 ], [ 126.6636371, 37.3894769 ], [ 126.6636355, 37.3894753 ], [ 126.663634, 37.3894736 ], [ 126.6636325, 37.3894721 ], [ 126.663631, 37.3894705 ], [ 126.6636294, 37.389469 ], [ 126.6636278, 37.3894673 ] ] } },
{ "type": "Feature", "properties": { "Vehicle_ID": 144, "Vehicle_Class": 0, "Num_Points": 109, "Start_Time": "2022-10-07 17:52:14.867", "End_Time": "2022-10-07 17:52:18.471", "Start_Frame": 41, "End_Frame": 149, "Mean_Speed": 17.0, "Max_Speed": 18.6, "Vehicle_Length": 5.74, "Vehicle_Width": 2.4 }, "geometry": { "type": "LineString", "coordinates": [ [ 126.6638621, 37.3895148 ], [ 126.6638613, 37.3895141 ], [ 126.6638623, 37.3895144 ], [ 126.663862, 37.3895144 ], [ 126.663862, 37.3895143 ], [ 126.6638619, 37.3895142 ], [ 126.6638618, 37.3895143 ], [ 126.6638611, 37.3895141 ], [ 126.663861, 37.3895133 ], [ 126.6638605, 37.3895135 ], [ 126.6638609, 37.3895139 ], [ 126.6638614, 37.3895139 ], [ 126.6638606, 37.3895135 ], [ 126.6638605, 37.3895133 ], [ 126.6638607, 37.3895134 ], [ 126.6638599, 37.389513 ], [ 126.6638605, 37.3895129 ], [ 126.66386, 37.3895124 ], [ 126.6638598, 37.3895115 ], [ 126.6638591, 37.389511 ], [ 126.6638597, 37.3895114 ], [ 126.663859, 37.389511 ], [ 126.6638593, 37.3895109 ], [ 126.663859, 37.3895105 ], [ 126.6638584, 37.3895094 ], [ 126.6638586, 37.38951 ], [ 126.6638585, 37.38951 ], [ 126.6638582, 37.3895095 ], [ 126.6638579, 37.3895091 ], [ 126.6638576, 37.3895088 ], [ 126.6638572, 37.3895083 ], [ 126.6638568, 37.3895079 ], [ 126.6638565, 37.3895077 ], [ 126.6638563, 37.3895074 ], [ 126.6638558, 37.3895069 ], [ 126.6638554, 37.3895065 ], [ 126.6638552, 37.3895062 ], [ 126.6638548, 37.389506 ], [ 126.6638546, 37.3895057 ], [ 126.6638543, 37.3895053 ], [ 126.6638541, 37.3895048 ], [ 126.6638538, 37.3895043 ], [ 126.6638537, 37.389504 ], [ 126.6638533, 37.3895035 ], [ 126.663853, 37.3895032 ], [ 126.6638527, 37.3895028 ], [ 126.6638524, 37.3895024 ], [ 126.663852, 37.389502 ], [ 126.6638516, 37.3895016 ], [ 126.6638511, 37.3895012 ], [ 126.6638509, 37.3895007 ], [ 126.6638502, 37.3895001 ], [ 126.66385, 37.3894998 ], [ 126.6638498, 37.3894996 ], [ 126.6638495, 37.3894992 ], [ 126.6638493, 37.3894989 ], [ 126.6638488, 37.3894985 ], [ 126.6638483, 37.3894981 ], [ 126.663848, 37.3894978 ], [ 126.6638476, 37.3894974 ], [ 126.6638469, 37.3894969 ], [ 126.6638464, 37.3894962 ], [ 126.6638457, 37.3894955 ], [ 126.663845, 37.3894946 ], [ 126.6638439, 37.3894938 ], [ 126.6638433, 37.3894929 ], [ 126.6638424, 37.3894921 ], [ 126.6638416, 37.3894913 ], [ 126.6638408, 37.3894906 ], [ 126.6638394, 37.3894892 ], [ 126.6638385, 37.3894881 ], [ 126.6638376, 37.3894872 ], [ 126.6638364, 37.3894862 ], [ 126.6638359, 37.3894855 ], [ 126.6638346, 37.3894842 ], [ 126.6638334, 37.3894829 ], [ 126.6638323, 37.3894818 ], [ 126.6638312, 37.3894809 ], [ 126.6638303, 37.3894799 ], [ 126.6638293, 37.389479 ], [ 126.6638285, 37.3894781 ], [ 126.6638272, 37.3894768 ], [ 126.6638263, 37.3894758 ], [ 126.6638251, 37.3894746 ], [ 126.663824, 37.3894736 ], [ 126.6638232, 37.3894727 ], [ 126.663822, 37.3894715 ], [ 126.6638207, 37.3894702 ], [ 126.6638195, 37.3894691 ], [ 126.6638185, 37.389468 ], [ 126.6638174, 37.3894669 ], [ 126.6638164, 37.3894659 ], [ 126.6638152, 37.3894648 ], [ 126.6638139, 37.3894634 ], [ 126.6638125, 37.3894622 ], [ 126.6638115, 37.3894611 ], [ 126.6638103, 37.3894599 ], [ 126.6638091, 37.3894586 ], [ 126.6638077, 37.3894573 ], [ 126.6638067, 37.3894564 ], [ 126.6638054, 37.3894549 ], [ 126.6638043, 37.3894536 ], [ 126.663803, 37.3894523 ], [ 126.6638016, 37.3894508 ], [ 126.6638005, 37.3894496 ], [ 126.6637995, 37.3894484 ], [ 126.6637983, 37.3894471 ], [ 126.663797, 37.3894458 ], [ 126.6637957, 37.3894444 ] ] } },
{ "type": "Feature", "properties": { "Vehicle_ID": 146, "Vehicle_Class": 2, "Num_Points": 19, "Start_Time": "2022-10-07 17:52:15.202", "End_Time": "2022-10-07 17:52:16.369", "Start_Frame": 51, "End_Frame": 86, "Mean_Speed": 28.5, "Max_Speed": 28.8, "Vehicle_Length": 11.22, "Vehicle_Width": 3.07 }, "geometry": { "type": "LineString", "coordinates": [ [ 126.6627499, 37.3885016 ], [ 126.662727, 37.3884763 ], [ 126.6627266, 37.3884758 ], [ 126.6627236, 37.3884726 ], [ 126.6627218, 37.3884707 ], [ 126.6627195, 37.3884684 ], [ 126.6627178, 37.3884667 ], [ 126.6627153, 37.3884642 ], [ 126.6627134, 37.3884622 ], [ 126.6627118, 37.3884605 ], [ 126.6627101, 37.3884587 ], [ 126.6627015, 37.3884493 ], [ 126.6626999, 37.3884478 ], [ 126.6626988, 37.3884466 ], [ 126.6626973, 37.3884451 ], [ 126.6626951, 37.3884426 ], [ 126.6626905, 37.3884377 ], [ 126.662689, 37.3884361 ], [ 126.6626872, 37.3884344 ] ] } },
{ "type": "Feature", "properties": { "Vehicle_ID": 148, "Vehicle_Class": 0, "Num_Points": 63, "Start_Time": "2022-10-07 17:52:16.403", "End_Time": "2022-10-07 17:52:18.471", "Start_Frame": 87, "End_Frame": 149, "Mean_Speed": 21.8, "Max_Speed": 22.3, "Vehicle_Length": 5.47, "Vehicle_Width": 2.43 }, "geometry": { "type": "LineString", "coordinates": [ [ 126.6624952, 37.3879184 ], [ 126.6624962, 37.3879178 ], [ 126.6624966, 37.3879179 ], [ 126.6624972, 37.387918 ], [ 126.6624974, 37.3879185 ], [ 126.6624979, 37.3879192 ], [ 126.6624984, 37.3879201 ], [ 126.6624989, 37.3879207 ], [ 126.6624994, 37.3879214 ], [ 126.6624999, 37.3879219 ], [ 126.6625004, 37.3879224 ], [ 126.6625009, 37.387923 ], [ 126.6625015, 37.3879233 ], [ 126.6625022, 37.3879239 ], [ 126.6625031, 37.3879243 ], [ 126.6625037, 37.3879248 ], [ 126.6625042, 37.3879253 ], [ 126.6625045, 37.3879258 ], [ 126.6625055, 37.3879267 ], [ 126.662506, 37.3879275 ], [ 126.6625067, 37.3879279 ], [ 126.6625073, 37.3879285 ], [ 126.6625078, 37.387929 ], [ 126.6625085, 37.3879294 ], [ 126.6625092, 37.38793 ], [ 126.6625098, 37.3879307 ], [ 126.6625105, 37.3879313 ], [ 126.6625111, 37.3879318 ], [ 126.6625115, 37.3879322 ], [ 126.6625121, 37.3879329 ], [ 126.6625129, 37.3879341 ], [ 126.6625139, 37.3879349 ], [ 126.6625149, 37.3879361 ], [ 126.6625162, 37.3879372 ], [ 126.6625175, 37.3879385 ], [ 126.6625188, 37.3879399 ], [ 126.6625201, 37.3879413 ], [ 126.6625215, 37.3879428 ], [ 126.6625229, 37.3879442 ], [ 126.6625244, 37.3879458 ], [ 126.6625257, 37.3879471 ], [ 126.662527, 37.3879486 ], [ 126.6625283, 37.3879499 ], [ 126.6625296, 37.3879512 ], [ 126.6625309, 37.3879524 ], [ 126.6625321, 37.3879538 ], [ 126.6625335, 37.3879552 ], [ 126.6625349, 37.3879567 ], [ 126.6625362, 37.387958 ], [ 126.6625376, 37.3879594 ], [ 126.6625391, 37.3879608 ], [ 126.6625405, 37.3879621 ], [ 126.6625418, 37.3879634 ], [ 126.6625433, 37.3879648 ], [ 126.6625447, 37.3879664 ], [ 126.662546, 37.387968 ], [ 126.6625476, 37.3879696 ], [ 126.6625491, 37.3879711 ], [ 126.6625507, 37.3879727 ], [ 126.6625522, 37.387974 ], [ 126.6625538, 37.3879756 ], [ 126.6625554, 37.3879771 ], [ 126.6625571, 37.3879788 ] ] } },
{ "type": "Feature", "properties": { "Vehicle_ID": 149, "Vehicle_Class": 0, "Num_Points": 52, "Start_Time": "2022-10-07 17:52:16.769", "End_Time": "2022-10-07 17:52:18.471", "Start_Frame": 98, "End_Frame": 149, "Mean_Speed": 23.8, "Max_Speed": 23.9, "Vehicle_Length": 5.55, "Vehicle_Width": 2.33 }, "geometry": { "type": "LineString", "coordinates": [ [ 126.6625292, 37.3878978 ], [ 126.6625299, 37.387898 ], [ 126.6625308, 37.3878986 ], [ 126.6625316, 37.3878992 ], [ 126.6625323, 37.3878999 ], [ 126.6625331, 37.3879006 ], [ 126.6625334, 37.387901 ], [ 126.6625343, 37.3879017 ], [ 126.6625349, 37.3879025 ], [ 126.6625356, 37.3879031 ], [ 126.6625364, 37.3879037 ], [ 126.662537, 37.3879041 ], [ 126.6625379, 37.3879047 ], [ 126.6625384, 37.3879054 ], [ 126.662539, 37.3879062 ], [ 126.6625398, 37.3879069 ], [ 126.6625404, 37.3879075 ], [ 126.662541, 37.3879082 ], [ 126.6625417, 37.3879089 ], [ 126.6625424, 37.3879097 ], [ 126.662543, 37.3879103 ], [ 126.6625436, 37.387911 ], [ 126.6625444, 37.3879118 ], [ 126.662545, 37.3879125 ], [ 126.6625457, 37.3879132 ], [ 126.6625462, 37.3879139 ], [ 126.6625473, 37.3879151 ], [ 126.6625485, 37.3879162 ], [ 126.66255, 37.3879178 ], [ 126.6625513, 37.3879194 ], [ 126.6625527, 37.387921 ], [ 126.6625542, 37.3879226 ], [ 126.6625558, 37.3879241 ], [ 126.6625574, 37.3879256 ], [ 126.6625588, 37.3879272 ], [ 126.6625602, 37.3879286 ], [ 126.6625619, 37.3879301 ], [ 126.6625633, 37.3879317 ], [ 126.6625647, 37.3879332 ], [ 126.6625662, 37.3879347 ], [ 126.6625677, 37.3879363 ], [ 126.6625692, 37.3879378 ], [ 126.6625708, 37.3879393 ], [ 126.6625723, 37.387941 ], [ 126.6625739, 37.3879427 ], [ 126.6625753, 37.3879442 ], [ 126.6625769, 37.3879458 ], [ 126.6625785, 37.3879476 ], [ 126.6625801, 37.3879492 ], [ 126.6625817, 37.3879509 ], [ 126.6625832, 37.3879524 ], [ 126.6625847, 37.3879541 ] ] } },
{ "type": "Feature", "properties": { "Vehicle_ID": 151, "Vehicle_Class": 0, "Num_Points": 42, "Start_Time": "2022-10-07 17:52:17.103", "End_Time": "2022-10-07 17:52:18.471", "Start_Frame": 108, "End_Frame": 149, "Mean_Speed": 16.7, "Max_Speed": 16.7, "Vehicle_Length": 5.21, "Vehicle_Width": 2.27 }, "geometry": { "type": "LineString", "coordinates": [ [ 126.6625573, 37.3878806 ], [ 126.6625576, 37.3878808 ], [ 126.6625581, 37.3878812 ], [ 126.6625585, 37.3878817 ], [ 126.6625589, 37.3878822 ], [ 126.6625594, 37.3878826 ], [ 126.66256, 37.3878831 ], [ 126.6625604, 37.3878836 ], [ 126.6625608, 37.3878842 ], [ 126.6625613, 37.3878847 ], [ 126.6625618, 37.3878849 ], [ 126.6625622, 37.3878854 ], [ 126.6625628, 37.3878858 ], [ 126.6625633, 37.3878863 ], [ 126.6625634, 37.387887 ], [ 126.6625638, 37.3878873 ], [ 126.6625644, 37.3878878 ], [ 126.6625649, 37.3878882 ], [ 126.6625655, 37.3878888 ], [ 126.6625659, 37.387889 ], [ 126.6625664, 37.3878893 ], [ 126.6625669, 37.3878899 ], [ 126.6625672, 37.3878903 ], [ 126.6625678, 37.3878906 ], [ 126.6625682, 37.3878911 ], [ 126.6625686, 37.3878916 ], [ 126.6625692, 37.387892 ], [ 126.6625697, 37.3878925 ], [ 126.6625701, 37.387893 ], [ 126.6625705, 37.3878935 ], [ 126.662571, 37.387894 ], [ 126.6625713, 37.3878945 ], [ 126.6625719, 37.3878948 ], [ 126.6625724, 37.3878955 ], [ 126.662573, 37.3878962 ], [ 126.6625737, 37.387897 ], [ 126.6625743, 37.3878977 ], [ 126.662575, 37.3878987 ], [ 126.6625761, 37.3879 ], [ 126.6625772, 37.387901 ], [ 126.6625784, 37.3879021 ], [ 126.6625794, 37.3879032 ] ] } },
{ "type": "Feature", "properties": { "Vehicle_ID": 152, "Vehicle_Class": 0, "Num_Points": 38, "Start_Time": "2022-10-07 17:52:17.236", "End_Time": "2022-10-07 17:52:18.471", "Start_Frame": 112, "End_Frame": 149, "Mean_Speed": 24.4, "Max_Speed": 24.4, "Vehicle_Length": 5.45, "Vehicle_Width": 2.31 }, "geometry": { "type": "LineString", "coordinates": [ [ 126.6624695, 37.3879345 ], [ 126.6624701, 37.3879349 ], [ 126.6624706, 37.3879353 ], [ 126.6624711, 37.3879357 ], [ 126.6624719, 37.3879363 ], [ 126.6624726, 37.3879369 ], [ 126.6624735, 37.3879373 ], [ 126.6624741, 37.387938 ], [ 126.6624748, 37.3879387 ], [ 126.6624753, 37.3879393 ], [ 126.6624761, 37.3879398 ], [ 126.6624769, 37.3879403 ], [ 126.6624777, 37.3879409 ], [ 126.6624783, 37.3879415 ], [ 126.662479, 37.3879422 ], [ 126.6624796, 37.3879428 ], [ 126.6624803, 37.3879435 ], [ 126.6624809, 37.3879444 ], [ 126.6624816, 37.387945 ], [ 126.6624822, 37.3879457 ], [ 126.6624829, 37.3879464 ], [ 126.6624834, 37.3879472 ], [ 126.6624841, 37.3879481 ], [ 126.6624847, 37.3879488 ], [ 126.6624853, 37.3879494 ], [ 126.6624863, 37.3879503 ], [ 126.6624874, 37.3879514 ], [ 126.6624886, 37.3879527 ], [ 126.6624902, 37.3879541 ], [ 126.6624917, 37.3879558 ], [ 126.6624932, 37.3879575 ], [ 126.6624948, 37.3879591 ], [ 126.6624963, 37.3879606 ], [ 126.6624979, 37.3879622 ], [ 126.6624994, 37.3879638 ], [ 126.6625011, 37.3879655 ], [ 126.6625025, 37.387967 ], [ 126.6625043, 37.3879688 ] ] } },
{ "type": "Feature", "properties": { "Vehicle_ID": 153, "Vehicle_Class": 0, "Num_Points": 31, "Start_Time": "2022-10-07 17:52:17.470", "End_Time": "2022-10-07 17:52:18.471", "Start_Frame": 119, "End_Frame": 149, "Mean_Speed": 35.8, "Max_Speed": 35.8, "Vehicle_Length": 5.64, "Vehicle_Width": 2.37 }, "geometry": { "type": "LineString", "coordinates": [ [ 126.6637812, 37.3895658 ], [ 126.6637801, 37.3895649 ], [ 126.6637794, 37.3895639 ], [ 126.6637781, 37.3895625 ], [ 126.6637768, 37.3895613 ], [ 126.6637757, 37.38956 ], [ 126.6637742, 37.389559 ], [ 126.6637733, 37.3895579 ], [ 126.6637722, 37.3895567 ], [ 126.6637711, 37.3895555 ], [ 126.6637699, 37.3895544 ], [ 126.6637688, 37.3895533 ], [ 126.6637678, 37.3895521 ], [ 126.663767, 37.389551 ], [ 126.6637661, 37.3895502 ], [ 126.663765, 37.389549 ], [ 126.6637631, 37.3895471 ], [ 126.6637607, 37.389545 ], [ 126.663758, 37.3895424 ], [ 126.6637558, 37.3895402 ], [ 126.6637536, 37.3895381 ], [ 126.6637515, 37.389536 ], [ 126.6637493, 37.3895336 ], [ 126.6637469, 37.3895311 ], [ 126.6637445, 37.3895286 ], [ 126.6637424, 37.3895266 ], [ 126.6637401, 37.3895243 ], [ 126.6637377, 37.3895219 ], [ 126.6637354, 37.3895195 ], [ 126.6637327, 37.3895169 ], [ 126.6637304, 37.3895146 ] ] } },
{ "type": "Feature", "properties": { "Vehicle_ID": 154, "Vehicle_Class": 0, "Num_Points": 21, "Start_Time": "2022-10-07 17:52:17.804", "End_Time": "2022-10-07 17:52:18.471", "Start_Frame": 129, "End_Frame": 149, "Mean_Speed": null, "Max_Speed": null, "Vehicle_Length": null, "Vehicle_Width": null }, "geometry": { "type": "LineString", "coordinates": [ [ 126.663863, 37.3895156 ], [ 126.6638625, 37.3895152 ], [ 126.663862, 37.3895149 ], [ 126.6638617, 37.3895147 ], [ 126.6638613, 37.3895143 ], [ 126.6638608, 37.3895138 ], [ 126.66386, 37.3895134 ], [ 126.6638592, 37.389513 ], [ 126.6638585, 37.3895125 ], [ 126.663858, 37.3895121 ], [ 126.6638573, 37.3895117 ], [ 126.6638568, 37.3895113 ], [ 126.6638561, 37.3895107 ], [ 126.6638556, 37.3895099 ], [ 126.6638548, 37.3895092 ], [ 126.6638542, 37.3895086 ], [ 126.6638538, 37.389508 ], [ 126.6638534, 37.3895074 ], [ 126.6638527, 37.3895067 ], [ 126.6638522, 37.3895062 ], [ 126.6638517, 37.3895056 ] ] } }
]
}
